name,rating,reviews_count,category,address,location,hours,website,plus_code,phone
United Granite Works Inc.,5.0,127,Countertop store,"31 Sword St, Auburn, MA 01501",N/A,N/A,unitedgraniteworks.com,"65F9+7M Auburn, Massachusetts",(508) 752-2302
United Granite Works Inc.,5.0,127,Countertop store,"31 Sword St, Auburn, MA 01501",N/A,N/A,unitedgraniteworks.com,"65F9+7M Auburn, Massachusetts",(508) 752-2302
STONELINK MARBLE & GRANITE,4.9,134,Countertop store,"70 Fremont St, Worcester, MA 01603",N/A,N/A,stonelinkcorp.com,"65RC+G8 Worcester, Massachusetts",(508) 393-0720
J&J GRANITE INC,4.9,32,Countertop store,"940 Boston Rd, Springfield, MA 01119",N/A,N/A,jjgranitema.com,"4FQP+7P Springfield, Massachusetts",(774) 578-8781
J&J GRANITE INC,4.9,32,Countertop store,"940 Boston Rd, Springfield, MA 01119",N/A,N/A,jjgranitema.com,"4FQP+7P Springfield, Massachusetts",(774) 578-8781
Dominguez Stoneworks,5.0,79,Countertop store,"6 Old Palmer Rd, Brimfield, MA 01010",N/A,N/A,dominguezstoneworks.com,"4PCX+JR Brimfield, Massachusetts",(413) 245-1508
All Granite & Marble,4.5,105,Countertop store,"381 Worcester Rd, Charlton, MA 01507",N/A,N/A,allgranite2.com,"532F+5F Charlton, Massachusetts",(508) 248-9393
Universal Countertop,4.8,238,Countertop store,"161 Turnpike Rd, Westborough, MA 01581",N/A,N/A,universalcountertop.com,"79PP+4G Westborough, Massachusetts",(508) 329-5229
Kitchen Countertops & Cabinets,4.9,71,Countertop store,"1 Wellesley Rd, Natick, MA 01760",N/A,Closed ⋅ Opens 9AM MonSee more hours,ifoundmykitchen.com,"8M39+MH Natick, Massachusetts",(508) 655-5636
The Countertop Outlet,4.8,16,Countertop store,"20 Webster St # 2, Peabody, MA 01960",N/A,N/A,thecountertopoutlet.com,"G3HH+G9 Peabody, Massachusetts",(978) 927-5799
The Countertop Outlet,4.8,16,Countertop store,"20 Webster St # 2, Peabody, MA 01960",N/A,N/A,thecountertopoutlet.com,"G3HH+G9 Peabody, Massachusetts",(978) 927-5799
AGF Surfaces,4.9,70,Granite supplier,"10 Nashua St, Worcester, MA 01605",N/A,N/A,agfsurfaces.com,"76M2+9C Worcester, Massachusetts",(508) 757-2178
Stone Top Experts,5.0,2,Countertop contractor,"509 Washington St, Auburn, MA 01501",N/A,N/A,stonetopexperts.com,"55P7+FM Auburn, Massachusetts",(508) 713-5441
Stone Top Experts,5.0,2,Countertop contractor,"509 Washington St, Auburn, MA 01501",N/A,N/A,stonetopexperts.com,"55P7+FM Auburn, Massachusetts",(508) 713-5441
"Galaxy Granite & Marble, Inc.",4.8,54,Countertop store,"370 Hartford Turnpike, Shrewsbury, MA 01545",N/A,N/A,galaxygranite.com,"67XR+X3 Shrewsbury, Massachusetts",(508) 660-2620
"Galaxy Granite & Marble, Inc.",4.8,54,Countertop store,"370 Hartford Turnpike, Shrewsbury, MA 01545",N/A,N/A,galaxygranite.com,"67XR+X3 Shrewsbury, Massachusetts",(508) 660-2620
ES Countertops LLC,4.8,71,Granite supplier,"3 Century Way, West Springfield, MA 01089",N/A,N/A,escountertops.net,"3CX2+65 West Springfield, Massachusetts",(413) 732-8128
Countertops Unlimited,4.2,5,Countertop store,"311r West St, Ludlow, MA 01056",N/A,N/A,N/A,"5FJV+35 Ludlow, Massachusetts",(413) 750-8352
The Stone Cobblers Counters and Cabinets,4.8,40,Kitchen remodeler,"317 W Boylston St, West Boylston, MA 01583",N/A,N/A,thestonecobblers.com,"86R7+J3 West Boylston, Massachusetts",(774) 261-4445
Sterling Surfaces,4.7,16,Countertop store,"76 Leominster Rd, Sterling, MA 01564",N/A,N/A,sterlingsurfaces.com,"C6WX+WH Sterling, Massachusetts",(978) 422-3321
Sterling Surfaces,4.7,16,Countertop store,"76 Leominster Rd, Sterling, MA 01564",N/A,N/A,sterlingsurfaces.com,"C6WX+WH Sterling, Massachusetts",(978) 422-3321
Granite CountertopPro Inc.,4.9,75,Countertop store,"200 Andover St, Wilmington, MA 01887",N/A,N/A,granitecountertoppro.com,"HVQ3+R4 Wilmington, Massachusetts",(978) 203-0305
Granite CountertopPro Inc.,4.9,75,Countertop store,"200 Andover St, Wilmington, MA 01887",N/A,N/A,granitecountertoppro.com,"HVQ3+R4 Wilmington, Massachusetts",(978) 203-0305
Leo's Marble - Granite - Quartz,4.9,79,Countertop store,"Next to Overhead Door Company, 444 Central St, Leominster, MA 01453",N/A,N/A,leosgranite.com,"G66W+CG Leominster, Massachusetts",(844) 725-1760
Leo's Marble - Granite - Quartz,4.9,79,Countertop store,"Next to Overhead Door Company, 444 Central St, Leominster, MA 01453",N/A,N/A,leosgranite.com,"G66W+CG Leominster, Massachusetts",(844) 725-1760
American Dream Design,4.8,44,Kitchen remodeler,"20 Main St 2nd Floor - B, Leominster, MA 01453",N/A,N/A,americandreamdesign.net,"G6GR+R5 Leominster, Massachusetts",(978) 537-3786
L&M Marble & Granite,5.0,200,Marble supplier,"218 Worcester St Unit 5, North Grafton, MA 01536",Located in: Noel's Auto Sales Inc,N/A,lmmarbleandgranite.com,"67HH+MP North Grafton, Grafton, MA",(508) 839-6667
"EpoxyArtist-Countertops, Tables, and More",5.0,4,Countertop contractor,"541 Reservoir St, Holden, MA 01520",N/A,N/A,epoxyartistcountertops.com,"84JF+VH Holden, Massachusetts",(508) 494-6367
"EpoxyArtist-Countertops, Tables, and More",5.0,4,Countertop contractor,"541 Reservoir St, Holden, MA 01520",N/A,N/A,epoxyartistcountertops.com,"84JF+VH Holden, Massachusetts",(508) 494-6367
"EpoxyArtist-Countertops, Tables, and More",5.0,4,Countertop contractor,"541 Reservoir St, Holden, MA 01520",N/A,N/A,epoxyartistcountertops.com,"84JF+VH Holden, Massachusetts",(413) 245-4444
Magic Touch Countertops,5.0,42,Countertop store,"46 Morton St, Framingham, MA 01702",N/A,N/A,magictouchcountertops.com,"7HHW+HJ Framingham, Massachusetts",(508) 448-3535
Magic Touch Countertops,5.0,42,Countertop store,"46 Morton St, Framingham, MA 01702",N/A,N/A,magictouchcountertops.com,"7HHW+HJ Framingham, Massachusetts",(508) 448-3535
Floors & Kitchens Today,4.3,75,Flooring store,"470 Southbridge St, Auburn, MA 01501",N/A,N/A,floorsandkitchenstoday.com,"55X4+7Q Auburn, Massachusetts",(508) 762-1680
Cabinets To Go- Shrewsbury,4.8,150,Cabinet store,"600 Boston Turnpike, Shrewsbury, MA 01545",N/A,N/A,cabinetstogo.com,"77GR+GH Shrewsbury, Massachusetts",(508) 618-7841
Granite Guy Inc,5.0,140,Granite supplier,"43 Turnpike Rd, Southborough, MA 01772",N/A,N/A,graniteguyinc.com,"7FWX+98 Southborough, Massachusetts",(508) 460-7900
Granite Guy Inc,5.0,140,Granite supplier,"43 Turnpike Rd, Southborough, MA 01772",N/A,N/A,graniteguyinc.com,"7FWX+98 Southborough, Massachusetts",(508) 460-7900
"New England Custom Countertops, Inc.",4.8,12,Countertop store,"Green Building Behind House, 7 S Maple St, Westfield, MA 01085",N/A,N/A,newenglandcustomcountertops.com,"467W+MG Westfield, Massachusetts",(413) 568-0100
"New England Custom Countertops, Inc.",4.8,12,Countertop store,"Green Building Behind House, 7 S Maple St, Westfield, MA 01085",N/A,N/A,newenglandcustomcountertops.com,"467W+MG Westfield, Massachusetts",(413) 568-0100
Proline Services Inc,5.0,15,Granite supplier,"5 Industrial Park Rd W, Oxford, MA 01540",N/A,N/A,prolineserv.com,"34QM+22 Oxford, Massachusetts",(508) 407-8939
Proline Services Inc,5.0,15,Granite supplier,"5 Industrial Park Rd W, Oxford, MA 01540",N/A,N/A,prolineserv.com,"34QM+22 Oxford, Massachusetts",(508) 407-8939
Design Granites,4.8,20,Building materials store,"12 Wellington St, Webster, MA 01570",N/A,N/A,designgranites.com,"3427+6H Webster, Massachusetts",(508) 499-7271
Affordable Countertop Contractors of Worcester,N/A,N/A,Countertop contractor,"50 SW Cutoff, Worcester, MA 01604",Located in: Southwest Commons,N/A,N/A,"67Q2+QR Worcester, Massachusetts",(774) 341-5041
Affordable Countertop Contractors of Worcester,N/A,N/A,Countertop contractor,"50 SW Cutoff, Worcester, MA 01604",Located in: Southwest Commons,N/A,N/A,"67Q2+QR Worcester, Massachusetts",(774) 341-5041
Prosource of Springfield-MA,4.8,32,Home improvement store,"149 Carando Dr, Springfield, MA 01104",N/A,N/A,prosourcewholesale.com,"4FW8+8X Springfield, Massachusetts",(413) 213-2906
Prosource of Springfield-MA,4.8,32,Home improvement store,"149 Carando Dr, Springfield, MA 01104",N/A,N/A,prosourcewholesale.com,"4FW8+8X Springfield, Massachusetts",(413) 213-2906
Prosource of Springfield-MA,4.8,32,Home improvement store,"149 Carando Dr, Springfield, MA 01104",N/A,N/A,prosourcewholesale.com,"4FW8+8X Springfield, Massachusetts",(413) 213-2906
National Countertop & Cabinet,N/A,N/A,Countertop store,"34 Front St, Indian Orchard, MA 01151",N/A,N/A,N/A,"5F6V+5H Indian Orchard, Springfield, MA",(413) 543-9013
National Countertop & Cabinet,N/A,N/A,Countertop store,"34 Front St, Indian Orchard, MA 01151",N/A,N/A,N/A,"5F6V+5H Indian Orchard, Springfield, MA",(413) 543-9013
"Express Marble & Granite, Inc.",4.9,80,Countertop store,"275 Hopping Brook Rd #4, Holliston, MA 01746",N/A,N/A,expressmarblegranite.com,"5G7J+F9 Holliston, Massachusetts",(774) 233-1973
"Express Marble & Granite, Inc.",4.9,80,Countertop store,"275 Hopping Brook Rd #4, Holliston, MA 01746",N/A,N/A,expressmarblegranite.com,"5G7J+F9 Holliston, Massachusetts",(774) 233-1973
Counter Revolution Inc,5.0,5,Countertop store,"218 Willard St, Leominster, MA 01453",N/A,N/A,google.com,"F7W7+79 Leominster, Massachusetts",(978) 337-1027
Counter Revolution Inc,5.0,5,Countertop store,"218 Willard St, Leominster, MA 01453",N/A,N/A,google.com,"F7W7+79 Leominster, Massachusetts",(978) 337-1027
Counter Revolution Inc,5.0,5,Countertop store,"218 Willard St, Leominster, MA 01453",N/A,N/A,google.com,"F7W7+79 Leominster, Massachusetts",(978) 337-1027
New England Home Cabinetry LLC,5.0,7,Kitchen remodeler,"76 Lake St, Webster, MA 01570",N/A,N/A,nehcab.com,"24XG+8R Webster, Massachusetts",(508) 344-5860
New England Home Cabinetry LLC,5.0,7,Kitchen remodeler,"76 Lake St, Webster, MA 01570",N/A,N/A,nehcab.com,"24XG+8R Webster, Massachusetts",(508) 344-5860
New England Home Cabinetry LLC,5.0,7,Countertop store,"108 Clematis Ave Unit B, Waltham, MA 02453",N/A,N/A,counteredge.com,"9QMX+FX Waltham, Massachusetts",(781) 891-0050
Kitchen Design and Beyond,5.0,N/A,Kitchen remodeler,"120 W Boylston St, Worcester, MA 01606",N/A,N/A,kitchendesignandbeyond.com,"75VW+88 Worcester, Massachusetts",(508) 925-0167
Mid-State Kitchens,4.5,24,Countertop store,"479 Hartford Turnpike, Shrewsbury, MA 01545",N/A,N/A,mid-statekitchens.com,N/A,(508) 845-1083
Kitchens Plus Flooring,4.4,7,Kitchen remodeler,"50 Main St, Gardner, MA 01440",N/A,N/A,kitchensplusflooring.net,"H2G3+7W Gardner, Massachusetts",(978) 218-8039
Kitchens Plus Flooring,4.4,7,Kitchen remodeler,"50 Main St, Gardner, MA 01440",N/A,N/A,kitchensplusflooring.net,"H2G3+7W Gardner, Massachusetts",(978) 218-8039
Santo C. DeSpirt Marble & Granite,4.9,45,Granite supplier,"44 N Ramah Cir, Agawam, MA 01001",N/A,N/A,santocdespirt.com,"39P9+W7 Agawam, Massachusetts",(413) 786-7073
Santo C. DeSpirt Marble & Granite,4.9,45,Granite supplier,"44 N Ramah Cir, Agawam, MA 01001",N/A,N/A,santocdespirt.com,"39P9+W7 Agawam, Massachusetts",(413) 786-7073
"Stonegate Marble & Granite, Inc.",4.5,16,Granite supplier,"75 Worcester-Providence Turnpike, Sutton, MA 01590",N/A,N/A,stonegatemarbleandgranite.com,"5792+HR Sutton, Massachusetts",(508) 865-9800
"Stonegate Marble & Granite, Inc.",4.5,16,Granite supplier,"75 Worcester-Providence Turnpike, Sutton, MA 01590",N/A,N/A,stonegatemarbleandgranite.com,"5792+HR Sutton, Massachusetts",(508) 865-9800
Express Kitchens: Springfield,4.3,23,Cabinet store,"1780 Boston Rd, Springfield, MA 01129",N/A,N/A,expresskitchens.com,"4GW8+66 Springfield, Massachusetts",(413) 372-8696
Express Kitchens: Springfield,4.3,23,Cabinet store,"1780 Boston Rd, Springfield, MA 01129",N/A,N/A,expresskitchens.com,"4GW8+66 Springfield, Massachusetts",(413) 372-8696
Elegance Kitchen & Bath,4.9,7,Cabinet store,"329 W Main St Suite 1, Northborough, MA 01532",N/A,N/A,elegancekb.com,"884Q+CQ Northborough, Massachusetts",(888) 271-5236
Elegance Kitchen & Bath,4.9,7,Cabinet store,"329 W Main St Suite 1, Northborough, MA 01532",N/A,N/A,elegancekb.com,"884Q+CQ Northborough, Massachusetts",(888) 271-5236
Kitchen Associates,4.6,25,Kitchen remodeler,"76 Leominster Rd, Sterling, MA 01564",Located in: Sterling Surfaces,N/A,kitchenassociates.com,"C6XX+28 Sterling, Massachusetts",(978) 422-3322
Kitchen Associates,4.6,25,Kitchen remodeler,"76 Leominster Rd, Sterling, MA 01564",Located in: Sterling Surfaces,N/A,kitchenassociates.com,"C6XX+28 Sterling, Massachusetts",(978) 422-3322
Kitchen Associates,4.6,25,Kitchen remodeler,"76 Leominster Rd, Sterling, MA 01564",Located in: Sterling Surfaces,N/A,kitchenassociates.com,"C6XX+28 Sterling, Massachusetts",(978) 422-3322
Kitchen Design and Beyond,5.0,N/A,Kitchen remodeler,"120 W Boylston St, Worcester, MA 01606",N/A,N/A,kitchendesignandbeyond.com,"75VW+88 Worcester, Massachusetts",(508) 925-0167
Kitchen Design and Beyond,5.0,N/A,Kitchen remodeler,"120 W Boylston St, Worcester, MA 01606",N/A,N/A,kitchendesignandbeyond.com,"75VW+88 Worcester, Massachusetts",(508) 925-0167
The Home Depot,4.2,927,Home improvement store,"99 Sutton Ave, Oxford, MA 01540",N/A,Closed ⋅ Opens 8AMSee more hours,homedepot.com,"446X+PP Oxford, Massachusetts",(508) 987-2151
The Home Depot,4.2,927,Home improvement store,"99 Sutton Ave, Oxford, MA 01540",N/A,Closed ⋅ Opens 8AMSee more hours,homedepot.com,"446X+PP Oxford, Massachusetts",(508) 987-2151
Worcester Marble & Granite,4.7,38,Granite supplier,"315 N Main St, Middleton, MA 01949",N/A,N/A,wmgtops.com,"JWCX+66 Middleton, Massachusetts",(978) 767-8353
Worcester Marble & Granite,4.7,38,Granite supplier,"315 N Main St, Middleton, MA 01949",N/A,N/A,wmgtops.com,"JWCX+66 Middleton, Massachusetts",(978) 767-8353
"Whitco Sales, Inc.",4.5,472,Appliance store,"140 Main St, Spencer, MA 01562",N/A,N/A,whitcosales.com,"62V4+F9 Spencer, Massachusetts",(508) 885-9343
"Whitco Sales, Inc.",4.5,472,Appliance store,"140 Main St, Spencer, MA 01562",N/A,N/A,whitcosales.com,"62V4+F9 Spencer, Massachusetts",(508) 885-9343
"Whitco Sales, Inc.",4.5,472,Appliance store,"15 Railroad Ave #1, Wilbraham, MA 01095",N/A,N/A,kitchen-encounters.com,"5H39+6H Wilbraham, Massachusetts",(413) 596-6535
The Home Depot,4.2,1630,Home improvement store,"135 Commercial Rd, Leominster, MA 01453",N/A,Closed ⋅ Opens 8AMSee more hours,homedepot.com,"G7F6+W2 Leominster, Massachusetts",(978) 840-0800
The Home Depot,4.2,1630,Home improvement store,"135 Commercial Rd, Leominster, MA 01453",N/A,Closed ⋅ Opens 8AMSee more hours,homedepot.com,"G7F6+W2 Leominster, Massachusetts",(978) 840-0800
Miracle Method of Western Mass,5.0,3,Countertop store,"33 Grattan St, Chicopee, MA 01020",N/A,N/A,miraclemethod.com,"5C68+8Q Chicopee, Massachusetts",(413) 589-0769
Miracle Method of Western Mass,5.0,3,Countertop store,"33 Grattan St, Chicopee, MA 01020",N/A,N/A,miraclemethod.com,"5C68+8Q Chicopee, Massachusetts",(413) 589-0769
Kitchen Views,4.3,3,Cabinet store,"25 Central St, Berlin, MA 01503",N/A,N/A,kitchenviews.com,"99J7+9R Berlin, Massachusetts",(978) 838-0810
Kitchen Views,4.3,3,Cabinet store,"25 Central St, Berlin, MA 01503",N/A,N/A,kitchenviews.com,"99J7+9R Berlin, Massachusetts",(978) 838-0810
Granite Brothers Westborough,N/A,N/A,Granite supplier,"29 Bluff St, Worcester, MA 01610",N/A,N/A,thegranitebrothers.com,"755J+J9 Worcester, Massachusetts",(508) 925-0431
Granite Brothers Westborough,N/A,N/A,Granite supplier,"29 Bluff St, Worcester, MA 01610",N/A,N/A,thegranitebrothers.com,"755J+J9 Worcester, Massachusetts",(508) 925-0431
The Home Depot,4.1,614,Home improvement store,"350 Russell St, Hadley, MA 01035",N/A,Closed ⋅ Opens 8AMSee more hours,homedepot.com,"9C5X+W5 Hadley, Massachusetts",(413) 587-2790
The Home Depot,4.1,614,Home improvement store,"350 Russell St, Hadley, MA 01035",N/A,Closed ⋅ Opens 8AMSee more hours,homedepot.com,"9C5X+W5 Hadley, Massachusetts",(413) 587-2790
Classic Kitchens & Baths,5.0,10,Cabinet store,"20 Colrain St, Greenfield, MA 01301",N/A,N/A,classic-kitchens.com,"H9PQ+MV Greenfield, Massachusetts",(413) 774-4714
Classic Kitchens & Baths,5.0,10,Cabinet store,"20 Colrain St, Greenfield, MA 01301",N/A,N/A,classic-kitchens.com,"H9PQ+MV Greenfield, Massachusetts",(413) 774-4714
"L & R Sales, Inc.",4.6,16,Construction equipment supplier,"1040 Southbridge St, Worcester, MA 01610",N/A,N/A,landrsales.com,"65JJ+7M Worcester, Massachusetts",(800) 252-8671
"L & R Sales, Inc.",4.6,16,Construction equipment supplier,"1040 Southbridge St, Worcester, MA 01610",N/A,N/A,landrsales.com,"65JJ+7M Worcester, Massachusetts",(800) 252-8671
The Home Depot,4.2,1127,Home improvement store,"2001 Boston Rd, Wilbraham, MA 01095",Located in: Stony Hill Plaza Shopping Center,Closed ⋅ Opens 8AMSee more hours,homedepot.com,"4GXG+5H Wilbraham, Massachusetts",(413) 543-8100
The Home Depot,4.2,1127,Home improvement store,"2001 Boston Rd, Wilbraham, MA 01095",Located in: Stony Hill Plaza Shopping Center,Closed ⋅ Opens 8AMSee more hours,homedepot.com,"4GXG+5H Wilbraham, Massachusetts",(413) 543-8100
"CORE Remodeling Services, Inc.",4.9,59,Kitchen remodeler,"41 Boylston St, Worcester, MA 01605",N/A,N/A,coreremodelingservices.com,"862M+9X Worcester, Massachusetts",(888) 959-2673
"CORE Remodeling Services, Inc.",4.9,59,Kitchen remodeler,"41 Boylston St, Worcester, MA 01605",N/A,N/A,coreremodelingservices.com,"862M+9X Worcester, Massachusetts",(888) 959-2673
Renovators Supply Manufacturing,3.9,41,Hardware store,"1 River St, Erving, MA 01344",N/A,N/A,rensup.com,"HGJ2+HM Erving, Massachusetts",(800) 659-2211
Bridgers Construction,5.0,7,General contractor,"9 Boynton Pkwy, Paxton, MA 01612",N/A,N/A,N/A,"74P9+52 Paxton, Massachusetts",(774) 262-3904
Bridgers Construction,5.0,7,General contractor,"9 Boynton Pkwy, Paxton, MA 01612",N/A,N/A,N/A,"74P9+52 Paxton, Massachusetts",(774) 262-3904
Bridgers Construction,5.0,7,General contractor,"9 Boynton Pkwy, Paxton, MA 01612",N/A,N/A,N/A,"74P9+52 Paxton, Massachusetts",(774) 262-3904
Howe Lumber,4.5,76,Lumber store,"225 W Main St, East Brookfield, MA 01515",N/A,N/A,howelumber.com,"6WFQ+7V East Brookfield, Massachusetts",(508) 885-5396
Howe Lumber,4.5,76,Lumber store,"225 W Main St, East Brookfield, MA 01515",N/A,N/A,howelumber.com,"6WFQ+7V East Brookfield, Massachusetts",(508) 885-5396
JM Remodeling,4.2,5,General contractor,"24 Scenic Dr, Worcester, MA 01602",N/A,N/A,jm-remodeling.com,"74J9+JW Worcester, Massachusetts",(508) 987-3817
Dave's Appliance Inc,4.0,47,Appliance store,"42 W Main St, Brookfield, MA 01506",N/A,N/A,davesapp.com,N/A,(508) 867-3122
The Goods Bakery & Cafe,4.8,49,Bakery,"320 Main St, Spencer, MA 01562",N/A,N/A,thegoodsbakerycafe.com,"722F+G8 Spencer, Massachusetts",(774) 745-0357
The Goods Bakery & Cafe,4.8,49,Bakery,"320 Main St, Spencer, MA 01562",N/A,N/A,thegoodsbakerycafe.com,"722F+G8 Spencer, Massachusetts",(774) 745-0357
The Goods Bakery & Cafe,4.8,49,Bakery,"320 Main St, Spencer, MA 01562",N/A,N/A,thegoodsbakerycafe.com,"722F+G8 Spencer, Massachusetts",(774) 745-0357
The Goods Bakery & Cafe,4.8,49,Bakery,"320 Main St, Spencer, MA 01562",N/A,N/A,thegoodsbakerycafe.com,"722F+G8 Spencer, Massachusetts",(774) 745-0357
Sentry Oil Inc,5.0,31,Heating contractor,"13 Pommogussett Rd, Rutland, MA 01543",N/A,N/A,sentryoil.com,"92HV+7H Rutland, Massachusetts",(508) 886-4337
