name,rating,reviews_count,category,address,location,hours,website,plus_code,phone
Altitude Roofing,5.0,35,Roofing contractor,"241 Wildwood Ave, Worcester, MA 01603",N/A,N/A,altituderoofingma.com,"742V+99 Worcester, Massachusetts",(508) 963-7794
A & G Gutters,4.9,94,Gutter cleaning service,"8 Frankie Ln, North Grafton, MA 01536",N/A,N/A,allengleasongutters.com,"68F4+FQ North Grafton, Grafton, MA",(978) 770-4382
A & G Gutters,4.9,94,Gutter cleaning service,"8 Frankie Ln, North Grafton, MA 01536",N/A,N/A,allengleasongutters.com,"68F4+FQ North Grafton, Grafton, MA",(978) 770-4382
"Golden Gutters, Roofing & Siding",4.9,177,Gutter service,"23 Harback Rd, Sutton, MA 01590",N/A,N/A,goldengutterconstruction.com,"5794+6Q Sutton, Massachusetts",(774) 703-4153
Fox Gutter Cleaning Inc,4.5,114,Gutter cleaning service,"39A Hartford Turnpike, Shrewsbury, MA 01545",N/A,N/A,foxguttercleaning.com,"67V6+WC Shrewsbury, Massachusetts",(781) 995-0185
Countryside Seamless Rain Gutters,5.0,6,Gutter cleaning service,"144 Stafford St, Charlton, MA 01507",N/A,N/A,N/A,"526M+3J Charlton, Massachusetts",(508) 248-4320
J&M Pressure LP,5.0,41,Pressure washing service,"22 Condon Dr, Spencer, MA 01562",N/A,N/A,jmpressurelp.com,"6XGJ+WV Spencer, Massachusetts",(774) 535-6192
The Brothers that just do Gutters,5.0,58,Gutter service,"41 Brigham St #1, Marlborough, MA 01752",N/A,N/A,brothersgutters.com,"8FJ4+RR Marlborough, Massachusetts",(978) 243-0543
UNIVERSE GUTTERS INC.,5.0,24,Gutter service,"2 Royal Crest Dr #12, Marlborough, MA 01752",N/A,Open 24 hoursSee more hours,universeguttersinc.com,"9F48+7H Marlborough, Massachusetts",(508) 904-8902
UNIVERSE GUTTERS INC.,5.0,24,Gutter service,"2 Royal Crest Dr #12, Marlborough, MA 01752",N/A,Open 24 hoursSee more hours,universeguttersinc.com,"9F48+7H Marlborough, Massachusetts",(508) 904-8902
All Gutters Inc,5.0,21,Gutter service,"X449, Boston Post Rd E, Marlborough, MA 01752",Located in: Longfellow Plaza Laundromat,N/A,allgutterinc.com,"8FXV+PF Marlborough, Massachusetts",(508) 970-5717
All Gutters Inc,5.0,21,Gutter service,"X449, Boston Post Rd E, Marlborough, MA 01752",Located in: Longfellow Plaza Laundromat,N/A,allgutterinc.com,"8FXV+PF Marlborough, Massachusetts",(508) 970-5717
Greenwood Industries Inc,4.4,12,Gutter cleaning service,"50 Howe Ave, Millbury, MA 01527",N/A,N/A,N/A,"56XV+34 Millbury, Massachusetts",(508) 872-3636
Greenwood Industries Inc,4.4,12,Gutter cleaning service,"50 Howe Ave, Millbury, MA 01527",N/A,N/A,N/A,"56XV+34 Millbury, Massachusetts",(508) 872-3636
Worcester's Pro Roofing,5.0,6,Roofing contractor,"6 Lund St, Worcester, MA 01607",N/A,N/A,N/A,"66R4+H7 Worcester, Massachusetts",(508) 242-1597
Capitol Siding & Home Improvement Co. Inc.,4.7,28,Siding contractor,"30 Auburn St, Auburn, MA 01501",N/A,N/A,capitolsiding.com,"6539+X3 Auburn, Massachusetts",(508) 832-5981
Capitol Siding & Home Improvement Co. Inc.,4.7,28,Siding contractor,"30 Auburn St, Auburn, MA 01501",N/A,N/A,capitolsiding.com,"6539+X3 Auburn, Massachusetts",(508) 832-5981
Gutter Queen,4.8,17,Gutter cleaning service,"576 Boston Post Rd E Suite I-A, Marlborough, MA 01752",N/A,N/A,thegutterqueen.com,"8FXV+G2 Marlborough, Massachusetts",(978) 212-3004
Third Generation Window & Gutter Cleaning,5.0,562,Window cleaning service,"1 Lanes End, Framingham, MA 01702",N/A,N/A,thirdgenerationwindowsandgutters.com,"7GJX+M2 Framingham, Massachusetts",(508) 661-9100
Third Generation Window & Gutter Cleaning,5.0,562,Window cleaning service,"1 Lanes End, Framingham, MA 01702",N/A,N/A,thirdgenerationwindowsandgutters.com,"7GJX+M2 Framingham, Massachusetts",(508) 661-9100
AmeriGutter Seamless Gutters & Gutter Guards,4.3,8,Gutter cleaning service,"1 Main St, Webster, MA 01570",N/A,N/A,amerigutter.com,"24X7+P7 Webster, Massachusetts",(508) 949-8701
AmeriGutter Seamless Gutters & Gutter Guards,4.3,8,Gutter cleaning service,"1 Main St, Webster, MA 01570",N/A,N/A,amerigutter.com,"24X7+P7 Webster, Massachusetts",(508) 949-8701
Local Gutter Guys,5.0,16,Gutter cleaning service,"130 Cedar St, Milford, MA 01757",N/A,N/A,localgutterguys.com,"5F7R+5C Milford, Massachusetts",N/A
A Affordable Window Cleaning,4.7,12,Window cleaning service,"14 Willow St, Worcester, MA 01603",N/A,N/A,N/A,"7548+WQ Worcester, Massachusetts",(508) 769-5921
A Affordable Window Cleaning,4.7,12,Window cleaning service,"14 Willow St, Worcester, MA 01603",N/A,N/A,N/A,"7548+WQ Worcester, Massachusetts",(508) 769-5921
"NT General Services & Gutter Cleaning, Window Cleaning, Christmas light",5.0,27,Gutter cleaning service,"42 Arnold St, Marlborough, MA 01752",N/A,N/A,ntgeneralservices.com,"8CWP+G3 Marlborough, Massachusetts",(774) 464-1543
Natarelli & Son Roofing and Gutters,5.0,42,Roofing contractor,"6 Austin Way, Natick, MA 01760",N/A,N/A,natarelliandsonroofing.com,N/A,(508) 509-5128
B. A. Harris Seamless Gutter,4.3,31,Gutter cleaning service,"4 Renmar Ave Unit 3, Walpole, MA 02081",N/A,N/A,gottahgettahguttah.com,"4PPH+X6 Walpole, Massachusetts",(833) 488-8247
B. A. Harris Seamless Gutter,4.3,31,Gutter cleaning service,"4 Renmar Ave Unit 3, Walpole, MA 02081",N/A,N/A,vigguttersandmore.com,N/A,(774) 262-0898
Adia Power washing,5.0,33,Pressure washing service,"5 Hillcrest Dr, Oxford, MA 01540",N/A,N/A,adiawashing.com,N/A,(774) 242-1581
David Barbale | Auburn Roofing Contractors,5.0,36,Roofing contractor,"13 Phoenix Rd, Auburn, MA 01501",N/A,N/A,davidbarbale.com,"54FJ+RG Auburn, Massachusetts",(508) 248-6709
Global Metal Roofing & Gutters,5.0,3,Roofing contractor,"10 Newton Ave, Oxford, MA 01540",N/A,N/A,globalmetalroofing.com,"44QM+3V Oxford, Massachusetts",(774) 289-0563
Excel Copper Works,4.7,28,Metal construction company,"38 Sunset Ave, Oxford, MA 01540",N/A,N/A,excelcopperworks.com,"442G+77 Oxford, Massachusetts",(508) 341-5300
Excel Copper Works,4.7,28,Metal construction company,"38 Sunset Ave, Oxford, MA 01540",N/A,N/A,excelcopperworks.com,"442G+77 Oxford, Massachusetts",(508) 341-5300
AG Home Improvement Inc,4.9,28,Siding contractor,"93 Boylston Cir, Shrewsbury, MA 01545",N/A,N/A,agsidingandroofing.com,"874J+Q7 Shrewsbury, Massachusetts",(508) 922-9615
AG Home Improvement Inc,4.9,28,Siding contractor,"93 Boylston Cir, Shrewsbury, MA 01545",N/A,N/A,agsidingandroofing.com,"874J+Q7 Shrewsbury, Massachusetts",(508) 922-9615
"Shine Construction, Inc.",5.0,150,Roofing contractor,"301 N Main St, Uxbridge, MA 01569",N/A,N/A,shineconstructioninc.com,"39Q5+R4 Uxbridge, Massachusetts",(508) 278-3300
"Shine Construction, Inc.",5.0,150,Roofing contractor,"301 N Main St, Uxbridge, MA 01569",N/A,N/A,shineconstructioninc.com,"39Q5+R4 Uxbridge, Massachusetts",(508) 278-3300
Rueli's Gutter Solutions,N/A,N/A,Gutter service,"120 W Main St Suite B, Spencer, MA 01562",N/A,N/A,ruelisguttersolutions.com,"6XJG+VJ Spencer, Massachusetts",(774) 745-8000
Rueli's Gutter Solutions,N/A,N/A,Gutter service,"120 W Main St Suite B, Spencer, MA 01562",N/A,N/A,ruelisguttersolutions.com,"6XJG+VJ Spencer, Massachusetts",(774) 745-8000
AAA Sparkling Window & Gutter Cleaning,4.6,23,Window cleaning service,"158 Prospect St, Waltham, MA 02452",N/A,N/A,aaasparkling.com,"9QC3+6J Waltham, Massachusetts",(617) 924-3653
AAA Sparkling Window & Gutter Cleaning,4.6,23,Window cleaning service,"158 Prospect St, Waltham, MA 02452",N/A,N/A,aaasparkling.com,"9QC3+6J Waltham, Massachusetts",(617) 924-3653
Gutter Pro Enterprises,4.7,14,Gutter cleaning service,"275 Grove St, Auburndale, MA 02466",Located in: Riverside Center,N/A,gutterpro.com,N/A,(617) 762-4099
Gutter Pro Enterprises,4.7,14,Gutter cleaning service,"275 Grove St, Auburndale, MA 02466",N/A,N/A,gutterpro.com,"8PQW+GW Auburndale, Newton, MA",(617) 762-4099
Gutter Pro Enterprises,4.7,14,Gutter cleaning service,"275 Grove St, Auburndale, MA 02466",N/A,N/A,gutterpro.com,"8PQW+GW Auburndale, Newton, MA",(617) 762-4099
"Scott's Siding & Remodeling Co., Inc.",4.8,41,Siding contractor,"70 James St #127a, Worcester, MA 01603",N/A,N/A,scottssidingandremodeling.com,"65J2+Q3 Worcester, Massachusetts",(508) 752-3388
Holy Gutters,N/A,N/A,Cleaners,"11 Shannon St, Worcester, MA 01604",N/A,N/A,holygutters.com,"7626+88 Worcester, Massachusetts",(978) 398-3464
KDG Seamless Installations,N/A,N/A,Gutter cleaning service,"521 Main St, Cherry Valley, MA 01611",N/A,N/A,N/A,"64Q7+XM Cherry Valley, Leicester, MA",(508) 340-9636
KDG Seamless Installations,N/A,N/A,Gutter cleaning service,"521 Main St, Cherry Valley, MA 01611",N/A,N/A,N/A,"64Q7+XM Cherry Valley, Leicester, MA",(508) 340-9636
Northeastern Soft Wash,5.0,10,Pressure washing service,"Creswell Rd, Worcester, MA 01602",N/A,N/A,northeasternlysoftwash.com,"75FC+56 Worcester, Massachusetts",N/A
Sarah's Window Cleaning and Gutters,N/A,N/A,Window cleaning service,"3 May St, Worcester, MA 01610",Located in: PennyWise Check Cashing,N/A,sarahswindowcleaningandgutters.com,N/A,(774) 314-5170
Igor's Construction,5.0,79,Siding contractor,"419 Burncoat St, Worcester, MA 01606",N/A,N/A,igorsconstruction.com,"8686+23 Worcester, Massachusetts",(508) 889-4331
Y&A Attic Insulation & Roofing Services,4.7,15,Roofing contractor,"340 Main St, Worcester, MA 01608",N/A,N/A,N/A,"758X+45 Worcester, Massachusetts",(339) 232-6413
Markopoulos Roofing,5.0,10,Roofing contractor,"347 Chandler St Ste A, Worcester, MA 01602",N/A,N/A,markopoulosroofing.com,"757C+4X Worcester, Massachusetts",(774) 437-2313
Markopoulos Roofing,5.0,10,Roofing contractor,"347 Chandler St Ste A, Worcester, MA 01602",N/A,N/A,markopoulosroofing.com,"757C+4X Worcester, Massachusetts",(774) 437-2313
Markopoulos Roofing,5.0,10,Roofing contractor,"347 Chandler St Ste A, Worcester, MA 01602",N/A,N/A,markopoulosroofing.com,"757C+4X Worcester, Massachusetts",(774) 437-2313
"Koopman Lumber and Hardware, North Grafton",4.7,196,Hardware store,"82 Worcester St, North Grafton, MA 01536",N/A,N/A,koopmanlumber.com,"6884+QF North Grafton, Grafton, MA",(508) 839-6526
"Koopman Lumber and Hardware, North Grafton",4.7,196,Gutter cleaning service,"93 S Washington St Unit 3, North Attleborough, MA 02760",N/A,N/A,nedstevens.com,"XMH8+M8 North Attleborough, Massachusetts",(888) 616-3307
Ned Stevens Gutter Cleaning,4.0,17,Gutter cleaning service,"93 S Washington St Unit 3, North Attleborough, MA 02760",N/A,N/A,nedstevens.com,"XMH8+M8 North Attleborough, Massachusetts",(888) 616-3307
Collazo Home Improvements & Property Maintenance LLC,4.9,118,Handyman/Handywoman/Handyperson,"14 Marconi Rd, Worcester, MA 01606",N/A,N/A,collazohomeimprovementllc.com,"857P+3C Worcester, Massachusetts",(774) 289-7242
Collazo Home Improvements & Property Maintenance LLC,4.9,118,Handyman/Handywoman/Handyperson,"14 Marconi Rd, Worcester, MA 01606",N/A,N/A,collazohomeimprovementllc.com,"857P+3C Worcester, Massachusetts",(774) 289-7242
The Home Depot,4.0,1480,Home improvement store,"130 Gold Star Blvd, Worcester, MA 01606",N/A,Closed ⋅ Opens 6AM FriSee more hours,homedepot.com,"75RX+PP Worcester, Massachusetts",(508) 852-6260
Northeast Home & Energy,4.9,183,Roofing contractor,"21 N Main St, North Grafton, MA 01536",N/A,N/A,northeast-home.com,"67JR+CM North Grafton, Grafton, MA",(508) 839-7001
Northeast Home & Energy,4.9,183,Roofing contractor,"21 N Main St, North Grafton, MA 01536",N/A,N/A,northeast-home.com,"67JR+CM North Grafton, Grafton, MA",(508) 839-7001
Hemlock Roofing,5.0,117,Roofing contractor,"2 Richmond Ave apt 2R, Worcester, MA 01602",N/A,N/A,hemlockroofingco.com,"75F9+9J Worcester, Massachusetts",(774) 418-3724
On Top Roofing,4.9,79,Roofing contractor,"45 River St, Millbury, MA 01527",N/A,N/A,otroofing.com,"56VM+3H Millbury, Massachusetts",(508) 299-7663
