name,rating,reviews_count,category,address,location,hours,website,plus_code,phone
ERC Inc. - Egama Roofing Corp.,5.0,93,Roofing contractor,"769 Waverly St, Framingham, MA 01702",N/A,N/A,egamaroofing.net,"7HFC+32 Framingham, Massachusetts",(508) 808-3523
Universal Roofing Inc,4.9,120,Roofing contractor,"763 Waverly St, Framingham, MA 01702",N/A,N/A,universalroofingma.com,"7HFC+93 Framingham, Massachusetts",N/A
TekRoof,4.9,57,Roofing contractor,"169 Lyman Rd, Berlin, MA 01503",N/A,N/A,tekroof.com,"987W+72 Berlin, Massachusetts",(833) 835-7663
TekRoof,4.9,57,Roofing contractor,"169 Lyman Rd, Berlin, MA 01503",N/A,N/A,tekroof.com,"987W+72 Berlin, Massachusetts",(833) 835-7663
H&R ROOFING,5.0,146,Roofing contractor,"20 Cedar St, Framingham, MA 01702",N/A,N/A,hr-roofing.com,"7HFH+XV Framingham, Massachusetts",(508) 348-4348
C&K Roofing & General Contracting Inc,4.9,129,General contractor,"25 Woodrow St, Hudson, MA 01749",N/A,N/A,ckroofingne.com,"9FR3+M5 Hudson, Massachusetts",(781) 518-3456
ERC Inc. - Egama Roofing Corp.,5.0,93,Roofing contractor,"769 Waverly St, Framingham, MA 01702",N/A,N/A,egamaroofing.net,"7HFC+32 Framingham, Massachusetts",(508) 808-3523
Evangelous Roofing,4.8,56,Roofing contractor,"128 S Bolton St, Marlborough, MA 01752",N/A,N/A,southbororoofing.com,"8FV4+HH Marlborough, Massachusetts",(508) 400-0380
Evangelous Roofing,4.8,56,Roofing contractor,"128 S Bolton St, Marlborough, MA 01752",N/A,N/A,southbororoofing.com,"8FV4+HH Marlborough, Massachusetts",(508) 400-0380
AD Roofing and Siding Experts,5.0,21,Roofing contractor,"22 Lilian Rd, Framingham, MA 01701",N/A,N/A,adroofing-siding.com,"8H3C+VV Framingham, Massachusetts",(857) 404-1689
CF Brothers Roofing,4.9,10,Roofing contractor,"58 Ruth Ellen Rd, Holliston, MA 01746",N/A,N/A,reliableroofingnow.com,"6HG5+4V Holliston, Massachusetts",(508) 603-6242
Lifetime Roofing,4.9,72,Roofing contractor,"337 Boston Post Rd, Sudbury, MA 01776",N/A,N/A,lifetimeroofingma.com,"9H6P+HC Sudbury, Massachusetts",(781) 757-2482
"Four Brothers Roofing, Siding & Gutter Contractor Inc.",5.0,11,Roofing contractor,"23 Pamela Rd, Framingham, MA 01701",N/A,N/A,fourbrotherscontractors.com,"8HGF+JQ Framingham, Massachusetts",(508) 424-8158
Classic Metal Roofs,4.8,87,Roofing contractor,"156 Northboro Rd A7, Southborough, MA 01772",N/A,N/A,classicmetalroofs.com,"8C7G+F2 Southborough, Massachusetts",(978) 562-7770
Golvier Roofers,5.0,2,Roofing contractor,"56 Cherry St, Hudson, MA 01749",N/A,N/A,N/A,"9CRV+P3 Hudson, Massachusetts",(351) 345-4282
Golden Group Roofing & Solar,5.0,157,Roofing contractor,"276 Turnpike Rd Suite 223, Westborough, MA 01581",N/A,N/A,goldengrouproofing.com,"79J4+W7 Westborough, Massachusetts",(508) 873-1884
Landmark Roofing,4.6,25,Roofing contractor,"44 Morton St, Framingham, MA 01702",N/A,N/A,landmarkroofing.com,"7HHW+JF Framingham, Massachusetts",(617) 965-7663
Northeast Home & Energy,4.9,183,Roofing contractor,"21 N Main St, North Grafton, MA 01536",N/A,N/A,northeast-home.com,"67JR+CM North Grafton, Grafton, MA",(508) 839-7001
Atlantic Roofing Company LLC,4.7,14,Roofing contractor,"18 Stratton Rd, Hudson, MA 01749",N/A,N/A,atlanticroofingmass.com,"CC3Q+P8 Hudson, Massachusetts",(508) 263-0577
Tunnera Roofing,3.9,7,Roofing contractor,"23 Barnes Cir, Marlborough, MA 01752",N/A,N/A,tunneraandsonsroofing.com,"9C3W+7R Marlborough, Massachusetts",(508) 624-9956
Watertight pro Roofing and Skylights,4.8,40,Roofing contractor,"132 Kendall St, Framingham, MA 01702",N/A,N/A,watertight.pro,"7HHP+GF Framingham, Massachusetts",(508) 816-7888
WS Roofing Services in Massachusetts,5.0,10,Roofing contractor,"26 River St, Marlborough, MA 01752",N/A,N/A,wsconstructionroofing.com,"8FP5+2R Marlborough, Massachusetts",(774) 688-4629
"Advanced Roofing, Siding and Windows Inc.",4.8,26,Roofing contractor,"576 Boston Post Road E Suite I-B, 576 Boston Post Rd E suite b, Marlborough, MA 01752",N/A,N/A,goadvancedsiding.com,"8FXV+G2 Marlborough, Massachusetts",(978) 440-5020
"ProSense Roofing, Inc",5.0,71,Roofing contractor,"322 Boston Post Rd, Sudbury, MA 01776",N/A,N/A,prosenseroofing.com,"9H6Q+Q2 Sudbury, Massachusetts",(978) 440-7600
Landmark Roofing,4.5,4,Roofing contractor,"11 Magnolia St, Framingham, MA 01701",N/A,N/A,landmarkroofing.com,"8H3Q+RJ Framingham, Massachusetts",(617) 965-7663
Loyalty Exterior Roofing Solutions,4.4,14,Roofing contractor,"729 Farm Rd, Marlborough, MA 01752",N/A,N/A,loyaltyroofingsolutions.com,"8FVQ+XR Marlborough, Massachusetts",(508) 456-5679
Re-Roof,5.0,13,Roofing contractor,"14 Brent Dr, Hudson, MA 01749",N/A,N/A,reroofus.com,"9FQR+7X Hudson, Massachusetts",(617) 416-9773
"UBrothers Construction: Siding, Roofing, Doors and Windows, Decks",4.9,341,Siding contractor,"6 Temple St, Framingham, MA 01702",N/A,N/A,ubrothersconstruction.com,"7HW2+CH Framingham, Massachusetts",(800) 984-2667
Clay Borglund Roofing,5.0,3,Roofing contractor,"105 Flanders Rd, Westborough, MA 01581",N/A,N/A,N/A,"7CGC+42 Westborough, Massachusetts",(508) 836-5455
Golden Group Roofing & Solar,5.0,51,Roofing contractor,"43 Broad St suite C 404, Hudson, MA 01749",N/A,N/A,goldengrouproofing.com,"9CQP+H6 Hudson, Massachusetts",(508) 873-1884
Garpelli Home Improvement,5.0,18,Roofing contractor,"11 Apex Dr, Marlborough, MA 01752",N/A,N/A,garpellihomeimprovement.com,"8CQ8+P9 Marlborough, Massachusetts",(508) 596-4296
Shrewsbury Siding & Roofing Co,4.0,N/A,Roofing contractor,"600 Lake St, Shrewsbury, MA 01545",N/A,N/A,N/A,"67XC+WC Shrewsbury, Massachusetts",(508) 798-0633
CPR ROOFING,5.0,82,Roofing contractor,"202 N Quinsigamond Ave, Shrewsbury, MA 01545",N/A,N/A,cprroofingma.com,"76QW+7F Shrewsbury, Massachusetts",(774) 214-6744
Patrick Glynn Roofing LLC,5.0,21,Roofing contractor,"18 Woodland Rd, Shrewsbury, MA 01545",N/A,N/A,pglynnroofing.com,"77QP+9P Shrewsbury, Massachusetts",(774) 292-9689
Harry's Construction Inc.,4.7,13,Roofing contractor,"561 Boston Post Rd E Suite 2, Marlborough, MA 01752",N/A,N/A,harrysconstructionma.com,"8FXV+53 Marlborough, Massachusetts",(978) 719-1053
Richard Roofing,4.0,4,Roofing contractor,"365 Green St, Northborough, MA 01532",N/A,N/A,richardroofing.com,"88XF+PW Northborough, Massachusetts",(508) 485-7332
Mr Cat Roofer,4.4,7,Roofing contractor,"924 Concord St, Framingham, MA 01701",N/A,N/A,mrcatconstruction.com,"8H3V+GX Framingham, Massachusetts",(508) 875-5007
"US Siding & Roofing - The best choice for Siding, Roofing, Paint and Windows",4.9,60,Roofing contractor,"357 Boston Post Rd, Sudbury, MA 01776",N/A,N/A,ussiding.net,"9H6M+QQ Sudbury, Massachusetts",(508) 761-0811
United Home Experts,4.8,444,Roofing contractor,"60 Pleasant St #1, Ashland, MA 01721",Located in: MetroWest Design Center,N/A,unitedhomeexperts.com,"7G6J+C3 Ashland, Massachusetts",(508) 881-8555
KSB Roofing,5.0,6,Roofing contractor,"71 Baldwin Ave, Framingham, MA 01701",N/A,N/A,ksbconstructionma.com,"8HP7+9W Framingham, Massachusetts",(978) 201-2153
Tiger Roofing Corp,5.0,2,Roofing contractor,"12 George St, Framingham, MA 01702",N/A,N/A,tigerroofingcorp.com,"7H9J+37 Framingham, Massachusetts",(508) 808-4845
Brothers Roofing,5.0,9,Roofing contractor,"1071 Worcester Rd #42, Framingham, MA 01701",N/A,N/A,brothersroof.us,"8H25+26 Framingham, Massachusetts",(781) 579-9089
"Choice Home Improvement, Inc.",5.0,N/A,Roofing contractor,"61 Florence St, Marlborough, MA 01752",N/A,N/A,allweathertite.com,"8FV2+RM Marlborough, Massachusetts",(508) 303-8483
Silco Roofing,5.0,8,Roofing contractor,"1 Benefit St, Clinton, MA 01510",N/A,N/A,silco-roofing-clinton.site,"C88C+GV Clinton, Massachusetts",(351) 200-9004
TekRoof,N/A,N/A,Roofing contractor,"230 South St, Northborough, MA 01532",N/A,N/A,tekroof.com,N/A,(833) 835-7663
"Done Right Roofing, INC.",4.2,10,Roofing contractor,"13 Pine Hill Rd, Ashland, MA 01721",N/A,N/A,N/A,"7G8J+3X Ashland, Massachusetts",(508) 881-7176
Marquez Construction Inc.,4.8,26,Roofing contractor,"17 Pinewood Dr, Framingham, MA 01701",N/A,N/A,marquezconstructioninc.com,"8HJW+72 Framingham, Massachusetts",(617) 281-4073
A&R MBE Roofing Contractors LLC,5.0,4,Roofing contractor,"1671 Worcester Rd, Framingham, MA 01701",N/A,N/A,ar-mberoofing.com,"7GX8+2W Framingham, Massachusetts",(508) 250-9757
Werner Roofing,4.2,5,Roofing contractor,"945 Concord St, Framingham, MA 01701",N/A,N/A,wernerroofing.net,"8H3W+97 Framingham, Massachusetts",(508) 405-7775
Bob Rogers Roofing Co,4.7,13,Roofing contractor,"118 Washington St, Holliston, MA 01746",N/A,N/A,N/A,"6H8P+FJ Holliston, Massachusetts",(508) 429-2947
"TCT contractors inc ,",5.0,N/A,Roofing contractor,"49 Park St, Hudson, MA 01749",N/A,N/A,tctroofing.com,"9CQG+55 Hudson, Massachusetts",(857) 880-7975
TRUEHOME Roofing,4.9,150,Roofing contractor,"71 Sterling St UNIT B, West Boylston, MA 01583",N/A,N/A,truehomeroofing.com,"96HF+MW West Boylston, Massachusetts",(774) 292-5018
Magee Roofing,4.6,10,Roofing contractor,"150 North Rd, Sudbury, MA 01776",N/A,N/A,mageeroof.com,"CJC3+6P Sudbury, Massachusetts",(978) 443-2048
Seven Hills Roofing,4.7,91,Roofing contractor,"100 Canterbury St, Worcester, MA 01603",N/A,N/A,sevenhillsroofing.com,"65XM+28 Worcester, Massachusetts",(508) 414-8305
"LaBelle Roofing, Inc",4.9,62,Roofing contractor,"231 Boston Post Rd, Wayland, MA 01778",N/A,N/A,labelleroofing.com,"9J7Q+5G Wayland, Massachusetts",(508) 358-7663
On Top Roofing,4.9,79,Roofing contractor,"45 River St, Millbury, MA 01527",N/A,N/A,otroofing.com,N/A,(508) 299-7663
Shore Lock Homes,4.1,74,Roofing contractor,"2 Pumpkin Pine Rd, Natick, MA 01760",N/A,N/A,justfixmyhome.com,"7JM3+MP Natick, Massachusetts",(800) 916-9438
Bosworth Roofing Remodeling,3.7,7,Roofing contractor,"1 W Mountain Ln, Ashland, MA 01721",N/A,N/A,bosworthroofing.com,"7G9P+87 Ashland, Massachusetts",(508) 881-9400
Emmaty Exteriors,4.9,58,Solar energy system service,"277 Main St, Northborough, MA 01532",N/A,N/A,emmatybuilders.com,"9CRJ+4R Northborough, Massachusetts",(508) 369-0822
Tip Top Roofing,4.9,358,Roofing contractor,"245 W Boylston St, West Boylston, MA 01583",N/A,N/A,tiptoproofs.com,"86W7+HM West Boylston, Massachusetts",(508) 835-4777
Pro-Structures roofing,N/A,N/A,Roofing contractor,"43 Park St #147, Framingham, MA 01704",Located in: United States Postal Service,N/A,mass-roofing.com,"7HHJ+8F Framingham, Massachusetts",(508) 834-3981
Roofers Edge & Siding Inc,4.6,73,Roofing contractor,"2 Summer St #306, Natick, MA 01760",Located in: Clarks Block,N/A,roofersedgeinc.com,"7MM2+MW Natick, Massachusetts",(774) 273-7595
Worcester Roofing Pros,N/A,N/A,Roofing contractor,"428 Main St #612, Worcester, MA 01608",N/A,N/A,worcesterroofingpros.com,"76WR+W4 Worcester, Massachusetts",(508) 876-3388
Kyles Quality Roofing,N/A,N/A,Roofing contractor,"60-2 Crosby Rd, Berlin, MA 01503",N/A,N/A,N/A,"99C4+H7 Berlin, Massachusetts",(307) 788-0129
Pitch Perfect Roofers,N/A,N/A,Roofing contractor,"34 Mohawk Dr, Northborough, MA 01532",N/A,N/A,N/A,N/A,(508) 341-8595
American Star Roofing,5.0,44,Roofing contractor,"181 Worcester St, Natick, MA 01760",N/A,N/A,americanstarroof.com,"8M38+CJ Natick, Massachusetts",(508) 405-7929
Power Construction Roofing & Siding Corp.,4.9,95,Roofing contractor,"232 Pond St, Natick, MA 01760",N/A,N/A,powerconstructionroofing.com,"7JHF+4M Natick, Massachusetts",(888) 405-8908
Natarelli & Son Roofing and Gutters,5.0,42,Roofing contractor,"6 Austin Way, Natick, MA 01760",N/A,N/A,natarelliandsonroofing.com,"7MV5+WV Natick, Massachusetts",(508) 509-5128
MASTERPIECE ROOFING INC,5.0,37,Roofing contractor,"1248 Highland St Unit 116, Holliston, MA 01746",N/A,N/A,masterpieceroof.com,"5HR6+XH Holliston, Massachusetts",(508) 882-6080
Plum ProExteriors,5.0,74,Siding contractor,"55 Southville Rd, Southborough, MA 01772",N/A,N/A,plumproexteriors.com,"7F9M+GF Southborough, Massachusetts",(617) 655-6015
The Roof Guru,5.0,5,Roofing contractor,"544 Pleasant St, Worcester, MA 01602",N/A,N/A,roofingunlimitedly.com,N/A,(508) 579-9370
The Roof Guru,5.0,5,Roofing contractor,"544 Pleasant St, Worcester, MA 01602",N/A,N/A,roofingunlimitedly.com,"757H+MJ Worcester, Massachusetts",(508) 579-9370
Roofing Wayland,5.0,N/A,Roofing contractor,"198 W Plain St, Wayland, MA 01778",N/A,N/A,N/A,"8JGC+PJ Wayland, Massachusetts",(508) 507-7663
Four Seasons Masonry & Roofing,3.7,3,Masonry contractor,"186 Fountain St, Framingham, MA 01702",N/A,N/A,fourseasonsmasonryandroofing.com,"7HG8+3G Framingham, Massachusetts",(857) 465-0706
Complete Roofing Services,4.9,16,Roofing contractor,"10 Cuba Rd, Worcester, MA 01603",N/A,N/A,crsrooftop.com,"64JV+GR Worcester, Massachusetts",(774) 208-0667
Complete Roofing Services,4.9,16,Roofing contractor,"10 Cuba Rd, Worcester, MA 01603",N/A,N/A,crsrooftop.com,"64JV+GR Worcester, Massachusetts",(774) 208-0667
"AllStar Roofing, Repairs and Installs Worcester",5.0,7,Roofing contractor,"38 Shelby St, Worcester, MA 01605",N/A,N/A,N/A,"7695+3G Worcester, Massachusetts",(508) 452-2254
Patriot Contracting Corporation Inc,4.8,26,Siding contractor,"873 Waverly St, Framingham, MA 01702",N/A,N/A,patriotcontractingcorporation.com,"7HF8+H9 Framingham, Massachusetts",(508) 969-1330
EAW Roofing and Construction Inc.,4.5,44,Roofing contractor,"1042 Main St, Clinton, MA 01510",N/A,Closed ⋅ Opens 6AM ThuSee more hours,eawroofing.com,N/A,(978) 733-1435
Flaherty Roofing,5.0,3,Roofing contractor,"Norfolk St, Holliston, MA 01746",N/A,N/A,N/A,"5HWJ+3P Holliston, Massachusetts",(508) 395-3426
Fair Roofing & Gutters,5.0,2,Roofing contractor,"23 Water St #207, Holliston, MA 01746",N/A,N/A,fairroofingandgutters.com,"5HXF+29 Holliston, Massachusetts",(508) 429-5493
Bruin Remodeling Group,4.9,535,Window installation service,"208 Pond St, Ashland, MA 01721",N/A,N/A,bruincorp.net,"6HW9+JW Ashland, Massachusetts",(508) 881-8200
J E Fournier Chimney and Roofing Contractors,4.8,36,Roofing contractor,"21 N Quinsigamond Ave, Shrewsbury, MA 01545",N/A,N/A,jefournier.com,N/A,(508) 756-7756
Russell's Roofing and Inspection Services,N/A,N/A,Roofing contractor,"3 Union St, Westborough, MA 01581",N/A,N/A,N/A,"799Q+X5 Westborough, Massachusetts",N/A
Russell's Roofing and Inspection Services,N/A,N/A,Roofing contractor,"3 Union St, Westborough, MA 01581",N/A,N/A,N/A,"799Q+X5 Westborough, Massachusetts",N/A
MELENDEZ CONSTRUCTION,4.8,26,Roofing contractor,"100 Powder Mill Rd Suit 201, Acton, MA 01720",Located in: Powder Mill Plaza,N/A,angi.com,"CHRC+RV Acton, Massachusetts",(781) 330-4018
MELENDEZ CONSTRUCTION,4.8,26,Roofing contractor,"100 Powder Mill Rd Suit 201, Acton, MA 01720",Located in: Powder Mill Plaza,N/A,angi.com,"CHRC+RV Acton, Massachusetts",(781) 330-4018
G&O Construction & Roofing,4.9,53,Roofing contractor,"25 Kansas St, Worcester, MA 01610",N/A,N/A,gandoconstruction.com,"65WV+CP Worcester, Massachusetts",(774) 243-9700
Elite Siding and Roofing,5.0,23,Roofing contractor,"21 Cochituate Rd #2L, Wayland, MA 01778",N/A,N/A,elitesidingroofing.com,"9J7Q+FH Wayland, Massachusetts",(508) 801-4544
Pitch Perfect Roofing Gutter & Pressure Washing Services,N/A,N/A,Roofing contractor,"76 Maplewood Ave, Marlborough, MA 01752",N/A,N/A,pitchperfectservice.com,"9C2Q+J5 Marlborough, Massachusetts",(617) 286-6869
Y&A Attic Insulation & Roofing Services,4.7,15,Roofing contractor,"340 Main St, Worcester, MA 01608",N/A,N/A,N/A,"758X+45 Worcester, Massachusetts",(339) 232-6413
Ultra Siding & Windows,5.0,5,Siding contractor,"20 Alberta Dr, Hudson, MA 01749",N/A,N/A,ultrasidingwindows.com,"9CHF+RX Hudson, Massachusetts",(978) 562-7499
Prestige Roofing,4.8,81,Roofing contractor,"2 Spring St, Medway, MA 02053",N/A,N/A,prestigeroofingco.com,"5H53+PG Medway, Massachusetts",(508) 958-8822
CF Brothers Roofing,5.0,4,Roofing contractor,"191 Hill St, Holliston, MA 01746",N/A,N/A,reliableroofingnow.com,"5HJH+4Q Holliston, Massachusetts",(508) 603-6242
Worcester's Pro Roofing,5.0,6,Roofing contractor,"6 Lund St, Worcester, MA 01607",N/A,N/A,N/A,"66R4+H7 Worcester, Massachusetts",(508) 242-1597
"Greenwood Industries, Inc.",3.3,48,Roofing contractor,"640 Lincoln St, Worcester, MA 01605",N/A,N/A,greenwoodindustries.com,"76XP+Q5 Worcester, Massachusetts",(508) 865-4040
"Marlboro Attic Insulation & Roofing Service Marlborough, MA",3.0,N/A,Contractor,"66 Farm Rd, Marlborough, MA 01752",N/A,N/A,N/A,"8FJ9+Q7 Marlborough, Massachusetts",(508) 290-2419
Francisco's Roofing Inc,3.5,4,Roofing contractor,"12 Townsend St, Worcester, MA 01609",N/A,N/A,franciscosroofinginc.com,"757M+WR Worcester, Massachusetts",(774) 535-2110
"Franca Services - Painting & Siding, Decks & Roofing, Windows & Doors",4.2,50,General contractor,"44 Bearfoot Rd Suite 100, Northborough, MA 01532",N/A,N/A,francaservices.com,"89R9+XW Northborough, Massachusetts",(508) 481-0150
Preserve Services,5.0,29,General contractor,"365 Boston Post Rd #164, Sudbury, MA 01776",N/A,N/A,preserveservices.com,"9H6M+P9 Sudbury, Massachusetts",(781) 280-0299
Preserve Services,5.0,29,General contractor,"365 Boston Post Rd #164, Sudbury, MA 01776",N/A,N/A,preserveservices.com,"9H6M+P9 Sudbury, Massachusetts",(781) 280-0299
