name,rating,reviews_count,category,address,location,hours,website,plus_code,phone
"Lonergan Construction, Inc",4.4,5,General contractor,"9 Louis Rd, Framingham, MA 01702",N/A,N/A,lonerganconstruction.com,"7HP5+G6 Framingham, Massachusetts",(508) 875-0052
American Bath Works,5.0,9,Bathroom remodeler,"16 Cadman Rd, Mendon, MA 01756",N/A,N/A,abwrenovations.com,"4CCF+32 Mendon, Massachusetts",(508) 393-3331
KOHLER Signature Store by Supply New England,4.8,74,Bathroom supply store,"323 Speen St, Natick, MA 01760",N/A,N/A,kohlersignaturestorenatick.com,"8J49+2G Natick, Massachusetts",(508) 720-3820
KOHLER Signature Store by Supply New England,4.8,74,Bathroom supply store,"323 Speen St, Natick, MA 01760",N/A,N/A,kohlersignaturestorenatick.com,"8J49+2G Natick, Massachusetts",(508) 720-3820
Kitchen & Bath Creations,4.9,14,Kitchen remodeler,"129 Concord St unit #24, Framingham, MA 01702",N/A,N/A,N/A,"7HHM+JC Framingham, Massachusetts",(774) 777-9499
Kitchen & Bath Creations,4.9,14,Kitchen remodeler,"129 Concord St unit #24, Framingham, MA 01702",N/A,N/A,N/A,"7HHM+JC Framingham, Massachusetts",(774) 777-9499
Norfolk Kitchen & Bath Framingham,4.1,38,Kitchen remodeler,"624 Worcester Rd, Framingham, MA 01702",N/A,N/A,norfolkkitchenandbath.com,"7HXH+44 Framingham, Massachusetts",(508) 848-4290
VS Remodeling Boston,5.0,19,Bathroom remodeler,"23 Washington Ave, Ashland, MA 01721",N/A,N/A,vsremodelingboston.com,"7H5F+WC Ashland, Massachusetts",(617) 612-5631
Westborough Design Center,5.0,4,Kitchen remodeler,"3 Ruggles St, Westborough, MA 01581",N/A,N/A,westboroughdesigncenter.com,"798M+FR Westborough, Massachusetts",(508) 366-7926
Sink & Spout,3.8,16,Bathroom supply store,"74 Otis St, Westborough, MA 01581",N/A,N/A,sinkandspout.com,"78JW+HP Westborough, Massachusetts",(508) 768-0370
Decora Remodel,5.0,5,Tile contractor,"43 Park St, Framingham, MA 01702",Located in: United States Postal Service,N/A,decoratilestonecorp.com,"7HHJ+8F Framingham, Massachusetts",(774) 719-9080
Decora Remodel,5.0,5,Tile contractor,"43 Park St, Framingham, MA 01702",Located in: United States Postal Service,N/A,decoratilestonecorp.com,"7HHJ+8F Framingham, Massachusetts",(774) 719-9080
"Frank Webb Home, Needham, MA",4.4,34,Bathroom supply store,"68 Highland Ave, Needham, MA 02494",N/A,N/A,frankwebb.com,"8Q4J+6V Needham, Massachusetts",(781) 465-2436
Hayes Building & Remodeling,5.0,2,Bathroom remodeler,"7 Standish Rd, Norfolk, MA 02056",N/A,N/A,N/A,"4MHP+4M Norfolk, Massachusetts",(781) 727-3564
New Tile Corp.,5.0,6,Bathroom remodeler,"43 Park St, Framingham, MA 01702",N/A,N/A,newtilecorp.com,"7HHJ+8F Framingham, Massachusetts",(508) 740-3800
New Tile Corp.,5.0,6,Bathroom remodeler,"43 Park St, Framingham, MA 01702",N/A,N/A,newtilecorp.com,"7HHJ+8F Framingham, Massachusetts",(508) 740-3800
Splash,3.2,34,Bathroom supply store,"244 Needham St #4, Newton, MA 02464",Located in: Home Design Place,N/A,splashspritzo.com,"8Q5P+Q7 Newton, Massachusetts",(617) 332-6662
Newton Distributing Company,4.0,8,Distribution service,"245 W Central St, Natick, MA 01760",N/A,N/A,newtondistributing.com,"7JJ6+V5 Natick, Massachusetts",(877) 837-7745
Newton Distributing Company,4.0,8,Distribution service,"245 W Central St, Natick, MA 01760",N/A,N/A,newtondistributing.com,"7JJ6+V5 Natick, Massachusetts",(877) 837-7745
Masters Touch Design Build,4.9,60,Custom home builder,"77 Main St, Medway, MA 02053",N/A,N/A,masterstouchweb.com,"5H2R+G3 Medway, Massachusetts",(508) 359-5900
Masters Touch Design Build,5.0,13,Bathroom remodeler,"873 Waverly St, Framingham, MA 01702",N/A,N/A,artremodelingkitchenandbath.com,"7HF8+H9 Framingham, Massachusetts",(508) 405-0443
Republic's Collection,N/A,N/A,Bathroom supply store,"478 Waverly St Showroom, Framingham, MA 01702",N/A,N/A,republicscollection.com,"7HGJ+3C Framingham, Massachusetts",(508) 620-0600
"Precision Home Renovations, LLC",5.0,19,Bathroom remodeler,"53 Overlook Dr, Framingham, MA 01701",N/A,N/A,phr4u.com,"8HRQ+WG Framingham, Massachusetts",(617) 817-7081
"Precision Home Renovations, LLC",5.0,19,Bathroom remodeler,"53 Overlook Dr, Framingham, MA 01701",N/A,N/A,phr4u.com,"8HRQ+WG Framingham, Massachusetts",(617) 817-7081
Ferguson Plumbing Supply,4.6,14,Plumbing supply store,"64 Worcester St, Natick, MA 01760",N/A,N/A,ferguson.com,"8M3C+FC Natick, Massachusetts",(508) 655-3301
Ferguson Plumbing Supply,4.6,14,Plumbing supply store,"64 Worcester St, Natick, MA 01760",N/A,N/A,ferguson.com,"8M3C+FC Natick, Massachusetts",(508) 655-3301
Emily's Interiors Inc,5.0,N/A,Cabinet store,"248 Worcester Rd, Framingham, MA 01702",N/A,N/A,emilysinteriorsinc.com,"7HXW+67 Framingham, Massachusetts",(774) 214-9605
Emily's Interiors Inc,5.0,N/A,Cabinet store,"248 Worcester Rd, Framingham, MA 01702",N/A,N/A,emilysinteriorsinc.com,"7HXW+67 Framingham, Massachusetts",(774) 214-9605
Mike's Maintenance,5.0,5,Bathroom remodeler,"197 Seekonk St, Norfolk, MA 02056",N/A,N/A,mikesmaintenancema.com,"4MXV+35 Norfolk, Massachusetts",(508) 440-5673
Mike's Maintenance,5.0,5,Bathroom remodeler,"197 Seekonk St, Norfolk, MA 02056",N/A,N/A,mikesmaintenancema.com,"4MXV+35 Norfolk, Massachusetts",(508) 440-5673
Amany Design Studio,5.0,34,Interior designer,"6 Bridle Path Cir, Framingham, MA 01701",N/A,N/A,amanydesignstudio.com,"8G89+6P Framingham, Massachusetts",(508) 308-4107
Amany Design Studio,5.0,34,Interior designer,"6 Bridle Path Cir, Framingham, MA 01701",N/A,N/A,amanydesignstudio.com,"8G89+6P Framingham, Massachusetts",(508) 308-4107
Kitchen Countertops & Cabinets,4.9,71,Countertop store,"1 Wellesley Rd, Natick, MA 01760",N/A,Open ⋅ Closes 5PMSee more hours,ifoundmykitchen.com,N/A,(508) 655-5636
Leader Builders,5.0,N/A,Kitchen remodeler,"40 Grove St Door #20, Wellesley, MA 02482",N/A,N/A,leaderbuilders.com,"7PW5+96 Wellesley, Massachusetts",(857) 400-4200
Cecilio Builders,4.5,13,General contractor,"57 E Main St #114, Westborough, MA 01581",N/A,N/A,ceciliobuilders.com,"79FR+QM Westborough, Massachusetts",(774) 244-2581
Metropolitan Cabinets and Countertops,4.9,23,Cabinet store,"10 Mercer Rd, Natick, MA 01760",N/A,N/A,metcabinet.com,"7JW6+GH Natick, Massachusetts",(508) 651-8950
YD Construction Inc,4.9,100,Bathroom remodeler,"7 Lakespur, Wayland, MA 01778",N/A,N/A,yd-construction.com,"8MM9+JH Wayland, Massachusetts",(617) 640-8065
YD Construction Inc,4.9,100,Bathroom remodeler,"7 Lakespur, Wayland, MA 01778",N/A,N/A,yd-construction.com,"8MM9+JH Wayland, Massachusetts",(617) 640-8065
CJO Builders,4.6,11,General contractor,"362 Eliot St, Ashland, MA 01721",N/A,N/A,cjobuilders.com,"6HVF+8H Ashland, Massachusetts",(508) 309-9224
CJO Builders,4.6,11,General contractor,"362 Eliot St, Ashland, MA 01721",N/A,N/A,cjobuilders.com,"6HVF+8H Ashland, Massachusetts",(508) 309-9224
RR IMPROVEMENT INC,5.0,34,Carpenter,"393 Worcester Rd, Framingham, MA 01701",N/A,N/A,rrimprovement.com,"7HXQ+GG Framingham, Massachusetts",(508) 740-7440
RR IMPROVEMENT INC,5.0,34,Carpenter,"393 Worcester Rd, Framingham, MA 01701",N/A,N/A,rrimprovement.com,"7HXQ+GG Framingham, Massachusetts",(508) 740-7440
Onyx Marble & Granite,4.9,79,Natural stone supplier,"93 Beaver St, Framingham, MA 01702",N/A,N/A,onyxgranite.com,"7HFR+XX Framingham, Massachusetts",(508) 620-0775
The Wiese Company,5.0,15,Construction company,"28 N Main St, Sherborn, MA 01770",N/A,N/A,wiese.com,"6JWJ+PG Sherborn, Massachusetts",(508) 655-4013
Spritzo-Worcester,4.6,7,Bathroom supply store,"660 Lincoln St, Worcester, MA 01605",N/A,N/A,splashspritzo.com,"76XP+8M Worcester, Massachusetts",(508) 853-5912
"Arts Marble, Granite, Quartz, Soapstone, Kitchen and Bathroom Countertops",4.9,28,Marble contractor,"765 Waverly St, Framingham, MA 01702",N/A,N/A,artsmarblegranitema.com,"7HCC+X3 Framingham, Massachusetts",(508) 309-3735
"Arts Marble, Granite, Quartz, Soapstone, Kitchen and Bathroom Countertops",4.9,28,Marble contractor,"765 Waverly St, Framingham, MA 01702",N/A,N/A,artsmarblegranitema.com,"7HCC+X3 Framingham, Massachusetts",(508) 309-3735
"Jireh Tile e Granite - Expert Remodeling Services for Bathrooms, Kitchens, and Basements",5.0,3,Remodeler,"89 Wilson St, Marlborough, MA 01752",N/A,N/A,jirehtileandgranite.com,"9F2V+CF Marlborough, Massachusetts",(508) 613-5587
JM Construction,4.7,27,Remodeler,"82 Herbert St, Framingham, MA 01702",N/A,N/A,jmconstructionco.com,"7HCQ+24 Framingham, Massachusetts",(508) 533-1660
GA Building & Remodeling,5.0,21,General contractor,"14 South St, Westborough, MA 01581",N/A,N/A,gabremodeling.com,"799P+JR Westborough, Massachusetts",(508) 356-5050
GA Building & Remodeling,5.0,21,General contractor,"14 South St, Westborough, MA 01581",N/A,N/A,gabremodeling.com,"799P+JR Westborough, Massachusetts",(508) 356-5050
Natural Marble & Granite,4.7,36,Countertop store,"45 Pond St, Milford, MA 01757",N/A,N/A,naturalcompanies.com,"4FRP+C6 Milford, Massachusetts",(508) 634-2235
Natural Marble & Granite,4.7,36,Countertop store,"45 Pond St, Milford, MA 01757",N/A,N/A,naturalcompanies.com,"4FRP+C6 Milford, Massachusetts",(508) 634-2235
Rooms With A View,5.0,3,Interior designer,"45 E Main St, Westborough, MA 01581",N/A,N/A,roomswav.com,"79FR+83 Westborough, Massachusetts",(508) 870-2211
Classic Tile Inc,3.8,12,Tile contractor,"18 Exchange St, Millis, MA 02054",N/A,N/A,classic-tile-inc.com,"5J8Q+JF Millis, Massachusetts",(508) 533-7404
Classic Tile Inc,3.8,12,Tile contractor,"18 Exchange St, Millis, MA 02054",N/A,N/A,classic-tile-inc.com,"5J8Q+JF Millis, Massachusetts",(508) 533-7404
A.W. Puma Restoration & Remodeling,5.0,43,Water damage restoration service,"209 W Central St Suite #104, Natick, MA 01760",N/A,N/A,awpuma.com,"7JM8+48 Natick, Massachusetts",(508) 941-8569
Artistic Tile & Design Inc,4.9,21,Tile contractor,"120 Worcester St, Natick, MA 01760",N/A,N/A,artistictilema.com,"8M39+8H Natick, Massachusetts",(508) 868-3320
Maize Restoration & Remodeling,4.8,53,Kitchen remodeler,"150 Speen St STE 306, Framingham, MA 01701",N/A,N/A,maizerestoration.com,"8J67+J9 Framingham, Massachusetts",(508) 317-1697
Floor & Decor,4.6,76,Flooring store,"217 Hartford Ave, Bellingham, MA 02019",Located in: Crossroads Shopping Center,Open ⋅ Closes 8PMSee more hours,flooranddecor.com,"4G7H+3J Bellingham, Massachusetts",(774) 295-2059
Floor & Decor,4.6,76,Flooring store,"217 Hartford Ave, Bellingham, MA 02019",Located in: Crossroads Shopping Center,Open ⋅ Closes 8PMSee more hours,flooranddecor.com,"4G7H+3J Bellingham, Massachusetts",(774) 295-2059
Strong Builders LLC,5.0,40,General contractor,"147 Pleasant St, Upton, MA 01568",N/A,N/A,strongbuilders.net,"594G+F6 Upton, Massachusetts",(508) 330-7414
Strong Builders LLC,5.0,40,General contractor,"147 Pleasant St, Upton, MA 01568",N/A,N/A,strongbuilders.net,"594G+F6 Upton, Massachusetts",(508) 330-7414
Advanced Building Services LLC,5.0,28,General contractor,"24 Whittier Rd, Natick, MA 01760",N/A,N/A,advancedbuildingservicesllc.com,N/A,(774) 836-5505
Advanced Building Services LLC,5.0,28,General contractor,"24 Whittier Rd, Natick, MA 01760",N/A,N/A,advancedbuildingservicesllc.com,"8M49+FH Natick, Massachusetts",(774) 836-5505
Advanced Building Services LLC,5.0,28,General contractor,"24 Whittier Rd, Natick, MA 01760",N/A,N/A,advancedbuildingservicesllc.com,"8M49+FH Natick, Massachusetts",(774) 836-5505
Jose Tile Installation INC,4.1,14,Tile contractor,"22 Brewster Rd, Framingham, MA 01702",N/A,N/A,josetile.com,"7HMH+F9 Framingham, Massachusetts",(508) 733-9488
Homesense,4.3,302,Department store,"1 Worcester Rd, Framingham, MA 01701",Located in: Shoppers World,N/A,locations.us.homesense.com,"8J23+JF Framingham, Massachusetts",(508) 424-2591
"Express Marble & Granite, Inc.",4.9,80,Countertop store,"275 Hopping Brook Rd #4, Holliston, MA 01746",N/A,N/A,expressmarblegranite.com,"5G7J+F9 Holliston, Massachusetts",(774) 233-1973
Wayland Kitchens & Baths,5.0,12,Cabinet store,"1090 Great Plain Ave, Needham, MA 02492",N/A,N/A,waylandkitchens.com,"7QJ6+2F Needham, Massachusetts",(781) 449-3900
"Gowdy Group Design Build, LLC",5.0,3,Home builder,"20 Woodbury Rd, Southborough, MA 01772",N/A,N/A,gowdygroup.com,"7FFJ+54 Southborough, Massachusetts",(508) 922-1789
"Gowdy Group Design Build, LLC",5.0,3,Home builder,"20 Woodbury Rd, Southborough, MA 01772",N/A,N/A,gowdygroup.com,"7FFJ+54 Southborough, Massachusetts",(508) 922-1789
Stahl Construction,5.0,5,Remodeler,"6 Marshall Ave, Hopkinton, MA 01748",N/A,N/A,N/A,"6FGF+CW Hopkinton, Massachusetts",(508) 561-4699
Popularis Construction Inc.,4.7,13,General contractor,"6A Main St, Medway, MA 02053",N/A,N/A,popularisconstruction.com,"5J45+VP Medway, Massachusetts",(508) 243-2435
Popularis Construction Inc.,4.7,13,General contractor,"6A Main St, Medway, MA 02053",N/A,N/A,popularisconstruction.com,"5J45+VP Medway, Massachusetts",(508) 243-2435
Archambault Construction,5.0,2,General contractor,"53 Jeffrey Ave, Holliston, MA 01746",N/A,N/A,archambaultconstruction.com,"6H6Q+CV Holliston, Massachusetts",(774) 233-0004
Exponential Construction Corp.,5.0,42,General contractor,"47 Mellen St ll4, Framingham, MA 01702",N/A,Open 24 hoursSee more hours,xpconstructioncorp.com,"7HCG+X2 Framingham, Massachusetts",(508) 960-6624
Exponential Construction Corp.,5.0,42,General contractor,"47 Mellen St ll4, Framingham, MA 01702",N/A,Open 24 hoursSee more hours,xpconstructioncorp.com,"7HCG+X2 Framingham, Massachusetts",(508) 960-6624
HomeGoods,4.5,405,Department store,"400 Cochituate Rd, Framingham, MA 01701",Located in: Framingham Mall Shopping Center,N/A,homegoods.com,"8J43+H6 Framingham, Massachusetts",(508) 872-6522
HomeGoods,4.5,405,Department store,"400 Cochituate Rd, Framingham, MA 01701",Located in: Framingham Mall Shopping Center,N/A,homegoods.com,"8J43+H6 Framingham, Massachusetts",(508) 872-6522
PGB Construction,3.0,2,General contractor,"26 Bridges St, Framingham, MA 01702",N/A,N/A,pgbconstruction.com,"7HFF+4G Framingham, Massachusetts",(978) 478-7057
CRC Renovation Kitchen and Bathroom,4.9,9,Construction and maintenance office,"113 Brigham St, Hudson, MA 01749",N/A,N/A,crctile.com,"9CF8+QW Hudson, Massachusetts",(352) 613-0293
CRC Renovation Kitchen and Bathroom,4.9,9,Construction and maintenance office,"113 Brigham St, Hudson, MA 01749",N/A,N/A,crctile.com,"9CF8+QW Hudson, Massachusetts",(352) 613-0293
"Lonergan Construction, Inc",4.4,5,General contractor,"9 Louis Rd, Framingham, MA 01702",N/A,N/A,lonerganconstruction.com,"7HP5+G6 Framingham, Massachusetts",(508) 875-0052
"Peterson Remodeling, Inc.",5.0,6,General contractor,"69 W Plain St, Wayland, MA 01778",N/A,N/A,N/A,"8JFJ+7V Wayland, Massachusetts",(508) 545-2288
BC Painting And Services,5.0,50,Painting,"218 Hollis St, Holliston, MA 01746",N/A,N/A,bcpaintingandservices.com,"6H46+4X Holliston, Massachusetts",(508) 330-3151
Fix It!,4.7,22,Handyman/Handywoman/Handyperson,"10 Pearl St Suite #1, Framingham, MA 01702",N/A,N/A,fixit-asap.com,"7HHH+HV Framingham, Massachusetts",(508) 305-2055
