name,rating,reviews_count,category,address,location,hours,website,plus_code,phone
O'LYN Roofing,4.8,373,Roofing contractor,"916 Pleasant St #4, Norwood, MA 02062",N/A,N/A,olynroofing.com,"5Q9W+69 Norwood, Massachusetts",(781) 300-7231
American Star Roofing,5.0,44,Roofing contractor,"181 Worcester St, Natick, MA 01760",N/A,N/A,americanstarroof.com,"8M38+CJ Natick, Massachusetts",(508) 405-7929
"Robert Roofing and Gutters, Inc.",5.0,35,Roofing contractor,"82 Main St, Norfolk, MA 02056",N/A,N/A,robertroofingandgutters.com,"4MCM+CX Norfolk, Massachusetts",(857) 247-8709
Brown Bros. Roofing,4.9,48,Roofing contractor,"1069 East St, Dedham, MA 02026",N/A,N/A,brownbrosroofing.net,"6RGP+Q8 Dedham, Massachusetts",(781) 329-2895
Secure Roofing,5.0,30,Roofing contractor,"141 Bayside Rd, Quincy, MA 02171",N/A,N/A,quincyroofing.com,"7XXV+8F Quincy, Massachusetts",(617) 770-9323
Mighty Dog Roofing MetroWest Boston,5.0,116,Roofing contractor,"50 Dedham Ave R2, Needham, MA 02492",N/A,N/A,mightydogroofing.com,"7QH7+VX Needham, Massachusetts",(781) 206-2864
GN Exteriors - Roofers in Braintree,5.0,75,Roofing contractor,"44 B.V. French St, Braintree, MA 02184",N/A,N/A,gnexteriors.com,"62C4+2J Braintree, Massachusetts",(781) 436-2234
Otukan Roofing,5.0,21,Roofing contractor,"43 Goethe St, Boston, MA 02132",N/A,N/A,otukanroofing.com,"7R4R+CR Boston, Massachusetts",(857) 200-1934
"Associate Roofing, Inc.",4.8,91,Roofing contractor,"21 Arnold St, Braintree, MA 02184",N/A,N/A,associateroofing.com,"62F4+GH Braintree, Massachusetts",(781) 848-4222
"Duffy Roofing Co., Inc.",4.7,61,Roofing contractor,"2281 Dorchester Ave, Dorchester Center, MA 02124",N/A,N/A,duffyroofing.com,"7WFJ+3M Dorchester Center, Boston, MA",(617) 296-0300
Loyalty Exterior Roofing Solutions,5.0,215,Roofing contractor,"945 Great Plain Ave Suite 17, Needham, MA 02492",N/A,N/A,loyaltyroofingsolutions.com,"7QJ7+5Q Needham, Massachusetts",(508) 785-6893
Natarelli & Son Roofing and Gutters,5.0,42,Roofing contractor,"6 Austin Way, Natick, MA 01760",N/A,N/A,natarelliandsonroofing.com,"7MV5+WV Natick, Massachusetts",(508) 509-5128
REI Roofing,4.9,171,Roofing contractor,"670 S Franklin St, Holbrook, MA 02343",N/A,N/A,reiroofing.com,"4XMR+CQ Holbrook, Massachusetts",(781) 848-1999
Norfolk County Pro Roofing,5.0,6,Roofing contractor,"1599 Washington St, Braintree, MA 02184",N/A,N/A,braintreeroofrepair.com,"5XMQ+WQ Braintree, Massachusetts",(339) 329-9622
ELEVATED ROOFING AND SIDING CORP,5.0,34,Roofing contractor,"283 Walk Hill St, Boston, MA 02131",N/A,N/A,elevatedroofingma.com,"7VQR+8R Boston, Massachusetts",(617) 777-6852
Cochrane Roofing and Siding,5.0,10,Roofing contractor,"237 Bay Rd, Sharon, MA 02067",N/A,N/A,cochraneroofingsiding.com,"4VJ2+W6 Sharon, Massachusetts",(781) 784-9358
J F Roofing,5.0,N/A,Roofing contractor,"34 Ocean Ave, Quincy, MA 02171",N/A,N/A,N/A,"7XVQ+Q9 Quincy, Massachusetts",(617) 471-8216
SRC Roofing,4.7,6,Roofing contractor,"166 Brook Rd, Quincy, MA 02169",N/A,N/A,srcroof.com,"6XQR+JJ Quincy, Massachusetts",(617) 479-2060
Adam Quenneville Roofing & Siding Greater Boston,5.0,22,Roofing contractor,"396 Washington St #179, Wellesley, MA 02482",N/A,N/A,aqroofgreatboston.com,"8P5C+5F Wellesley, Massachusetts",(508) 661-9916
Admiral Roofing & Home Improvement,4.8,20,Contractor,"36 S Franklin St, Holbrook, MA 02343",N/A,N/A,admiralroofingma.com,"5X3R+M8 Holbrook, Massachusetts",(781) 355-5010
Kilraine & Son Roofing,5.0,11,Roofing contractor,"89 Providence Hwy, Westwood, MA 02090",N/A,N/A,kilraineandsonroofers.com,N/A,(781) 762-7663
Storm Group Roofing Inc.,5.0,73,Roofing contractor,"490 W Main St Apt 5, Avon, MA 02322",N/A,N/A,stormgrouproofinginc.com,"4XF5+9H Avon, Massachusetts",(781) 885-7001
Fitzpatrick Roofing & Construction,5.0,3,Roofing contractor,"320 Adams St, Dorchester, MA 02122",N/A,N/A,N/A,"7WXV+C6 Dorchester, Boston, MA",(617) 288-4058
Expert Roofing & Siding Construction,5.0,4,Roofing contractor,"45 Dan Rd, Canton, MA 02021",N/A,N/A,expertroofingllc.com,"5V5P+W9 Canton, Massachusetts",(508) 328-0759
Roofers Edge & Siding Inc,4.6,73,Roofing contractor,"2 Summer St #306, Natick, MA 01760",Located in: Clarks Block,N/A,roofersedgeinc.com,"7MM2+MW Natick, Massachusetts",(774) 273-7595
"Titan Roofing, Inc.",4.3,8,Roofing contractor,"115 Old Colony Ave, Quincy, MA 02170",N/A,N/A,titanroofing.com,"7X7M+2M Quincy, Massachusetts",(617) 773-7660
"Reliable Roofing, Siding & Windows",4.7,154,Roofing contractor,"194 Tosca Dr, Stoughton, MA 02072",N/A,N/A,reliablewindowandsiding.net,"4VPG+C4 Stoughton, Massachusetts",(781) 746-7333
Allied Roofing & Patchmaster Service,5.0,N/A,Roofing contractor,"73 Lancaster Rd, Dedham, MA 02026",N/A,N/A,N/A,"6VJ6+7P Dedham, Massachusetts",(781) 268-7807
Willard Roofing Company,4.5,15,Roofing contractor,"1201 East St, Dedham, MA 02026",N/A,N/A,willardco.com,N/A,(781) 326-2807
Nova Roofing and Restorations,5.0,9,Roofing contractor,"29 McDonald St, Dedham, MA 02026",N/A,N/A,novarestorations.com,"6VJ6+XC Dedham, Massachusetts",(781) 407-9112
Braintree Roofing Pros,5.0,3,Roofing contractor,"43 Longwood Rd, Braintree, MA 02184",N/A,N/A,roofing-braintreema.com,"62J2+23 Braintree, Massachusetts",(781) 549-9876
Boston Roofing And Gutters,4.4,43,Roofing contractor,"277 Newport Ave, Quincy, MA 02170",N/A,N/A,bostonroofingandgutters.com,"7X8H+QC Quincy, Massachusetts",(781) 267-3778
Adrian Roofing Construction Company,5.0,8,Roofing contractor,"1 Garrett Dr, Quincy, MA 02169",N/A,N/A,adrian-roofing-quincy.site,"7X2F+GP Quincy, Massachusetts",(339) 356-0987
Mario's Roofing,4.9,283,Roofing contractor,"1520 Washington St, Stoughton, MA 02072",N/A,N/A,mariosroofing.com,"4W32+HM Stoughton, Massachusetts",(781) 344-2420
Kilraine & Sons Roofing,5.0,2,Roofing contractor,"22 Everett St, Dedham, MA 02026",N/A,N/A,kilraineandsonroofers.com,"6R76+GH Dedham, Massachusetts",(781) 762-7663
Chapman Roofing Co,5.0,6,Roofing contractor,"395 Columbia Rd, Dorchester, MA 02125",N/A,N/A,chapmanroofingandwaterproofingco.site,"8W6J+F6 Dorchester, Boston, MA",(617) 829-9064
Certified Roofing,4.9,125,Roofing contractor,"31a Jackson St, Newton, MA 02459",N/A,N/A,certifiedroofinginc.com,"8R98+RF Newton, Massachusetts",(617) 431-8402
J.L. Goode Roofing and Building Contractors,4.4,7,Roofing contractor,"258 Common St, Braintree, MA 02184",N/A,N/A,joegooderoofing.com,"6XFM+P7 Braintree, Massachusetts",(781) 963-7663
Golden Group Roofing & Solar,5.0,17,Roofing contractor,"1492 Highland Ave #6, Needham, MA 02492",N/A,N/A,goldengrouproofing.com,"7QJ7+8J Needham, Massachusetts",(508) 873-1884
"Daniel Fox Roofing Co., Inc.",5.0,20,Roofing contractor,"8 Lakewood Rd, Newton, MA 02461",N/A,N/A,foxroofinginc.com,N/A,(617) 965-1294
"Daniel Fox Roofing Co., Inc.",5.0,20,Roofing contractor,"8 Lakewood Rd, Newton, MA 02461",N/A,N/A,foxroofinginc.com,"8QGW+7F Newton, Massachusetts",(617) 965-1294
B & E Roofing Co.,3.7,3,Roofing contractor,"92 Dedham St, Dover, MA 02030",N/A,N/A,banderoofing.com,"6PXF+2V Dover, Massachusetts",(508) 785-1433
"Boston's Finest Roofing, LLC",3.7,3,Roofing contractor,"2 Albright St, Boston, MA 02132",N/A,N/A,N/A,"7RPM+Q6 Boston, Massachusetts",(617) 323-2836
Abichak Roofing,5.0,6,Roofing contractor,"151 Stratford St, West Roxbury, MA 02132",N/A,N/A,abichakerroofingbuildertech.site,"7VJ2+HQ West Roxbury, Boston, MA",(617) 958-6454
Sunshine Roofing,5.0,N/A,Roofing contractor,"90 Birch St, Roslindale, MA 02131",N/A,N/A,N/A,N/A,(617) 327-3221
Vantageview Roofs,5.0,3,Roofing contractor,"1470 Hancock St, Quincy, MA 02169",N/A,N/A,N/A,"6XXX+F8 Quincy, Massachusetts",(857) 374-2009
Follett Roofing & Contracting,5.0,N/A,Roofing contractor,"275 Centre St STE 18, Holbrook, MA 02343",N/A,N/A,N/A,"5X7G+MM Holbrook, Massachusetts",(781) 767-1463
Brookline Roofing & Sheet Metal Works,5.0,2,Roofing contractor,"36 Aspen Ct, Dedham, MA 02026",N/A,N/A,roofrepairbrookline.com,"7R89+H2 Dedham, Massachusetts",(617) 566-2003
Lennox Roofing Inc.,N/A,N/A,Roofing contractor,"187 Page St, Stoughton, MA 02072",N/A,N/A,lennoxroofinginc.com,N/A,(508) 328-5780
MacDonald Sprague Roofing Co Inc.,5.0,N/A,Roofing contractor,"6 Mear Rd, Holbrook, MA 02343",N/A,N/A,N/A,"5X3G+39 Holbrook, Massachusetts",(781) 767-3710
Cypress Roofing & Construction,5.0,9,Roofing contractor,"81 Quincy Ave, Dedham, MA 02026",N/A,N/A,cypressroof.com,"6VR2+3C Dedham, Massachusetts",(617) 697-1616
"John F. Shea Co., Inc.",4.0,8,Roofing contractor,"655 Bodwell St Ext, Avon, MA 02322",N/A,N/A,johnfshea.com,"4WRW+Q2 Avon, Massachusetts",(617) 298-0356
"John F. Shea Co., Inc.",4.0,8,Roofing contractor,"655 Bodwell St Ext, Avon, MA 02322",N/A,N/A,johnfshea.com,"4WRW+Q2 Avon, Massachusetts",(617) 298-0356
Rowland Roofing & Cladding,3.0,2,Roofing contractor,"421 Page St, Stoughton, MA 02072",N/A,N/A,rowlandrrsinc.com,"4WXH+W5 Stoughton, Massachusetts",(617) 562-5703
Penshorn Roofing Co Inc,4.5,4,Roofing contractor,"30 Carolina Ave, Jamaica Plain, MA 02130",N/A,N/A,penshornroofing.com,"8V5P+45 Jamaica Plain, Boston, MA",(617) 524-4640
Choice Roofing Corp,N/A,N/A,Roofing contractor,"165 Copeland St, Quincy, MA 02169",N/A,N/A,choiceroofingcorp.com,N/A,(617) 244-0588
"First Class Roofing, Inc.",N/A,N/A,Roofing contractor,"55 West St, Walpole, MA 02081",N/A,N/A,firstclassroofinginc.com,"4PWV+5J Walpole, Massachusetts",(508) 596-9478
O'LYN Roofing,4.8,30,Roofing contractor,"11 River St Suite 206, Wellesley, MA 02481",N/A,N/A,olynroofing.com,"8PFR+V9 Wellesley, Massachusetts",(781) 650-7772
Valmark Roofing,5.0,8,Roofing contractor,"1 Adams St Ste 3A, Milton, MA 02186",N/A,N/A,valmark-roofing-milton.site,N/A,(339) 230-6320
Valmark Roofing,5.0,8,Roofing contractor,"1 Adams St Ste 3A, Milton, MA 02186",N/A,N/A,valmark-roofing-milton.site,"7WCJ+6P Milton, Massachusetts",(339) 230-6320
Absolute Construction Group LLC,5.0,18,Roofing contractor,"257 Willard St, Quincy, MA 02169",N/A,N/A,absoluteconstructiongroupllc.com,"6XW8+QM Quincy, Massachusetts",(617) 481-1725
Max Roofing,3.3,4,Roofing contractor,"43 Longwood Rd, Braintree, MA 02184",N/A,N/A,N/A,"62J2+23 Braintree, Massachusetts",(617) 596-1940
Stoughton Roofers,N/A,N/A,Roofing contractor,"76 Sumner St, Stoughton, MA 02072",N/A,N/A,N/A,"4WC3+4V Stoughton, Massachusetts",(781) 732-6834
DeFrancesco Construction,5.0,85,Siding contractor,"418 Brush Hill Rd, Milton, MA 02186",N/A,N/A,defrancescoconstruction.com,"7V3V+FX Milton, Massachusetts",(617) 365-1444
FortinCo Roofing,3.8,4,Roofing contractor,"324 Lincoln St, Stoughton, MA 02072",N/A,N/A,fortinco.com,"4WH5+PX Stoughton, Massachusetts",(508) 400-4566
C&K Roofing & General Contracting Inc,4.7,13,General contractor,"15 Cypress St #204, Newton, MA 02459",N/A,N/A,ckroofingne.com,"8RH3+CX Newton, Massachusetts",(781) 518-3456
J&R Construction Roofing,5.0,170,Roofing contractor,"263 Hollis St, Framingham, MA 01702",N/A,N/A,jrconstructionma.com,"7HCJ+PC Framingham, Massachusetts",(888) 914-7663
Sanchez Roofing Company,5.0,N/A,Roofing contractor,"Ellis St, Brockton, MA 02301",N/A,N/A,N/A,"3XQ9+MF Brockton, Massachusetts",(617) 586-5191
ID Flat Roof,4.8,36,Roofing contractor,"234 W Newton St APT 2, Boston, MA 02116",N/A,N/A,idflatroof.com,"8WV9+MR Boston, Massachusetts",(617) 299-0291
A S Roofing,5.0,7,Roofing contractor,"43 Maywood St, Roxbury, MA 02119",N/A,N/A,asroofingconstruction.site,"8W8C+J4 Roxbury, Boston, MA",(617) 917-9583
Alexander Doyle LLC,5.0,3,Roofing contractor,"18 Brookley Rd, Jamaica Plain, MA 02130",N/A,N/A,alexanderdoylellc.com,"8V3R+QQ Jamaica Plain, Boston, MA",(617) 522-6116
"Connell Roofing, Inc.",4.8,182,Roofing contractor,"25 Commercial Dr unit 204, Wrentham, MA 02093",N/A,N/A,connellroofing.com,"3M2X+MJ Wrentham, Massachusetts",(781) 444-7577
"JMG Roofing & Construction, Inc.",5.0,2,Roofing contractor,"67 Blendall St, Brockton, MA 02302",N/A,N/A,jmgroofingri.com,"4X3M+JV Brockton, Massachusetts",(508) 857-7336
Rowland Roofing Systems Inc.,N/A,N/A,Roofing contractor,"15 Marshall St Suite C, Canton, MA 02021",N/A,N/A,rowlandrrsinc.com,"5W7G+QW Canton, Massachusetts",(617) 362-8337
Dostoomian Roofing Systems,N/A,N/A,Roofing contractor,"16 Tosca Dr, Stoughton, MA 02072",N/A,N/A,dostoomianroofing.com,"4VJF+H9 Stoughton, Massachusetts",(781) 341-4540
Roofers Edge & Siding Inc.,N/A,N/A,Roofing contractor,"9 Clover Terrace, Natick, MA 01760",N/A,N/A,roofersedgeinc.com,"7M99+M3 Natick, Massachusetts",(774) 286-1240
Power Construction Roofing & Siding Corp.,4.9,95,Roofing contractor,"232 Pond St, Natick, MA 01760",N/A,N/A,powerconstructionroofing.com,"7JHF+4M Natick, Massachusetts",(888) 405-8908
Flynn Roofing Company,5.0,50,Roofing contractor,"1131 Washington St Rear, Weymouth, MA 02189",N/A,N/A,flynnroofing.com,"53W9+RR Weymouth, Massachusetts",(617) 479-3431
Regal Roofing,N/A,N/A,Roofing contractor,"1050 Hancock St #3, Quincy, MA 02169",N/A,N/A,regalroofingllc.com,"7X4V+J4 Quincy, Massachusetts",(857) 358-0135
Northeast Industrial Roof,5.0,114,Roofing contractor,"510 Riverside Ave, Medford, MA 02155",N/A,N/A,niroof.com,"CW67+2W Medford, Massachusetts",(781) 874-0248
Quincy Siding and Roofing,N/A,N/A,Siding contractor,"4 Price St, Quincy, MA 02171",N/A,N/A,quincysidingandroofing.com,"7XH9+MQ Quincy, Massachusetts",(617) 397-3344
Grove Roofing And Siding,N/A,N/A,Contractor,"35 Papile Ln, Quincy, MA 02169",N/A,N/A,N/A,"7224+8Q Quincy, Massachusetts",N/A
"PEPSI Roofing Service & Attic Insulation Norwood, MA",4.0,N/A,Roofing contractor,"88 Rock St, Norwood, MA 02062",N/A,N/A,N/A,"5RR5+55 Norwood, Massachusetts",(617) 485-1410
"PEPSI Roofing Service & Attic Insulation Norwood, MA",4.0,N/A,Roofing contractor,"88 Rock St, Norwood, MA 02062",N/A,N/A,N/A,"5RR5+55 Norwood, Massachusetts",(617) 485-1410
Robert Evans Jr Contracting Inc,4.4,13,Roofing contractor,"38 R, Adams St, Millis, MA 02054",N/A,N/A,robertevansjrinc.com,"5JCX+G9 Millis, Massachusetts",(508) 877-3500
"POTTY Attic Insulation & Roofing Services Natick, MA",5.0,4,Painting,"38 Eliot Hill Rd, Natick, MA 01760",N/A,N/A,N/A,"7M77+2M Natick, Massachusetts",(508) 290-2475
DVITO ROOFING,3.7,10,Roofing contractor,"432 Morton St, Stoughton, MA 02072",N/A,N/A,dvitoroofingma.com,"4V6W+F3 Stoughton, Massachusetts",(781) 910-3842
Roofing-Remodeling,4.1,11,Roofing contractor,"77 Reservoir St, Brockton, MA 02301",N/A,N/A,N/A,"4W2Q+Q7 Brockton, Massachusetts",N/A
Wellesleys Roofing Repair,N/A,N/A,Roofing contractor,"69 Legacy Blvd, Dedham, MA 02026",N/A,N/A,N/A,"6RMC+FC Dedham, Massachusetts",(781) 782-2811
GN Exteriors - Roofers in Stoughton,5.0,5,Roofing contractor,"1528 Bay Rd, Stoughton, MA 02072",N/A,N/A,randolph-ma.gnexteriors.com,"4V29+HJ Stoughton, Massachusetts",(781) 436-2234
"ZND-ANG Attic-Solution & Insulation's & Roofing Service Milton, MA",5.0,2,Contractor,"75 Standish Rd, Milton, MA 02186",N/A,N/A,N/A,"7W69+C3 Milton, Massachusetts",(781) 210-9573
Cencon Roofing,N/A,N/A,Roofing contractor,"569 South St, Roslindale, MA 02131",N/A,N/A,cencon-roofing-roslindale.site,"7VVG+6Q Roslindale, Boston, MA",(617) 819-0724
Storm Group Roofing,N/A,N/A,Roofing contractor,"36 Kalmia Rd, Holbrook, MA 02343",N/A,N/A,stormgrouproofinginc.com,"4XPJ+5R Holbrook, Massachusetts",(781) 885-7001
Boston Roofing Repair Group,4.2,19,Roofing contractor,"312 Summer St, Boston, MA 02210",N/A,N/A,N/A,N/A,(857) 675-9338
Sika Corporation - Roofing Division,4.7,22,Warehouse,"225 Dan Rd, Canton, MA 02021",N/A,Closed ⋅ Opens 6:30AM ThuSee more hours,usa.sika.com,"5V5H+4X Canton, Massachusetts",(800) 451-2504
Weaver Roofing,N/A,N/A,Roofing contractor,"15 Roosevelt Rd, Holbrook, MA 02343",N/A,N/A,N/A,"4XWF+FP Holbrook, Massachusetts",(508) 326-4227
