name,rating,reviews_count,category,address,location,hours,website,plus_code,phone
"UBrothers Construction: Siding, Roofing, Doors and Windows, Decks",4.9,341,Siding contractor,"6 Temple St, Framingham, MA 01702",N/A,N/A,ubrothersconstruction.com,"7HW2+CH Framingham, Massachusetts",(800) 984-2667
"UBrothers Construction: Siding, Roofing, Doors and Windows, Decks",4.9,341,Siding contractor,"6 Temple St, Framingham, MA 01702",N/A,N/A,ubrothersconstruction.com,"7HW2+CH Framingham, Massachusetts",(800) 984-2667
Plum ProExteriors,5.0,74,Siding contractor,"55 Southville Rd, Southborough, MA 01772",N/A,N/A,plumproexteriors.com,"7F9M+GF Southborough, Massachusetts",(617) 655-6015
AG Home Improvement Inc,4.9,28,Siding contractor,"93 Boylston Cir, Shrewsbury, MA 01545",N/A,N/A,agsidingandroofing.com,"874J+Q7 Shrewsbury, Massachusetts",(508) 922-9615
United Home Experts,4.8,445,Roofing contractor,"60 Pleasant St #1, Ashland, MA 01721",Located in: MetroWest Design Center,N/A,unitedhomeexperts.com,"7G6J+C3 Ashland, Massachusetts",(508) 881-8555
Leland Siding Roofing & Windows,5.0,16,Siding contractor,"290 Village St, Medway, MA 02053",N/A,N/A,lelandsiding.com,"4HRH+6V Medway, Massachusetts",(508) 533-8664
Leland Siding Roofing & Windows,5.0,16,Roofing contractor,"290 Village St, Medway, MA 02053",N/A,N/A,lelandsiding.com,"4HRH+6V Medway, Massachusetts",(508) 533-8664
Ideal Siding Worcester,5.0,17,Siding contractor,"10 Nebraska St unit 21, Worcester, MA 01604",N/A,N/A,idealsiding.com,"769C+57 Worcester, Massachusetts",(508) 978-6327
Patriot Contracting Corporation Inc,4.8,26,Siding contractor,"873 Waverly St, Framingham, MA 01702",N/A,N/A,patriotcontractingcorporation.com,"7HF8+H9 Framingham, Massachusetts",(508) 969-1330
Sneade Brothers Windows-Siding,4.3,3,Window installation service,"85 Adams Rd, North Grafton, MA 01536",N/A,N/A,sneadebrotherswindowandsiding.com,"68HW+WX North Grafton, Grafton, MA",(508) 839-1164
Everlast Composite Siding,2.3,3,Siding contractor,"60 Pleasant St #1, Ashland, MA 01721",Located in: MetroWest Design Center,N/A,everlastsidingnewengland.com,"7G6J+C3 Ashland, Massachusetts",(877) 262-8807
DaBella,4.5,378,Siding contractor,"110 Turnpike Rd Suite 108, Westborough, MA 01581",N/A,N/A,dabella.us,"79MX+M3 Westborough, Massachusetts",(508) 594-3633
DaBella,4.5,378,Contractor,"110 Turnpike Rd Suite 108, Westborough, MA 01581",N/A,N/A,dabella.us,"79MX+M3 Westborough, Massachusetts",(508) 594-3633
"Experts of siding, inc.",5.0,N/A,Contractor,"56 Lake St, Shrewsbury, MA 01545",N/A,N/A,instagram.com,"77MM+7Q Shrewsbury, Massachusetts",(774) 641-8856
"Experts of siding, inc.",5.0,N/A,Contractor,"56 Lake St, Shrewsbury, MA 01545",N/A,N/A,instagram.com,"77MM+7Q Shrewsbury, Massachusetts",(774) 641-8856
Eternal Pros Construction Inc,5.0,32,Construction company,"40 Medway Rd, Milford, MA 01757",N/A,N/A,eternalprosconstruction.com,"5F2X+3M Milford, Massachusetts",(508) 381-3018
Extreme Roofing,4.9,49,Roofing contractor,"62 Water St, Milford, MA 01757",N/A,N/A,professional-construction.com,"4FQC+54 Milford, Massachusetts",(774) 586-8287
"Inka Construction Group: Decks, Windows & Siding Replacement Contractors",5.0,29,Contractor,"46 Wayside Rd, Westborough, MA 01581",N/A,N/A,inkaconstruction.com,"69VH+3R Westborough, Massachusetts",(617) 888-0788
"Inka Construction Group: Decks, Windows & Siding Replacement Contractors",5.0,29,Contractor,"46 Wayside Rd, Westborough, MA 01581",N/A,N/A,inkaconstruction.com,"69VH+3R Westborough, Massachusetts",(617) 888-0788
Custom Siding Trim and Windows,5.0,2,Window treatment store,"107 Harrington Ave, Shrewsbury, MA 01545",N/A,N/A,N/A,"77J5+P4 Shrewsbury, Massachusetts",(774) 329-7176
Construction Experts Inc,5.0,16,General contractor,"22 Leland St, Grafton, MA 01519",N/A,N/A,constructionexpertsinc.com,"59P3+W3 Grafton, Massachusetts",(508) 714-6817
Construction Experts Inc,5.0,16,General contractor,"22 Leland St, Grafton, MA 01519",N/A,N/A,constructionexpertsinc.com,"59P3+W3 Grafton, Massachusetts",(508) 714-6817
Capitol Siding & Home Improvement Co. Inc.,4.7,28,Siding contractor,"30 Auburn St, Auburn, MA 01501",N/A,N/A,capitolsiding.com,"6539+X3 Auburn, Massachusetts",(508) 832-5981
Jancon Exteriors,4.4,36,Siding contractor,"20 Grove St # 3, Franklin, MA 02038",N/A,N/A,janconexteriors.com,"3HPF+X4 Franklin, Massachusetts",(508) 520-3935
Jancon Exteriors,4.4,36,Siding contractor,"20 Grove St # 3, Franklin, MA 02038",N/A,N/A,janconexteriors.com,"3HPF+X4 Franklin, Massachusetts",(508) 520-3935
CPR ROOFING,5.0,82,Roofing contractor,"202 N Quinsigamond Ave, Shrewsbury, MA 01545",N/A,N/A,cprroofingma.com,"76QW+7F Shrewsbury, Massachusetts",(774) 214-6744
CPR ROOFING,5.0,82,Roofing contractor,"202 N Quinsigamond Ave, Shrewsbury, MA 01545",N/A,N/A,cprroofingma.com,"76QW+7F Shrewsbury, Massachusetts",(774) 214-6744
Shrewsbury Siding & Roofing Co,4.0,N/A,Roofing contractor,"600 Lake St, Shrewsbury, MA 01545",N/A,N/A,N/A,"67XC+WC Shrewsbury, Massachusetts",(508) 798-0633
Ultra Siding & Windows Co,1.0,N/A,Siding contractor,"25 Brigham St, Westborough, MA 01581",N/A,N/A,ultrasidingwindows.com,"799Q+GV Westborough, Massachusetts",(508) 898-2220
Heart Of The Common wealth Siding,N/A,N/A,Siding contractor,"650 Lincoln St #2, Worcester, MA 01605",N/A,N/A,siding-worcester.com,"76XP+99 Worcester, Massachusetts",(508) 422-5385
Heart Of The Common wealth Siding,N/A,N/A,Siding contractor,"650 Lincoln St #2, Worcester, MA 01605",N/A,N/A,siding-worcester.com,"76XP+99 Worcester, Massachusetts",(508) 422-5385
Total Guard Construction Inc,5.0,10,Roofing contractor,"40 Depot St, Milford, MA 01757",N/A,N/A,totalguardconstructioninc.com,"4FPP+R7 Milford, Massachusetts",(508) 488-7471
Total Guard Construction Inc,5.0,10,Roofing contractor,"40 Depot St, Milford, MA 01757",N/A,N/A,totalguardconstructioninc.com,"4FPP+R7 Milford, Massachusetts",(508) 488-7471
AG Home Improvement Inc,5.0,N/A,Roofing contractor,"3 Humes Ave, Worcester, MA 01605",N/A,N/A,agsidingandroofing.com,"862M+P8 Worcester, Massachusetts",(508) 922-9615
AG Home Improvement Inc,5.0,N/A,Roofing contractor,"3 Humes Ave, Worcester, MA 01605",N/A,N/A,agsidingandroofing.com,"862M+P8 Worcester, Massachusetts",(508) 922-9615
Prestige Roofing,4.8,81,Roofing contractor,"2 Spring St, Medway, MA 02053",N/A,N/A,prestigeroofingco.com,N/A,(508) 958-8822
"Advanced Roofing, Siding and Windows Inc.",4.8,26,Roofing contractor,"576 Boston Post Road E Suite I-B, 576 Boston Post Rd E suite b, Marlborough, MA 01752",N/A,N/A,goadvancedsiding.com,"8FXV+G2 Marlborough, Massachusetts",(978) 440-5020
Better Way Home Improvement - Vinyl Siding Contractor,5.0,59,Siding contractor,"152 Sutton Ave, Oxford, MA 01540",N/A,N/A,bettervinylsiding.com,"4567+X6 Oxford, Massachusetts",(508) 987-6900
"US Siding & Roofing - The best choice for Siding, Roofing, Paint and Windows",4.9,60,Roofing contractor,"357 Boston Post Rd, Sudbury, MA 01776",N/A,N/A,ussiding.net,"9H6M+QQ Sudbury, Massachusetts",(508) 761-0811
"US Siding & Roofing - The best choice for Siding, Roofing, Paint and Windows",4.9,60,Roofing contractor,"357 Boston Post Rd, Sudbury, MA 01776",N/A,N/A,ussiding.net,"9H6M+QQ Sudbury, Massachusetts",(508) 761-0811
SPG Home Services INC,5.0,11,Construction company,"6 Water St, Milford, MA 01757",N/A,N/A,spghomeservicesinc.com,"4FQG+6Q Milford, Massachusetts",(978) 606-4077
SPG Home Services INC,5.0,11,Construction company,"6 Water St, Milford, MA 01757",N/A,N/A,spghomeservicesinc.com,"4FQG+6Q Milford, Massachusetts",(978) 606-4077
Roofers Edge & Siding Inc,4.6,73,Roofing contractor,"2 Summer St #306, Natick, MA 01760",Located in: Clarks Block,N/A,roofersedgeinc.com,"7MM2+MW Natick, Massachusetts",(774) 273-7595
Roofers Edge & Siding Inc,4.6,73,Roofing contractor,"2 Summer St #306, Natick, MA 01760",Located in: Clarks Block,N/A,roofersedgeinc.com,"7MM2+MW Natick, Massachusetts",(774) 273-7595
ZOILA ROOFING & SIDING INC,5.0,N/A,Construction company,"143 Main St, Medway, MA 02053",N/A,N/A,N/A,"4HXG+6H Medway, Massachusetts",(774) 462-9506
Hendo Construction INC,5.0,17,Construction company,"49 Windsor Dr, Holliston, MA 01746",N/A,N/A,hendoconstructionmass.com,"6HFF+WJ Holliston, Massachusetts",(781) 330-4031
"Shine Construction, Inc.",5.0,150,Roofing contractor,"301 N Main St, Uxbridge, MA 01569",N/A,N/A,shineconstructioninc.com,"39Q5+R4 Uxbridge, Massachusetts",(508) 278-3300
"Four Brothers Roofing, Siding & Gutter Contractor Inc.",5.0,11,Roofing contractor,"23 Pamela Rd, Framingham, MA 01701",N/A,N/A,fourbrotherscontractors.com,"8HGF+JQ Framingham, Massachusetts",(508) 424-8158
"Four Brothers Roofing, Siding & Gutter Contractor Inc.",5.0,11,Roofing contractor,"23 Pamela Rd, Framingham, MA 01701",N/A,N/A,fourbrotherscontractors.com,"8HGF+JQ Framingham, Massachusetts",(508) 424-8158
Above Brothers Construction,5.0,21,Construction company,"42 Prospect St, Milford, MA 01757",N/A,N/A,abovebconstructioninc.com,"4FM9+JH Milford, Massachusetts",(508) 861-8291
Titan Restoration,4.8,22,Roofing contractor,"40 Prospect St, Milford, MA 01757",N/A,N/A,titanhomeexperts.com,"4FM9+JM Milford, Massachusetts",(617) 459-9019
J P Construction Inc.,5.0,3,Roofing contractor,"44 S Main St, Milford, MA 01757",N/A,N/A,jpconstructionsinc.com,"4FPH+3P Milford, Massachusetts",(774) 275-9830
ACP Construction Inc,5.0,4,Construction company,"3 Forest Path, Hopedale, MA 01747",N/A,N/A,acpconst.com,"4F9F+83 Hopedale, Massachusetts",(774) 405-6000
Wolfs Siding Inc.,5.0,17,Construction company,"156 Washburn St, Northborough, MA 01532",N/A,N/A,lp.wolfs-siding.com,"86M4+QX Northborough, Massachusetts",(774) 484-1895
Wolfs Siding Inc.,5.0,17,Construction company,"156 Washburn St, Northborough, MA 01532",N/A,N/A,lp.wolfs-siding.com,"86M4+QX Northborough, Massachusetts",(774) 484-1895
Superior Roofing Inc.,4.6,33,Roofing contractor,"230 A Church St, Whitinsville, MA 01588",N/A,Open ⋅ Closes 5PMSee more hours,superiorroofingofmass.com,"487V+8F Whitinsville, Northbridge, MA",(508) 234-6161
Superior Roofing Inc.,4.6,33,Roofing contractor,"230 A Church St, Whitinsville, MA 01588",N/A,Open ⋅ Closes 5PMSee more hours,superiorroofingofmass.com,"487V+8F Whitinsville, Northbridge, MA",(508) 234-6161
Rogers Insulation Specialists,5.0,255,Insulation contractor,"225 Arlington St Suite G, Framingham, MA 01702",N/A,N/A,rogersinsulation.com,"7H9M+7V Framingham, Massachusetts",(508) 875-3700
Rogers Insulation Specialists,5.0,255,Insulation contractor,"225 Arlington St Suite G, Framingham, MA 01702",N/A,N/A,rogersinsulation.com,"7H9M+7V Framingham, Massachusetts",(508) 875-3700
Universal Roofing Inc,4.9,120,Roofing contractor,"763 Waverly St, Framingham, MA 01702",N/A,N/A,universalroofingma.com,"7HFC+93 Framingham, Massachusetts",N/A
Universal Roofing Inc,4.9,120,Roofing contractor,"763 Waverly St, Framingham, MA 01702",N/A,N/A,universalroofingma.com,"7HFC+93 Framingham, Massachusetts",N/A
super siding,5.0,30,Siding contractor,"7 Gorham Ave, Clinton, MA 01510",N/A,N/A,thesupersiding.com,"C8MF+GM Clinton, Massachusetts",(508) 904-4520
super siding,5.0,30,Siding contractor,"7 Gorham Ave, Clinton, MA 01510",N/A,N/A,thesupersiding.com,"C8MF+GM Clinton, Massachusetts",(508) 904-4520
Patrick Glynn Roofing LLC,5.0,21,Roofing contractor,"18 Woodland Rd, Shrewsbury, MA 01545",N/A,N/A,pglynnroofing.com,"77QP+9P Shrewsbury, Massachusetts",(774) 292-9689
MASTERPIECE ROOFING INC,5.0,37,Roofing contractor,"1248 Highland St Unit 116, Holliston, MA 01746",N/A,N/A,masterpieceroof.com,"5HR6+XH Holliston, Massachusetts",(508) 882-6080
MASTERPIECE ROOFING INC,5.0,37,Roofing contractor,"1248 Highland St Unit 116, Holliston, MA 01746",N/A,N/A,masterpieceroof.com,"5HR6+XH Holliston, Massachusetts",(508) 882-6080
Elite Siding and Roofing,5.0,23,Siding contractor,"21 Cochituate Rd #2L, Wayland, MA 01778",N/A,N/A,elitesidingroofing.com,N/A,(508) 801-4544
DECK MASTER,4.0,4,General contractor,"87 High St, Milford, MA 01757",N/A,N/A,N/A,"4FVC+HP Milford, Massachusetts",(978) 648-1509
DECK MASTER,4.0,4,General contractor,"87 High St, Milford, MA 01757",N/A,N/A,N/A,"4FVC+HP Milford, Massachusetts",(978) 648-1509
"Koopman Lumber & Hardware Co, Whitinsville",4.8,185,Hardware store,"665 Church St, Whitinsville, MA 01588",N/A,N/A,koopmanlumber.com,"49F3+96 Whitinsville, Northbridge, MA",(508) 234-4545
"Koopman Lumber & Hardware Co, Whitinsville",4.8,185,Hardware store,"665 Church St, Whitinsville, MA 01588",N/A,N/A,koopmanlumber.com,"49F3+96 Whitinsville, Northbridge, MA",(508) 234-4545
ABC Supply Co. Inc.,4.3,38,Roofing supply store,"2 Sherman St, Worcester, MA 01610",N/A,N/A,abcsupply.com,"65VV+G4 Worcester, Massachusetts",(508) 792-1200
ABC Supply Co. Inc.,4.3,38,Roofing supply store,"2 Sherman St, Worcester, MA 01610",N/A,N/A,abcsupply.com,"65VV+G4 Worcester, Massachusetts",(508) 792-1200
"Koopman Lumber and Hardware, North Grafton",4.7,196,Hardware store,"82 Worcester St, North Grafton, MA 01536",N/A,N/A,koopmanlumber.com,"6884+QF North Grafton, Grafton, MA",(508) 839-6526
A Green Valley Construction | Decking | Finish Carpentry | Remodeling,5.0,30,General contractor,"12 Cross St, Westborough, MA 01581",N/A,N/A,agreenvalleyconstruction.com,"798P+JP Westborough, Massachusetts",(508) 861-5029
A Green Valley Construction | Decking | Finish Carpentry | Remodeling,5.0,30,General contractor,"12 Cross St, Westborough, MA 01581",N/A,N/A,agreenvalleyconstruction.com,"798P+JP Westborough, Massachusetts",(508) 861-5029
On Top Roofing,4.9,79,Roofing contractor,"45 River St, Millbury, MA 01527",N/A,N/A,otroofing.com,"56VM+3H Millbury, Massachusetts",(508) 299-7663
On Top Roofing,4.9,79,Roofing contractor,"45 River St, Millbury, MA 01527",N/A,N/A,otroofing.com,"56VM+3H Millbury, Massachusetts",(508) 299-7663
Novus Exteriors,4.3,45,Siding contractor,"5 Mt Royal Ave Building 5, Office 80, Marlborough, MA 01752",N/A,N/A,novusexteriorsinc.com,"8CQC+X6 Marlborough, Massachusetts",(508) 251-1361
Novus Exteriors,4.3,45,Contractor,"5 Mt Royal Ave Building 5, Office 80, Marlborough, MA 01752",N/A,N/A,novusexteriorsinc.com,"8CQC+X6 Marlborough, Massachusetts",(508) 251-1361
Alfa Construction Inc.,N/A,N/A,Siding contractor,"34 Pearl St, Bellingham, MA 02019",N/A,N/A,alfapaintingcarpentry.com,"4HJ4+4P Bellingham, Massachusetts",(508) 596-3750
Alfa Construction Inc.,N/A,N/A,Siding contractor,"34 Pearl St, Bellingham, MA 02019",N/A,N/A,alfapaintingcarpentry.com,"4HJ4+4P Bellingham, Massachusetts",(508) 596-3750
Exponential Construction Corp.,5.0,42,General contractor,"47 Mellen St ll4, Framingham, MA 01702",N/A,Open 24 hoursSee more hours,xpconstructioncorp.com,"7HCG+X2 Framingham, Massachusetts",(508) 960-6624
Exponential Construction Corp.,5.0,42,General contractor,"47 Mellen St ll4, Framingham, MA 01702",N/A,Open 24 hoursSee more hours,xpconstructioncorp.com,"7HCG+X2 Framingham, Massachusetts",(508) 960-6624
G&M Home Improvements Services,5.0,8,General contractor,"118 Union Ave Suite 13, Framingham, MA 01702",N/A,N/A,improveourhome.com,"7HJJ+CG Framingham, Massachusetts",(508) 380-3326
Preserve Services,5.0,5,General contractor,"119 Boston Turnpike #309, Shrewsbury, MA 01545",Located in: White City Shopping Center,N/A,preserveservices.com,"77G2+26 Shrewsbury, Massachusetts",(508) 475-9291
Preserve Services,5.0,5,General contractor,"119 Boston Turnpike #309, Shrewsbury, MA 01545",Located in: White City Shopping Center,N/A,preserveservices.com,"77G2+26 Shrewsbury, Massachusetts",(508) 475-9291
C. Langway and Sons Contractors,4.9,14,Painter,"8 Farnsworth Ct, Millbury, MA 01527",N/A,N/A,clangwayandsons.com,"56RQ+HJ Millbury, Massachusetts",(508) 254-5384
3D Siding,N/A,N/A,Siding contractor,"48a Florence St, Marlborough, MA 01752",N/A,N/A,3dsiding.com,"8FV2+XJ Marlborough, Massachusetts",(978) 812-9100
3D Siding,N/A,N/A,Siding contractor,"48a Florence St, Marlborough, MA 01752",N/A,N/A,3dsiding.com,"8FV2+XJ Marlborough, Massachusetts",(978) 812-9100
Betho Construction Inc,5.0,3,Roofing contractor,"26 Jefferson St, Milford, MA 01757",N/A,N/A,bethoconstructioninc.com,"4FRJ+FQ Milford, Massachusetts",(857) 310-8306
Betho Construction Inc,5.0,3,Roofing contractor,"26 Jefferson St, Milford, MA 01757",N/A,N/A,bethoconstructioninc.com,"4FRJ+FQ Milford, Massachusetts",(857) 310-8306
CARRIER ROOFING SIDING & WINDOWS,4.9,47,Roofing contractor,"1189 School St, Webster, MA 01570",N/A,N/A,carrierroofing.com,"24GC+HW Webster, Massachusetts",(508) 287-0288
Construction Plus,5.0,9,Painting,"12A Belvidere Ave, Framingham, MA 01702",N/A,N/A,constructionpaintingplus.com,"7HVR+2H Framingham, Massachusetts",(508) 202-7467
Construction Plus,5.0,9,Painting,"12A Belvidere Ave, Framingham, MA 01702",N/A,N/A,constructionpaintingplus.com,"7HVR+2H Framingham, Massachusetts",(508) 202-7467
Ultra Siding & Windows,5.0,5,Siding contractor,"20 Alberta Dr, Hudson, MA 01749",N/A,N/A,ultrasidingwindows.com,"9CHF+RX Hudson, Massachusetts",(978) 562-7499
