name,rating,reviews_count,category,address,location,hours,website,plus_code,phone
Floor & Decor,4.2,97,Flooring store,"80 2nd Ave, Waltham, MA 02451",N/A,Open ⋅ Closes 8PMSee more hours,flooranddecor.com,"9PVP+MJ Waltham, Massachusetts",(781) 464-3550
QUICK Bath & kitchen,5.0,14,Bathroom remodeler,"59 Apsley St #5, Hudson, MA 01749",N/A,N/A,quickbath.net,"9CWF+26 Hudson, Massachusetts",(978) 333-0684
QUICK Bath & kitchen,5.0,14,Bathroom remodeler,"59 Apsley St #5, Hudson, MA 01749",N/A,N/A,quickbath.net,"9CWF+26 Hudson, Massachusetts",(978) 333-0684
Custom Bath and Kitchens,4.7,115,Bathroom remodeler,"14 Brent Dr, Marlborough, MA 01752",N/A,N/A,custombathremodeling.com,"9FQR+5V Marlborough, Massachusetts",(508) 202-0017
KOHLER Signature Store by Supply New England,4.8,74,Bathroom supply store,"323 Speen St, Natick, MA 01760",N/A,N/A,kohlersignaturestorenatick.com,"8J49+2G Natick, Massachusetts",(508) 720-3820
The Bath Showcase,3.6,10,Plumbing supply store,"*Appointments recommended, 290 2nd Ave, Waltham, MA 02451",N/A,N/A,thebathshowcase.com,"9PQP+37 Waltham, Massachusetts",(781) 487-2211
Dolce Vita Kitchen and Bath,5.0,32,Cabinet store,"405 Cochituate Rd, Framingham, MA 01701",N/A,N/A,dvkitchens.com,"8J45+82 Framingham, Massachusetts",(508) 861-7314
Instyle Kitchens and Bathrooms,5.0,2,Tile contractor,"200 E Main St Unit D, Marlborough, MA 01752",N/A,N/A,N/A,"9F37+25 Marlborough, Massachusetts",(774) 203-3643
Kitchen & Bath Center,5.0,14,Kitchen remodeler,"2 Central St Suite 111, Framingham, MA 01701",N/A,N/A,kitchennbathcenter.com,"8HFX+XV Framingham, Massachusetts",(617) 934-8330
Ardente Supply and Waterspot Showrooms,4.3,11,Bathroom supply store,"575 Worcester St, Natick, MA 01760",N/A,N/A,ardente.com,"8M23+Q2 Natick, Massachusetts",(508) 651-2200
Bath of America,5.0,8,Bathroom remodeler,"14 Brent Dr, Hudson, MA 01749",N/A,N/A,bathofamerica.com,"9FQR+7X Hudson, Massachusetts",(508) 635-5644
DP Group Renovation & Tile,5.0,49,Bathroom remodeler,"25 Colpitts Rd Box 452, Weston, MA 02493",N/A,N/A,dpgrouprenovationinc.com,"9M8W+87 Weston, Massachusetts",(508) 456-9004
Norfolk Kitchen & Bath Framingham,4.1,38,Kitchen remodeler,"624 Worcester Rd, Framingham, MA 01702",N/A,N/A,norfolkkitchenandbath.com,"7HXH+44 Framingham, Massachusetts",(508) 848-4290
Norfolk Kitchen & Bath Framingham,4.1,38,Kitchen remodeler,"624 Worcester Rd, Framingham, MA 01702",N/A,N/A,norfolkkitchenandbath.com,"7HXH+44 Framingham, Massachusetts",(508) 848-4290
VS Remodeling Boston,5.0,19,Bathroom remodeler,"23 Washington Ave, Ashland, MA 01721",N/A,N/A,vsremodelingboston.com,"7H5F+WC Ashland, Massachusetts",(617) 612-5631
VS Remodeling Boston,5.0,19,Bathroom remodeler,"23 Washington Ave, Ashland, MA 01721",N/A,N/A,vsremodelingboston.com,"7H5F+WC Ashland, Massachusetts",(617) 612-5631
YD Construction Inc,4.9,100,Bathroom remodeler,"7 Lakespur, Wayland, MA 01778",N/A,N/A,yd-construction.com,"8MM9+JH Wayland, Massachusetts",(617) 640-8065
YD Construction Inc,4.9,100,Bathroom remodeler,"7 Lakespur, Wayland, MA 01778",N/A,N/A,yd-construction.com,"8MM9+JH Wayland, Massachusetts",(617) 640-8065
Decora Remodel,5.0,5,Tile contractor,"43 Park St, Framingham, MA 01702",Located in: United States Postal Service,N/A,decoratilestonecorp.com,"7HHJ+8F Framingham, Massachusetts",(774) 719-9080
Decora Remodel,5.0,5,Tile contractor,"43 Park St, Framingham, MA 01702",Located in: United States Postal Service,N/A,decoratilestonecorp.com,"7HHJ+8F Framingham, Massachusetts",(774) 719-9080
Sink & Spout,3.8,16,Bathroom supply store,"74 Otis St, Westborough, MA 01581",N/A,N/A,sinkandspout.com,"78JW+HP Westborough, Massachusetts",(508) 768-0370
Sink & Spout,3.8,16,Bathroom supply store,"74 Otis St, Westborough, MA 01581",N/A,N/A,sinkandspout.com,"78JW+HP Westborough, Massachusetts",(508) 768-0370
Beldon Home Solutions,N/A,N/A,Bathroom supply store,"2 Kane Industrial Dr, Hudson, MA 01749",Located in: Kane Industrial Park,N/A,bathplanet.com,"9FRV+HF Hudson, Massachusetts",(978) 562-7200
Newton Distributing Company,4.0,8,Distribution service,"245 W Central St, Natick, MA 01760",N/A,N/A,newtondistributing.com,"7JJ6+V5 Natick, Massachusetts",(877) 837-7745
Newton Distributing Company,4.0,8,Distribution service,"245 W Central St, Natick, MA 01760",N/A,N/A,newtondistributing.com,"7JJ6+V5 Natick, Massachusetts",(877) 837-7745
IDEAL Shower Doors - Wellesley Office,5.0,41,Shower door shop,"11 River St Suite 302, Wellesley, MA 02481",N/A,N/A,idealshowerdoors.com,"8PFR+V9 Wellesley, Massachusetts",(781) 694-6374
IDEAL Shower Doors - Wellesley Office,5.0,41,Shower door shop,"11 River St Suite 302, Wellesley, MA 02481",N/A,N/A,idealshowerdoors.com,"8PFR+V9 Wellesley, Massachusetts",(781) 694-6374
Art Remodeling Corp,5.0,13,Bathroom remodeler,"873 Waverly St, Framingham, MA 01702",N/A,N/A,artremodelingkitchenandbath.com,"7HF8+H9 Framingham, Massachusetts",(508) 405-0443
Art Remodeling Corp,5.0,13,Bathroom remodeler,"873 Waverly St, Framingham, MA 01702",N/A,N/A,artremodelingkitchenandbath.com,"7HF8+H9 Framingham, Massachusetts",(508) 405-0443
Foley & Sons Floor & Tile - The Faucetorium,4.9,22,Bathroom supply store,"161 Main St, Maynard, MA 01754",N/A,N/A,foleyandsonsfaucetorium.com,"CGJR+C9 Maynard, Massachusetts",(978) 897-6787
Republic's Collection,N/A,N/A,Bathroom supply store,"478 Waverly St Showroom, Framingham, MA 01702",N/A,N/A,republicscollection.com,"7HGJ+3C Framingham, Massachusetts",(508) 620-0600
Republic's Collection,N/A,N/A,Bathroom supply store,"478 Waverly St Showroom, Framingham, MA 01702",N/A,N/A,republicscollection.com,"7HGJ+3C Framingham, Massachusetts",(508) 620-0600
Ferguson Plumbing Supply,4.6,14,Plumbing supply store,"64 Worcester St, Natick, MA 01760",N/A,N/A,ferguson.com,"8M3C+FC Natick, Massachusetts",(508) 655-3301
Ferguson Plumbing Supply,4.6,14,Plumbing supply store,"64 Worcester St, Natick, MA 01760",N/A,N/A,ferguson.com,"8M3C+FC Natick, Massachusetts",(508) 655-3301
RK & Associates,5.0,8,Kitchen remodeler,"10 Martin Ln, Stow, MA 01775",N/A,N/A,rkassociates.net,"CF5W+H2 Stow, Massachusetts",N/A
Ribeiro Pro Services Corp,5.0,40,General contractor,"4 Mt Royal Ave Unit 4-110 I, Marlborough, MA 01752",Located in: knowledge park,N/A,rpsus.com,"8CQC+WJ Marlborough, Massachusetts",(412) 526-7643
Ribeiro Pro Services Corp,5.0,40,General contractor,"4 Mt Royal Ave Unit 4-110 I, Marlborough, MA 01752",Located in: knowledge park,N/A,rpsus.com,"8CQC+WJ Marlborough, Massachusetts",(412) 526-7643
Space Plus Closets and Cabinets,5.0,11,Carpenter,"796 Boston Post Rd E B4, Marlborough, MA 01752",N/A,N/A,spacepluss.com,"9G23+F3 Marlborough, Massachusetts",(508) 658-0080
Space Plus Closets and Cabinets,5.0,11,Carpenter,"796 Boston Post Rd E B4, Marlborough, MA 01752",N/A,N/A,spacepluss.com,"9G23+F3 Marlborough, Massachusetts",(508) 658-0080
DJ Tiles,4.8,74,Tile store,"785 Boston Post Rd E, Marlborough, MA 01752",N/A,N/A,djtiles.com,"9G22+4J Marlborough, Massachusetts",(508) 251-1269
North Home Builders,5.0,10,General contractor,"2 Central St Suite 105, Framingham, MA 01701",N/A,N/A,northhomebuilders.com,"8HFX+XR Framingham, Massachusetts",(617) 819-5355
KPX Countertops Inc,5.0,7,Countertop store,"181A Mill St S, Marlborough, MA 01752",N/A,N/A,kpxcountertops.com,"8FH5+H8 Marlborough, Massachusetts",(508) 970-8999
KPX Countertops Inc,5.0,7,Countertop store,"181A Mill St S, Marlborough, MA 01752",N/A,N/A,kpxcountertops.com,"8FH5+H8 Marlborough, Massachusetts",(508) 970-8999
Metropolitan Cabinets and Countertops,4.9,23,Cabinet store,"10 Mercer Rd, Natick, MA 01760",N/A,N/A,metcabinet.com,"7JW6+GH Natick, Massachusetts",(508) 651-8950
AK General Services,5.0,31,Contractor,"28 Gerry Drive, Hudson, MA 01749",N/A,N/A,ak-generalservices.com,N/A,(978) 760-1278
Precision Home Remodeling Group,3.5,41,Custom home builder,"72 Jefferson St Suite 101, Marlborough, MA 01752",N/A,N/A,N/A,"9C2V+7F Marlborough, Massachusetts",(855) 236-5099
CJO Builders,4.6,11,General contractor,"362 Eliot St, Ashland, MA 01721",N/A,N/A,cjobuilders.com,"6HVF+8H Ashland, Massachusetts",(508) 309-9224
CJO Builders,4.6,11,General contractor,"362 Eliot St, Ashland, MA 01721",N/A,N/A,cjobuilders.com,"6HVF+8H Ashland, Massachusetts",(508) 309-9224
RR IMPROVEMENT INC,5.0,34,Carpenter,"393 Worcester Rd, Framingham, MA 01701",N/A,N/A,rrimprovement.com,"7HXQ+GG Framingham, Massachusetts",(508) 740-7440
Onyx Marble & Granite,4.9,79,Natural stone supplier,"93 Beaver St, Framingham, MA 01702",N/A,N/A,onyxgranite.com,"7HFR+XX Framingham, Massachusetts",(508) 620-0775
Onyx Marble & Granite,4.9,79,Natural stone supplier,"93 Beaver St, Framingham, MA 01702",N/A,N/A,onyxgranite.com,"7HFR+XX Framingham, Massachusetts",(508) 620-0775
The Wiese Company,5.0,15,Construction company,"28 N Main St, Sherborn, MA 01770",N/A,N/A,wiese.com,"6JWJ+PG Sherborn, Massachusetts",(508) 655-4013
"Arts Marble, Granite, Quartz, Soapstone, Kitchen and Bathroom Countertops",4.9,28,Marble contractor,"765 Waverly St, Framingham, MA 01702",N/A,N/A,artsmarblegranitema.com,"7HCC+X3 Framingham, Massachusetts",(508) 309-3735
Spritzo-Worcester,4.6,7,Bathroom supply store,"660 Lincoln St, Worcester, MA 01605",N/A,N/A,splashspritzo.com,"76XP+8M Worcester, Massachusetts",(508) 853-5912
Spritzo-Worcester,4.6,7,Bathroom supply store,"660 Lincoln St, Worcester, MA 01605",N/A,N/A,splashspritzo.com,"76XP+8M Worcester, Massachusetts",(508) 853-5912
JM Construction,4.7,27,Remodeler,"82 Herbert St, Framingham, MA 01702",N/A,N/A,jmconstructionco.com,"7HCQ+24 Framingham, Massachusetts",(508) 533-1660
Hubley Painting & Remodeling,4.9,46,Kitchen remodeler,"41 Brigham St Unit 12, Marlborough, MA 01752",N/A,N/A,hubleypainting.com,"8FJ4+RR Marlborough, Massachusetts",(508) 681-3034
Plumbing and All,N/A,N/A,Plumber,"14 Brent Dr, Hudson, MA 01749",N/A,N/A,plumbingnall.com,"9FQR+7X Hudson, Massachusetts",(508) 870-9966
Granite Guy Inc,5.0,141,Granite supplier,"43 Turnpike Rd, Southborough, MA 01772",N/A,N/A,graniteguyinc.com,"7FWX+98 Southborough, Massachusetts",(508) 460-7900
A.W. Puma Restoration & Remodeling,5.0,43,Water damage restoration service,"209 W Central St Suite #104, Natick, MA 01760",N/A,N/A,awpuma.com,"7JM8+48 Natick, Massachusetts",(508) 941-8569
Artistic Tile & Design Inc,4.9,21,Tile contractor,"120 Worcester St, Natick, MA 01760",N/A,N/A,artistictilema.com,"8M39+8H Natick, Massachusetts",(508) 868-3320
Wayland Kitchens & Baths,5.0,12,Cabinet store,"1090 Great Plain Ave, Needham, MA 02492",N/A,N/A,waylandkitchens.com,"7QJ6+2F Needham, Massachusetts",(781) 449-3900
The Home Depot,4.2,1351,Home improvement store,"339 Speen St, Natick, MA 01760",N/A,Open ⋅ Closes 10PMSee more hours,homedepot.com,"8J49+PC Natick, Massachusetts",(508) 647-9600
The Home Depot,4.3,830,Home improvement store,"701 Boston Post Rd E, Marlborough, MA 01752",Located in: Marlborough Commons,Open ⋅ Closes 10PMSee more hours,homedepot.com,"8FXX+G5 Marlborough, Massachusetts",(508) 357-2223
Maize Restoration & Remodeling,4.8,53,Kitchen remodeler,"150 Speen St STE 306, Framingham, MA 01701",N/A,N/A,maizerestoration.com,"8J67+J9 Framingham, Massachusetts",(508) 317-1697
Maize Restoration & Remodeling,4.8,53,Kitchen remodeler,"150 Speen St STE 306, Framingham, MA 01701",N/A,N/A,maizerestoration.com,"8J67+J9 Framingham, Massachusetts",(508) 317-1697
"Peterson Remodeling, Inc.",5.0,6,General contractor,"69 W Plain St, Wayland, MA 01778",N/A,N/A,N/A,"8JFJ+7V Wayland, Massachusetts",(508) 545-2288
The Home Depot,4.1,1279,Bathroom supply store,"100 1st Ave, Waltham, MA 02451",N/A,Open ⋅ Closes 10PMSee more hours,homedepot.com,N/A,(781) 672-0900
HandymanGos' Inc,5.0,10,Handyman/Handywoman/Handyperson,"171 Fountain St, Ashland, MA 01721",N/A,Open 24 hoursSee more hours,N/A,"7HC2+5M Ashland, Massachusetts",(508) 840-8085
Advanced Building Services LLC,5.0,28,General contractor,"24 Whittier Rd, Natick, MA 01760",N/A,N/A,advancedbuildingservicesllc.com,"8M49+FH Natick, Massachusetts",(774) 836-5505
Advanced Building Services LLC,5.0,28,General contractor,"24 Whittier Rd, Natick, MA 01760",N/A,N/A,advancedbuildingservicesllc.com,"8M49+FH Natick, Massachusetts",(774) 836-5505
HomeGoods,4.4,188,Department store,"130 Market Pl Dr, Waltham, MA 02451",N/A,N/A,homegoods.com,"9PJQ+P5 Waltham, Massachusetts",(781) 893-0670
HomeGoods,4.4,188,Department store,"130 Market Pl Dr, Waltham, MA 02451",N/A,N/A,homegoods.com,"9PJQ+P5 Waltham, Massachusetts",(781) 893-0670
Bella Kitchen & Cabinetry,4.7,29,Cabinet maker,"65 Cherry St, Ashland, MA 01721",N/A,N/A,bellakitchencenter.com,"7G6J+9Q Ashland, Massachusetts",(508) 834-8356
WAG Contractor,5.0,9,General contractor,"8 Russell St #1, Hudson, MA 01749",N/A,N/A,wagcontractor.com,"9CVH+CQ Hudson, Massachusetts",(978) 317-5513
Homesense,4.3,302,Department store,"1 Worcester Rd, Framingham, MA 01701",Located in: Shoppers World,N/A,locations.us.homesense.com,"8J23+JF Framingham, Massachusetts",(508) 424-2591
GA Building & Remodeling,5.0,21,General contractor,"14 South St, Westborough, MA 01581",N/A,N/A,gabremodeling.com,"799P+JR Westborough, Massachusetts",(508) 356-5050
"Gowdy Group Design Build, LLC",5.0,3,Home builder,"20 Woodbury Rd, Southborough, MA 01772",N/A,N/A,gowdygroup.com,"7FFJ+54 Southborough, Massachusetts",(508) 922-1789
"Gowdy Group Design Build, LLC",5.0,3,Home builder,"20 Woodbury Rd, Southborough, MA 01772",N/A,N/A,gowdygroup.com,"7FFJ+54 Southborough, Massachusetts",(508) 922-1789
Stahl Construction,5.0,5,Remodeler,"6 Marshall Ave, Hopkinton, MA 01748",N/A,N/A,N/A,"6FGF+CW Hopkinton, Massachusetts",(508) 561-4699
Stahl Construction,5.0,5,Remodeler,"6 Marshall Ave, Hopkinton, MA 01748",N/A,N/A,N/A,"6FGF+CW Hopkinton, Massachusetts",(508) 561-4699
Exponential Construction Corp.,5.0,42,General contractor,"47 Mellen St ll4, Framingham, MA 01702",N/A,Open 24 hoursSee more hours,xpconstructioncorp.com,"7HCG+X2 Framingham, Massachusetts",(508) 960-6624
Remodart Corp,5.0,17,General contractor,"40 Mechanic St, Marlborough, MA 01752",N/A,N/A,remodart.com,"8CWW+P2 Marlborough, Massachusetts",(508) 906-9627
HomeGoods,4.5,405,Department store,"400 Cochituate Rd, Framingham, MA 01701",Located in: Framingham Mall Shopping Center,N/A,homegoods.com,"8J43+H6 Framingham, Massachusetts",(508) 872-6522
Wow Construction LLC,4.9,45,Construction company,"275 Grove St Suite 2-400 - #4065, Auburndale, MA 02466",N/A,N/A,wowconstruction.net,"8PQW+GW Auburndale, Newton, MA",(857) 499-2788
Wow Construction LLC,4.9,45,Construction company,"275 Grove St Suite 2-400 - #4065, Auburndale, MA 02466",N/A,N/A,wowconstruction.net,"8PQW+GW Auburndale, Newton, MA",(857) 499-2788
Design by The Jonathans,5.0,7,Interior designer,"111 Speen St 2nd floor, Framingham, MA 01701",N/A,N/A,thejonathans.com,"8J57+WP Framingham, Massachusetts",(774) 432-9500
Design by The Jonathans,5.0,7,Interior designer,"111 Speen St 2nd floor, Framingham, MA 01701",N/A,N/A,thejonathans.com,"8J57+WP Framingham, Massachusetts",(774) 432-9500
K & G Painting and Remodeling Inc,5.0,52,Painter,"40 Florence St A, Marlborough, MA 01752",N/A,N/A,kgpaintinginc.com,"8FW2+3P Marlborough, Massachusetts",(508) 726-6338
K & G Painting and Remodeling Inc,5.0,52,Painter,"40 Florence St A, Marlborough, MA 01752",N/A,N/A,kgpaintinginc.com,"8FW2+3P Marlborough, Massachusetts",(508) 726-6338
"Lonergan Construction, Inc",4.4,5,General contractor,"9 Louis Rd, Framingham, MA 01702",N/A,N/A,lonerganconstruction.com,"7HP5+G6 Framingham, Massachusetts",(508) 875-0052
"Lonergan Construction, Inc",4.4,5,General contractor,"9 Louis Rd, Framingham, MA 01702",N/A,N/A,lonerganconstruction.com,"7HP5+G6 Framingham, Massachusetts",(508) 875-0052
