name,rating,reviews_count,category,address,location,hours,website,plus_code,phone
Port Gutters,3.7,3,Contractor,"177 Elm St, Byfield, MA 01922",N/A,N/A,portgutters.com,"P3QF+M5 Byfield, Newbury, MA",(978) 465-1844
Jnr Gutters Inc,2.9,17,Gutter cleaning service,"38 Lancaster St, Haverhill, MA 01830",N/A,N/A,jnrgutters.com,"QWH7+X6 Haverhill, Massachusetts",(978) 372-4088
All Seamless Gutters,4.5,12,Contractor,"59 I St, Haverhill, MA 01835",N/A,N/A,allseamless.wix.com,"QV2V+7F Haverhill, Massachusetts",(678) 558-5512
All Seamless Gutters,4.5,12,Contractor,"59 I St, Haverhill, MA 01835",N/A,N/A,allseamless.wix.com,"QV2V+7F Haverhill, Massachusetts",(678) 558-5512
"Reynolds Gutter, inc.",5.0,9,Gutter cleaning service,"54 W Dane St, Beverly, MA 01915",N/A,N/A,reynoldsgutter.com,"H428+H4 Beverly, Massachusetts",(978) 927-5732
"Port Gutters, LLC",4.6,8,Gutter cleaning service,"45 Main St, Salisbury, MA 01952",N/A,N/A,portgutters.com,"V4CC+C9 Salisbury, Massachusetts",(978) 465-1844
Smart Uses Gutters,3.7,6,Gutter cleaning service,"143 River St, Haverhill, MA 01831",N/A,N/A,smartusesgutters.com,"QWC5+3X Haverhill, Massachusetts",(978) 519-2742
"Affordable Window Cleaning, LLC",5.0,17,Window cleaning service,"63 Searle St, Georgetown, MA 01833",N/A,N/A,affordablewindowcleaningllc.com,"P2FQ+83 Georgetown, Massachusetts",(978) 360-6224
"Affordable Window Cleaning, LLC",5.0,17,Window cleaning service,"63 Searle St, Georgetown, MA 01833",N/A,N/A,affordablewindowcleaningllc.com,"P2FQ+83 Georgetown, Massachusetts",(978) 360-6224
International Gutters,5.0,283,Gutter cleaning service,"17 Union Pl, Lynn, MA 01902",N/A,N/A,internationalgutters.com,"F396+R9 Lynn, Massachusetts",(855) 584-8883
International Gutters,5.0,283,Gutter cleaning service,"17 Union Pl, Lynn, MA 01902",N/A,N/A,internationalgutters.com,"F396+R9 Lynn, Massachusetts",(855) 584-8883
New England Gutter LLC,4.3,7,Roofing supply store,"931 Broadway, Haverhill, MA 01832",N/A,N/A,newenglandgutter.com,"QVQ5+Q6 Haverhill, Massachusetts",(978) 521-9211
N R Gutters Inc,N/A,N/A,Snow removal service,"114 Hale St Ste 2, Haverhill, MA 01830",N/A,N/A,N/A,"QWJ6+XC Haverhill, Massachusetts",(978) 372-4088
Essex Seamless Gutters INC.,4.8,16,Contractor,"89 B Lynn St, Peabody, MA 01960",N/A,N/A,essexseamlessgutter.com,"G362+RX Peabody, Massachusetts",(978) 531-5064
Essex Seamless Gutters INC.,4.8,16,Contractor,"89 B Lynn St, Peabody, MA 01960",N/A,N/A,essexseamlessgutter.com,"G362+RX Peabody, Massachusetts",(978) 531-5064
"American Gutter Cleaning & Installations, Inc.",3.1,115,Gutter cleaning service,"1023 East St, Tewksbury, MA 01876",N/A,N/A,americangutter.net,"JR96+VR Tewksbury, Massachusetts",(978) 851-6045
Eagle Seamless Gutter Inc.,4.1,23,Roofing contractor,"11 Alexandra Rd, Lynnfield, MA 01940",N/A,N/A,eagleseamlessgutter.com,"GX8F+X7 Lynnfield, Massachusetts",(781) 334-4444
Eagle Seamless Gutter Inc.,4.1,23,Roofing contractor,"11 Alexandra Rd, Lynnfield, MA 01940",N/A,N/A,eagleseamlessgutter.com,"GX8F+X7 Lynnfield, Massachusetts",(781) 334-4444
Raintech seamless gutters inc.,5.0,16,Gutter cleaning service,"270 Lawrence St #1, Lowell, MA 01852",N/A,N/A,raintechsg.com,"JMQW+6C Lowell, Massachusetts",(978) 479-3888
Raintech seamless gutters inc.,5.0,16,Gutter cleaning service,"270 Lawrence St #1, Lowell, MA 01852",N/A,N/A,raintechsg.com,"JMQW+6C Lowell, Massachusetts",(978) 479-3888
Ned Stevens Gutter Cleaning,4.5,1201,Gutter cleaning service,"150 Cross St, Winchester, MA 01890",N/A,N/A,nedstevens.com,"FV89+Q3 Winchester, Massachusetts",(781) 490-9410
"Budget Exteriors - Siding, Windows, Doors, Gutters",5.0,N/A,Siding contractor,"354 Merrimac Street, Entry C, suite 500, Lawrence, MA 01840",N/A,N/A,budgetexteriorsma.com,"PVF7+VV Lawrence, Massachusetts",(617) 830-1358
"Budget Exteriors - Siding, Windows, Doors, Gutters",5.0,N/A,Siding contractor,"354 Merrimac Street, Entry C, suite 500, Lawrence, MA 01840",N/A,N/A,budgetexteriorsma.com,"PVF7+VV Lawrence, Massachusetts",(617) 830-1358
LeafFilter Gutter Protection,4.1,194,Gutter cleaning service,"30 Commerce Way Suite 300A, Woburn, MA 01801",N/A,N/A,leaffilter.com,N/A,(800) 290-6106
All American Window Cleaning,N/A,N/A,Window cleaning service,"84 Choate St, Essex, MA 01929",N/A,N/A,N/A,"J5WR+97 Essex, Massachusetts",(978) 768-9009
Green Monster Gutters,4.9,38,Gutter cleaning service,"30 Spring St, Medford, MA 02155",N/A,N/A,greenmonstergutters.com,"CW74+58 Medford, Massachusetts",(617) 245-0202
Eastern Mass. Gutter Solutions,5.0,N/A,Gutter service,"100 Cummings Center, Beverly, MA 01915",N/A,N/A,easternmassguttersolutions.com,"H457+8J Beverly, Massachusetts",(857) 221-1607
Skyline Gutters,5.0,17,Gutter service,"55 Brackenbury St, Malden, MA 02148",N/A,N/A,skyline-gutters.com,"CW9J+3H Malden, Massachusetts",(857) 248-7548
John Scott Seamless Gutter Supply Inc,5.0,4,Contractor,"77 Alexander Rd, Billerica, MA 01821",N/A,N/A,johnscottgutters.com,"HQ4P+4X Billerica, Massachusetts",(888) 967-4771
John Scott Seamless Gutter Supply Inc,5.0,4,Contractor,"77 Alexander Rd, Billerica, MA 01821",N/A,N/A,johnscottgutters.com,"HQ4P+4X Billerica, Massachusetts",(888) 967-4771
Lima Gutters,5.0,2,Gutter cleaning service,"66 Woodlawn St, Everett, MA 02149",N/A,N/A,limagutters.com,"CX64+6H Everett, Massachusetts",(857) 888-1112
Lima Gutters,5.0,2,Gutter cleaning service,"66 Woodlawn St, Everett, MA 02149",N/A,N/A,limagutters.com,"CX64+6H Everett, Massachusetts",(857) 888-1112
Douglass Gutter Cleaning,3.7,3,Gutter cleaning service,"Beverly, MA 01915",N/A,N/A,N/A,"H5C2+RW Beverly, Massachusetts",(978) 767-5420
Patriot Exteriors,5.0,5,General contractor,"1 Massachusetts Ave, North Andover, MA 01845",N/A,N/A,N/A,"MVX3+8V North Andover, Massachusetts",(978) 551-7573
Patriot Exteriors,5.0,5,General contractor,"1 Massachusetts Ave, North Andover, MA 01845",N/A,N/A,N/A,"MVX3+8V North Andover, Massachusetts",(978) 551-7573
"New England Gutter Kings, Inc.",4.2,164,Gutter cleaning service,"50 Boston Rd, Lowell, MA 01852",N/A,N/A,nedstevens.com,"JMFP+6J Lowell, Massachusetts",(978) 404-7473
"New England Gutter Kings, Inc.",4.2,164,Gutter cleaning service,"50 Boston Rd, Lowell, MA 01852",N/A,N/A,nedstevens.com,"JMFP+6J Lowell, Massachusetts",(978) 404-7473
"New England Gutter Kings, Inc.",4.2,164,Gutter cleaning service,"50 Boston Rd, Lowell, MA 01852",N/A,N/A,nedstevens.com,"JMFP+6J Lowell, Massachusetts",(978) 404-7473
New England Gutter Cleaning,4.0,2,Gutter cleaning service,"3 Harbor St #127, Salem, MA 01970",N/A,N/A,N/A,"G494+4H Salem, Massachusetts",(978) 741-1211
Daves Window and Gutter Cleaning,4.3,15,Gutter cleaning service,"8 Walnut St, Wakefield, MA 01880",N/A,N/A,daveswindowandguttercleaning.com,"GW29+GQ Wakefield, Massachusetts",(781) 662-9415
Daves Window and Gutter Cleaning,4.3,15,Gutter cleaning service,"8 Walnut St, Wakefield, MA 01880",N/A,N/A,daveswindowandguttercleaning.com,"GW29+GQ Wakefield, Massachusetts",(781) 662-9415
"Patriot Attic Insulation & Roofing Service Dracut, MA",4.5,6,Gutter cleaning service,"45 Champlain St, Dracut, MA 01826",N/A,N/A,N/A,"MMCX+H6 Dracut, Massachusetts",(978) 209-4203
"Patriot Attic Insulation & Roofing Service Dracut, MA",4.5,6,Gutter cleaning service,"45 Champlain St, Dracut, MA 01826",N/A,N/A,N/A,"MMCX+H6 Dracut, Massachusetts",(978) 209-4203
4Pro Painting & Power Washing,5.0,30,Pressure washing service,"69 Washington St #5, Newburyport, MA 01950",N/A,N/A,4propowerwash.com,"R479+39 Newburyport, Massachusetts",(978) 835-2697
4Pro Painting & Power Washing,5.0,30,Pressure washing service,"69 Washington St #5, Newburyport, MA 01950",N/A,N/A,4propowerwash.com,"R479+39 Newburyport, Massachusetts",(978) 835-2697
Northfield Handyman Services,4.9,110,Handyman/Handywoman/Handyperson,"2 Merrimack St 3rd floor, Haverhill, MA 01830",N/A,N/A,northfieldhandyman.com,"QWFF+V7 Haverhill, Massachusetts",(978) 685-0568
KG Exterior Solutions,N/A,N/A,Contractor,"25 La Valley Ln, Newburyport, MA 01950",N/A,N/A,N/A,"R33H+29 Newburyport, Massachusetts",(978) 255-4977
FRS Roofing + Gutters,4.9,516,Roofing contractor,"11 Salem St Suite 12, Medford, MA 02155",N/A,N/A,frsroof.com,"CV9R+79 Medford, Massachusetts",(781) 322-6252
Roofing Service Pro's,5.0,12,Roofing contractor,"13 Elm St, Boxford, MA 01921",N/A,N/A,N/A,"M262+RV Boxford, Massachusetts",N/A
Watertown Gutter Cleaning,4.3,19,Gutter cleaning service,"4 Cypress St, Watertown, MA 02472",N/A,N/A,watertownguttercleaning.com,"9R8J+76 Watertown, Massachusetts",(781) 777-3933
Torri Gutters & Painting,5.0,6,Painter,"76 Campbell Ave, Revere, MA 02151",N/A,N/A,torrigutters.com,"C233+59 Revere, Massachusetts",(781) 560-3617
Northeast Maintenance Services,4.9,64,Gutter cleaning service,"4 Sherwood Dr, Bedford, MA 01730",N/A,N/A,northeastmaintenance.com,"GP2W+F8 Bedford, Massachusetts",(339) 221-7222
Shannon Gutter Services,5.0,4,Gutter cleaning service,"63 Franklin St, Watertown, MA 02472",N/A,N/A,N/A,"9R8G+H6 Watertown, Massachusetts",(617) 926-3064
Donohue Seamless Gutters,4.6,7,Gutter cleaning service,"68 Kent St, Scituate, MA 02066",N/A,N/A,donohuegutters.com,"57PF+W3 Scituate, Massachusetts",(781) 545-2649
Master Gutter Service,5.0,7,Gutter service,"430 Marrett Rd, Lexington, MA 02421",N/A,N/A,mastergutterservice.com,"CQM5+M2 Lexington, Massachusetts",(781) 691-2211
Sensible Home Roofing,5.0,12,Roofing contractor,"26 Spruce St, Haverhill, MA 01830",N/A,N/A,sensiblehomeroofing.com,"QX94+32 Haverhill, Massachusetts",(603) 699-0793
T.J.Roofing,3.0,6,Roofing contractor,"143 Linebrook Rd, Ipswich, MA 01938",N/A,N/A,N/A,"M4QP+67 Ipswich, Massachusetts",(978) 356-4716
A's Gutter Cleaning & Power Washing,5.0,N/A,Gutter cleaning service,"185 Stackpole St A, Lowell, MA 01852",N/A,N/A,N/A,"JPW2+49 Lowell, Massachusetts",(978) 918-8209
"Burke & Crew Paintwrights, INC",5.0,47,Painter,"7 Whale Rocks Rd, Gloucester, MA 01930",N/A,N/A,burkeandcrew.com,"J7RG+36 Gloucester, Massachusetts",(978) 835-8588
Roofing Plus Gutters,N/A,N/A,Roofing contractor,"95 Maple St #20, Malden, MA 02148",N/A,N/A,roofingplusgutters.com,"CWJC+2V Malden, Massachusetts",(781) 242-5566
Boston Roofing And Gutters,4.4,43,Roofing contractor,"277 Newport Ave, Quincy, MA 02170",N/A,N/A,bostonroofingandgutters.com,"7X8H+QC Quincy, Massachusetts",(781) 267-3778
"Precision Roofing Services Of New England, Inc.",4.8,48,Roofing contractor,"35 John Wise Ave, Essex, MA 01929",N/A,N/A,precisionroofingservicesne.com,"J6QC+P2 Essex, Massachusetts",(978) 281-3340
Boston Roofing and Gutters,2.9,13,Roofing contractor,"26 Bowdoin St, Boston, MA 02114",N/A,N/A,N/A,"9W6P+3X Boston, Massachusetts",(857) 675-9338
PKM General contracting,5.0,54,Roofing contractor,"35 Village Rd Suite 100, Middleton, MA 01949",N/A,Closed ⋅ Opens 7AM FriSee more hours,pkmgeneralcontracting.com,"J22H+65 Middleton, Massachusetts",(978) 798-5047
East Boston Roofing and Gutters,4.0,4,Roofing contractor,"217 Princeton St, Boston, MA 02128",N/A,N/A,N/A,"9XJ9+HR Boston, Massachusetts",(508) 816-5716
Local Roofers,N/A,N/A,Roofing contractor,"53 State St, Newburyport, MA 01950",N/A,N/A,elocalroofers.com,"R45H+WW Newburyport, Massachusetts",(877) 503-0623
