name,rating,reviews_count,category,address,location,hours,website,plus_code,phone
"Gutters & Siding, LLC",5.0,46,Siding contractor,"30 Spring St, Pittsfield, MA 01201",N/A,N/A,guttersnsiding.com,"FQ45+78 Pittsfield, Massachusetts",(413) 347-9002
"Gutters & Siding, LLC",5.0,46,Siding contractor,"30 Spring St, Pittsfield, MA 01201",N/A,N/A,guttersnsiding.com,"FQ45+78 Pittsfield, Massachusetts",(413) 347-9002
Western Mass Vinyl Siding,5.0,6,Siding contractor,"120 Hampton Ave, Westfield, MA 01085",N/A,N/A,westernmassvinylsiding.com,"57MX+CC Westfield, Massachusetts",(413) 301-3341
Western Mass Vinyl Siding,5.0,6,Siding contractor,"120 Hampton Ave, Westfield, MA 01085",N/A,N/A,westernmassvinylsiding.com,"57MX+CC Westfield, Massachusetts",(413) 301-3341
"PHIL BEAULIEU & SONS HOME IMPROVEMENT, INC",4.8,142,Roofing contractor,"217 Grattan St, Chicopee, MA 01020",N/A,N/A,beaulieuhomeimprovement.com,"5C76+G9 Chicopee, Massachusetts",(413) 592-1498
"A-Z Exterior Repairs, INC",5.0,84,Roofing contractor,"53 S Ramah Cir, Agawam, MA 01001",N/A,N/A,azexteriorrepairs.com,"39P9+2R Agawam, Massachusetts",(413) 378-2006
West Side Contractors Inc. Quality Home Exteriors,4.8,20,Siding contractor,"9 S Bridge Dr, Agawam, MA 01001",N/A,N/A,prowsc.com,"3CJ6+RV Agawam, Massachusetts",(413) 650-5959
Ideal Siding Springfield,5.0,3,Siding contractor,"117 Cochran St, Chicopee, MA 01020",N/A,N/A,idealsiding.com,"5C3F+JG Chicopee, Massachusetts",(413) 788-1348
ALL Star Insulation & Siding,3.2,20,Insulation contractor,"56 Franklin St, Easthampton, MA 01027",N/A,N/A,allstarinsulationsiding.com,"789Q+WP Easthampton, Massachusetts",(413) 527-0044
ALL Star Insulation & Siding,3.2,20,Insulation contractor,"56 Franklin St, Easthampton, MA 01027",N/A,N/A,allstarinsulationsiding.com,"789Q+WP Easthampton, Massachusetts",(413) 527-0044
PATRICK KELLY ROOFING AND SIDING,5.0,113,Roofing contractor,"12 Old Feeding Hills Rd, Westfield, MA 01085",N/A,N/A,patrickkellyroofing.com,"37XQ+HP Westfield, Massachusetts",(413) 568-9513
Superior Exterior Repairs,5.0,17,Siding contractor,"137 Great Plains Rd, West Springfield, MA 01089",N/A,N/A,superiorexteriorrepairs.com,"489C+WR West Springfield, Massachusetts",(413) 861-2077
Nova Home Improvements,4.9,88,Roofing contractor,"764 Springfield St, Feeding Hills, MA 01030",N/A,N/A,novahomeimprovements.net,"38GW+J5 Feeding Hills, Agawam, MA",(413) 455-8218
Major Home Improvements,5.0,205,Roofing contractor,"22 Verona St, Westfield, MA 01085",N/A,N/A,majorhomeimprovements.com,"477F+XP Westfield, Massachusetts",(413) 887-3295
Major Home Improvements,5.0,205,Roofing contractor,"22 Verona St, Westfield, MA 01085",N/A,N/A,majorhomeimprovements.com,"477F+XP Westfield, Massachusetts",(413) 887-3295
"Adam Quenneville Roofing & Siding, Inc.",5.0,951,Roofing contractor,"160 Old Lyman Rd, South Hadley, MA 01075",N/A,N/A,1800newroof.net,"6C9P+GJ South Hadley, Massachusetts",(413) 536-5955
Profound Home Improvement LLC,5.0,19,Roofing contractor,"183 Main St, Westfield, MA 01085",N/A,N/A,profoundhomeimprovement.com,"4788+R4 Westfield, Massachusetts",(413) 417-0977
Profound Home Improvement LLC,5.0,19,Roofing contractor,"183 Main St, Westfield, MA 01085",N/A,N/A,profoundhomeimprovement.com,"4788+R4 Westfield, Massachusetts",(413) 417-0977
Sheldon Construction,3.0,4,Siding contractor,"60 Crooked Ledge Rd, Southampton, MA 01073",N/A,N/A,sheldonconstructioninc.co,"66MW+JR Southampton, Massachusetts",(413) 527-4227
Keystone Windows & Siding,N/A,N/A,Siding contractor,"3 Juliana Dr #8432, Pittsfield, MA 01201",N/A,N/A,N/A,"CQJV+3M Pittsfield, Massachusetts",(413) 499-0512
Statewide Roofing & Siding,5.0,N/A,Roofing contractor,"Westfield, MA 01085",Located in: Ryan's Liquors,N/A,N/A,"47G2+25 Westfield, Massachusetts",(413) 568-7262
Statewide Roofing & Siding,5.0,N/A,Roofing contractor,"Westfield, MA 01085",Located in: Ryan's Liquors,N/A,N/A,"47G2+25 Westfield, Massachusetts",(413) 568-7262
American Way Home Improvement Co,4.3,6,Siding contractor,"613 Montgomery Rd, Westfield, MA 01085",N/A,N/A,N/A,N/A,(413) 569-5044
American Way Home Improvement Co,4.3,6,Roofing contractor,"613 Montgomery Rd, Westfield, MA 01085",N/A,N/A,N/A,"56HF+5F Westfield, Massachusetts",(413) 569-5044
Window World of Western Massachusetts,4.8,571,Window installation service,"20 Daniel Shays Hwy, Belchertown, MA 01007",N/A,N/A,windowworldofwesternma.com,"7HRV+HC Belchertown, Massachusetts",(413) 485-7335
Pro Builders Home Improvement,4.9,28,Roofing contractor,"80 Cornell St, Springfield, MA 01109",N/A,N/A,probuildershomeimprovement.com,"4C9H+Q3 Springfield, Massachusetts",(413) 519-0902
Vista Home Improvement,4.7,468,Contractor,"2097 Riverdale St, West Springfield, MA 01089",N/A,N/A,vistahomeimprovement.com,"5968+4V West Springfield, Massachusetts",(413) 350-1219
Nextgen Roofing,5.0,319,Siding contractor,"1 Arch Rd Suite 11, Westfield, MA 01085",N/A,N/A,nextgen413.net,N/A,(413) 613-4052
Nextgen Roofing,5.0,319,Roofing contractor,"1 Arch Rd Suite 11, Westfield, MA 01085",N/A,N/A,nextgen413.net,"47V6+2X Westfield, Massachusetts",(413) 613-4052
"CDA Roofing & Siding Contractors, LLC",4.4,44,Roofing contractor,"1775 Main St, Agawam, MA 01001",N/A,N/A,cdaroofing.net,"29MM+5C Agawam, Massachusetts",(413) 786-4081
M & P Aluminum Siding Inc,3.4,5,Siding contractor,"25 Tracy Dr, Agawam, MA 01001",N/A,N/A,N/A,"39G8+6C Agawam, Massachusetts",(413) 734-2797
R & T Roofing and Remodeling,4.7,25,Roofing contractor,"30 Putnam Ave, Pittsfield, MA 01201",N/A,N/A,rtroofingma.com,"CQR9+MF Pittsfield, Massachusetts",(413) 281-1105
James Roberts Roofing,2.5,8,Roofing contractor,"30 Edwards Rd, Westhampton, MA 01027",N/A,N/A,robertsroofinginc.net,"76JF+24 Westhampton, Massachusetts",(413) 441-0350
Cedar Falls Roofing and Siding,3.0,2,Roofing contractor,"209 Prospect St, Chicopee, MA 01013",N/A,N/A,cedarfallsroofingandsiding.com,"5CV4+RJ Chicopee, Massachusetts",(413) 885-2852
Cedar Falls Roofing and Siding,3.0,2,Roofing contractor,"209 Prospect St, Chicopee, MA 01013",N/A,N/A,cedarfallsroofingandsiding.com,"5CV4+RJ Chicopee, Massachusetts",(413) 885-2852
"Berkshire Home Pros, Inc",4.6,11,General contractor,"1023 South St, Dalton, MA 01226",N/A,N/A,berkshirehomepros.com,"FR37+GV Dalton, Massachusetts",(413) 822-2131
"J. Sicard Construction, Inc.",4.9,28,Roofing contractor,"43 Lamb St, South Hadley, MA 01075",N/A,N/A,jodysicardconstruction.com,"6C95+47 South Hadley, Massachusetts",(413) 535-9908
Pepin Roofing & Siding Co,N/A,N/A,Roofing contractor,"52 Cottage St, Easthampton, MA 01027",N/A,N/A,N/A,N/A,(413) 527-3640
Steady Roofing & Home Improvment Inc.,5.0,N/A,Roofing contractor,"49 Grant St, Easthampton, MA 01027",N/A,N/A,facebook.com,"78CR+3X Easthampton, Massachusetts",(413) 640-7728
ABC Supply Co. Inc.,4.4,36,Roofing supply store,"152 Fisk Ave, Springfield, MA 01107",N/A,N/A,abcsupply.com,"49FP+Q9 Springfield, Massachusetts",(413) 781-6760
ABC Supply Co. Inc.,4.4,36,Roofing supply store,"152 Fisk Ave, Springfield, MA 01107",N/A,N/A,abcsupply.com,"49FP+Q9 Springfield, Massachusetts",(413) 781-6760
Mayers Enterprise LLC,5.0,3,General contractor,"427 Beech St, Holyoke, MA 01040",N/A,N/A,mayersenterprisellc.com,"692H+WF Holyoke, Massachusetts",(413) 420-7105
Finyl Vinyl - Siding - Windows - Roofing,3.0,12,Siding contractor,"33 Grattan St, Chicopee, MA 01020",N/A,N/A,finyl-vinyl.com,"5C68+8Q Chicopee, Massachusetts",(413) 592-2376
D & S Roofing & Siding,3.2,9,Roofing contractor,"29 Hastings St, Chicopee, MA 01020",N/A,N/A,N/A,"5C48+2P Chicopee, Massachusetts",(413) 592-9490
Tom Quinlin Roofing Siding,5.0,N/A,Roofing contractor,"12 Bayberry Ln, Hadley, MA 01035",N/A,N/A,N/A,"CCCR+GR Hadley, Massachusetts",(413) 549-5474
Lionel Couture Siding & Roofing,N/A,N/A,Siding contractor,"55 Wishing Well Way, West Springfield, MA 01089",N/A,N/A,N/A,"48FQ+G8 West Springfield, Massachusetts",(413) 737-7484
Lionel Couture Siding & Roofing,N/A,N/A,Siding contractor,"55 Wishing Well Way, West Springfield, MA 01089",N/A,N/A,N/A,"48FQ+G8 West Springfield, Massachusetts",(413) 737-7484
Home Facelifters,4.8,4,Contractor,"30 Cove Island Rd, South Hadley, MA 01075",N/A,N/A,N/A,"69HQ+43 South Hadley, Massachusetts",(413) 532-4517
NRB Roof Pros,4.7,14,Roofing contractor,"510 New Ludlow Rd, South Hadley, MA 01075",N/A,N/A,roofpros413.com,"6C8R+HJ South Hadley, Massachusetts",(413) 707-7663
ABC Supply Co. Inc.,4.5,37,Roofing supply store,"75 Page Blvd, Springfield, MA 01104",N/A,N/A,abcsupply.com,"4CHP+F2 Springfield, Massachusetts",(413) 781-7300
Berkshire Roofing Co LLC,4.9,42,Roofing contractor,"2 Castle Hill Rd, Stockbridge, MA 01262",N/A,N/A,bgrco.net,"7MJ5+R8 Stockbridge, Massachusetts",(413) 298-1029
Supreme Gutters LLC,5.0,198,Gutter service,"66 Marlborough St, Chicopee, MA 01020",N/A,N/A,supremeguttersllc.com,"4CVC+GM Chicopee, Massachusetts",(413) 459-4688
Morrison's Home Improvement,4.2,42,General contractor,"25 Pittsfield Road Rt. 7 & 20, 25 Veterans Memorial Hwy, Lenox, MA 01240",N/A,N/A,morrisonshomeimprovement.com,"9PGC+2V Lenox, Massachusetts",(413) 442-3001
Paradis Remodeling and Building,5.0,N/A,Siding contractor,"164 Valley Rd, Southampton, MA 01073",N/A,N/A,paradisremodelingandbuilding.com,N/A,(413) 535-7006
Paradis Remodeling and Building,5.0,N/A,Contractor,"164 Valley Rd, Southampton, MA 01073",N/A,N/A,paradisremodelingandbuilding.com,"57W4+XP Southampton, Massachusetts",(413) 535-7006
Rachiele Construction Co Inc,N/A,N/A,Contractor,"117 Velma Ave, Pittsfield, MA 01201",N/A,N/A,N/A,"CPPJ+FQ Pittsfield, Massachusetts",(413) 442-3980
Rachiele Construction Co Inc,N/A,N/A,Contractor,"117 Velma Ave, Pittsfield, MA 01201",N/A,N/A,N/A,"CPPJ+FQ Pittsfield, Massachusetts",(413) 442-3980
Pristine Roofing Siding,N/A,N/A,Roofing contractor,"128 Commonwealth Ave, Springfield, MA 01108",N/A,N/A,N/A,"3CMW+4M Springfield, Massachusetts",(413) 782-3456
attaboy home improvement,3.0,8,Construction company,"91 W Union St, Pittsfield, MA 01201",N/A,N/A,N/A,"FP4P+22 Pittsfield, Massachusetts",(413) 841-7504
Todd Boynton Roofing & Siding,3.0,8,Roofing contractor,"83 Silver St, Greenfield, MA 01301",N/A,N/A,N/A,"JC47+C9 Greenfield, Massachusetts",(413) 775-2775
Teyko Construction,N/A,N/A,General contractor,"990 Russell Rd, Westfield, MA 01085",N/A,N/A,N/A,"45QV+X6 Westfield, Massachusetts",(413) 454-7553
Guiel Construction,5.0,2,Construction company,"63 Chesterfield Rd, Williamsburg, MA 01096",N/A,N/A,guiel.com,"96QV+42 Williamsburg, Massachusetts",(413) 268-9200
Guiel Construction,5.0,2,Construction company,"63 Chesterfield Rd, Williamsburg, MA 01096",N/A,N/A,guiel.com,"96QV+42 Williamsburg, Massachusetts",(413) 268-9200
"Rodriguez landscaping. House siding replacement ,Power washing,",N/A,N/A,Landscaper,"462 Maple St #2l, Holyoke, MA 01040",N/A,N/A,N/A,"692M+2Q Holyoke, Massachusetts",(413) 693-4959
Wells Custom Framers,5.0,N/A,General contractor,"850 Main Street Suite 4, Dalton, MA 01226",N/A,N/A,wellscustomframers.com,"FVVJ+5V Dalton, Massachusetts",(413) 281-0516
Wells Custom Framers,5.0,N/A,General contractor,"850 Main Street Suite 4, Dalton, MA 01226",N/A,N/A,wellscustomframers.com,"FVVJ+5V Dalton, Massachusetts",(413) 281-0516
The Home Depot,3.9,810,Home improvement store,"555 Hubbard Ave, Pittsfield, MA 01201",N/A,Open ⋅ Closes 10PMSee more hours,homedepot.com,"FR72+Q5 Pittsfield, Massachusetts",(413) 445-9901
Bartini Roofing Co,5.0,4,Roofing contractor,"290 Pleasant St, Lee, MA 01238",N/A,N/A,N/A,"7QQ4+MM Lee, Massachusetts",(413) 243-0570
Rachiele Construction Co Inc,N/A,N/A,Contractor,"117 Velma Ave, Pittsfield, MA 01201",N/A,N/A,N/A,"CPPJ+FQ Pittsfield, Massachusetts",(413) 442-3980
Rachiele Construction Co Inc,N/A,N/A,Contractor,"117 Velma Ave, Pittsfield, MA 01201",N/A,N/A,N/A,"CPPJ+FQ Pittsfield, Massachusetts",(413) 442-3980
Pristine Roofing Siding,N/A,N/A,Roofing contractor,"128 Commonwealth Ave, Springfield, MA 01108",N/A,N/A,N/A,"3CMW+4M Springfield, Massachusetts",(413) 782-3456
attaboy home improvement,3.0,8,Construction company,"91 W Union St, Pittsfield, MA 01201",N/A,N/A,N/A,"FP4P+22 Pittsfield, Massachusetts",(413) 841-7504
Todd Boynton Roofing & Siding,3.0,8,Roofing contractor,"83 Silver St, Greenfield, MA 01301",N/A,N/A,N/A,"JC47+C9 Greenfield, Massachusetts",(413) 775-2775
Teyko Construction,N/A,N/A,General contractor,"990 Russell Rd, Westfield, MA 01085",N/A,N/A,N/A,"45QV+X6 Westfield, Massachusetts",(413) 454-7553
Hdz construction inc,5.0,N/A,Roofing contractor,"602 Dickinson St, Springfield, MA 01108",N/A,N/A,N/A,"3CJW+P2 Springfield, Massachusetts",(413) 777-3990
"Wheeler, Robert Seamless Gutters",5.0,5,Roofing contractor,"54 Harvard St, Pittsfield, MA 01201",N/A,N/A,N/A,"FQ59+3V Pittsfield, Massachusetts",(413) 358-4815
Drapeau & Galindo Home Improvement,3.5,4,Roofing contractor,"116 Lathrop St, South Hadley, MA 01075",N/A,N/A,N/A,"6CH2+CH South Hadley, Massachusetts",(413) 533-8684
