name,rating,reviews_count,category,address,location,hours,website,plus_code,phone
Tip Top Roofing,4.9,358,Roofing contractor,"245 W Boylston St, West Boylston, MA 01583",N/A,N/A,tiptoproofs.com,"86W7+HM West Boylston, Massachusetts",(508) 835-4777
TRUEHOME Roofing,4.9,150,Roofing contractor,"71 Sterling St UNIT B, West Boylston, MA 01583",N/A,N/A,truehomeroofing.com,"96HF+MW West Boylston, Massachusetts",(774) 292-5018
O'Brien Home Services,4.6,11,Roofing contractor,"391 Salisbury St, Holden, MA 01520",N/A,N/A,obrienhomeservices.com,"84HX+8H Holden, Massachusetts",(508) 829-9675
Supreme Roofing and Home Improvement Llc.,5.0,8,Roofing contractor,"29 Miller St #2, Leominster, MA 01453",N/A,N/A,supremehomeimprovements.com,"G69V+7X Leominster, Massachusetts",(978) 828-5706
Five star roofing contractors inc,4.4,14,Roofing contractor,"25 Mohawk Dr, Leominster, MA 01453",N/A,N/A,fivestarroofingcontractorsinc.com,"G7G7+WG Leominster, Massachusetts",(917) 673-2840
Royal Construction and Roofing,4.1,14,Roofing contractor,"36 Stephens Rd, Leominster, MA 01453",N/A,N/A,N/A,"G66J+P5 Leominster, Massachusetts",(978) 846-6490
TekRoof,4.9,57,Roofing contractor,"169 Lyman Rd, Berlin, MA 01503",N/A,N/A,tekroof.com,"987W+72 Berlin, Massachusetts",(833) 835-7663
"Brian M. LeBlanc Roofing, Inc.",4.9,169,Roofing contractor,"27 Cherry St, Leominster, MA 01453",N/A,N/A,brianleblancroofing.com,"G6HF+QQ Leominster, Massachusetts",(800) 761-4296
Amazing Roofing,4.0,4,Roofing contractor,"298 Lancaster St #3, Leominster, MA 01453",N/A,N/A,N/A,"G782+87 Leominster, Massachusetts",(508) 933-2265
EAW Roofing and Construction Inc.,4.5,44,Roofing contractor,"1042 Main St, Clinton, MA 01510",N/A,Closed ⋅ Opens 6AM ThuSee more hours,eawroofing.com,"C8M7+58 Clinton, Massachusetts",(978) 733-1435
Red Dog's Roofing LLC,5.0,125,Roofing contractor,"216 Daniels St Unit 1, Fitchburg, MA 01420",N/A,N/A,reddogsroofing.com,"H5GJ+QJ Fitchburg, Massachusetts",(978) 625-9150
Red Dog's Roofing LLC,5.0,125,Roofing contractor,"216 Daniels St Unit 1, Fitchburg, MA 01420",N/A,N/A,reddogsroofing.com,"H5GJ+QJ Fitchburg, Massachusetts",(978) 625-9150
Backyard Patrol Llc,5.0,N/A,Roofing contractor,"85 Meetinghouse Hill Rd, Sterling, MA 01564",N/A,N/A,N/A,"C6XV+7F Sterling, Massachusetts",(774) 245-1305
"Rockwell Roofing, Inc.",4.0,22,Roofing contractor,"44 Pond St, Leominster, MA 01453",N/A,N/A,rockwellroofing.com,"G6GM+C5 Leominster, Massachusetts",(978) 537-7825
Amazing Roofingco.com,5.0,4,Roofing contractor,"25 Union St #1, Leominster, MA 01453",N/A,N/A,amazingroofingco.com,"G6CQ+XW Leominster, Massachusetts",(857) 231-1581
Seven Hills Roofing,4.7,91,Roofing contractor,"100 Canterbury St, Worcester, MA 01603",N/A,N/A,sevenhillsroofing.com,"65XM+28 Worcester, Massachusetts",(508) 414-8305
W Oliveira Construction,5.0,13,Construction company,"22 Lois St, Leominster, MA 01453",N/A,N/A,N/A,"G68J+WM Leominster, Massachusetts",(978) 790-1938
Eyles Contracting Inc,4.9,98,Roofing contractor,"65 Airport Rd, Fitchburg, MA 01420",N/A,N/A,eylescontracting.com,"H68F+C7 Fitchburg, Massachusetts",(978) 422-3342
Qualified Roofing LLC,4.9,82,Roofing contractor,"400 Matthews St #7, Gardner, MA 01440",N/A,Open 24 hoursSee more hours,qualifiedllc.com,"H2XH+4C Gardner, Massachusetts",(978) 413-5436
Hemlock Roofing,5.0,117,Roofing contractor,"2 Richmond Ave apt 2R, Worcester, MA 01602",N/A,N/A,hemlockroofingco.com,"75F9+9J Worcester, Massachusetts",(774) 418-3724
Onyx Roofing,5.0,12,Roofing contractor,"109 Main St, Gardner, MA 01440",N/A,N/A,onyxroofingma.com,"H2F4+98 Gardner, Massachusetts",(978) 894-6438
Complete Roofing Services,4.9,16,Roofing contractor,"10 Cuba Rd, Worcester, MA 01603",N/A,N/A,crsrooftop.com,"64JV+GR Worcester, Massachusetts",(774) 208-0667
CPR ROOFING,5.0,82,Roofing contractor,"202 N Quinsigamond Ave, Shrewsbury, MA 01545",N/A,N/A,cprroofingma.com,"76QW+7F Shrewsbury, Massachusetts",(774) 214-6744
IRVING CONSULTING GROUP INC.,5.0,N/A,Roofing contractor,"42 Washington St, Clinton, MA 01510",N/A,N/A,homesicg.com,"C8F5+39 Clinton, Massachusetts",(978) 333-9513
Worcester Roofing Pros,N/A,N/A,Roofing contractor,"428 Main St #612, Worcester, MA 01608",N/A,N/A,worcesterroofingpros.com,"76WR+W4 Worcester, Massachusetts",(508) 876-3388
Richard Roofing,4.0,4,Roofing contractor,"365 Green St, Northborough, MA 01532",N/A,N/A,richardroofing.com,N/A,(508) 485-7332
Silco Roofing,5.0,8,Roofing contractor,"1 Benefit St, Clinton, MA 01510",N/A,N/A,silco-roofing-clinton.site,"C88C+GV Clinton, Massachusetts",(351) 200-9004
C&K Roofing & General Contracting Inc,4.9,129,General contractor,"25 Woodrow St, Hudson, MA 01749",N/A,N/A,ckroofingne.com,"9FR3+M5 Hudson, Massachusetts",(781) 518-3456
C&K Roofing & General Contracting Inc,4.9,129,General contractor,"25 Woodrow St, Hudson, MA 01749",N/A,N/A,ckroofingne.com,"9FR3+M5 Hudson, Massachusetts",(781) 518-3456
Altitude Roofing,5.0,35,Roofing contractor,"241 Wildwood Ave, Worcester, MA 01603",N/A,N/A,altituderoofingma.com,"742V+99 Worcester, Massachusetts",(508) 963-7794
Golden Group Roofing & Solar,5.0,157,Roofing contractor,"276 Turnpike Rd Suite 223, Westborough, MA 01581",N/A,N/A,goldengrouproofing.com,"79J4+W7 Westborough, Massachusetts",(508) 873-1884
Igor's Construction,5.0,79,Siding contractor,"419 Burncoat St, Worcester, MA 01606",N/A,N/A,igorsconstruction.com,"8686+23 Worcester, Massachusetts",(508) 889-4331
"AllStar Roofing, Repairs and Installs Worcester",5.0,7,Roofing contractor,"38 Shelby St, Worcester, MA 01605",N/A,N/A,N/A,"7695+3G Worcester, Massachusetts",(508) 452-2254
Capital Roofing,5.0,7,Roofing contractor,"10 Green St, Leominster, MA 01453",N/A,N/A,capitalroofingma.com,"G6MW+84 Leominster, Massachusetts",(508) 507-7444
Capital Roofing,5.0,7,Roofing contractor,"10 Green St, Leominster, MA 01453",N/A,N/A,capitalroofingma.com,"G6MW+84 Leominster, Massachusetts",(508) 507-7444
Classic Metal Roofs,4.8,87,Roofing contractor,"156 Northboro Rd A7, Southborough, MA 01772",N/A,N/A,classicmetalroofs.com,"8C7G+F2 Southborough, Massachusetts",(978) 562-7770
Classic Metal Roofs,4.8,87,Roofing contractor,"156 Northboro Rd A7, Southborough, MA 01772",N/A,N/A,classicmetalroofs.com,"8C7G+F2 Southborough, Massachusetts",(978) 562-7770
Patrick Glynn Roofing LLC,5.0,21,Roofing contractor,"18 Woodland Rd, Shrewsbury, MA 01545",N/A,N/A,pglynnroofing.com,"77QP+9P Shrewsbury, Massachusetts",(774) 292-9689
Patrick Glynn Roofing LLC,5.0,21,Roofing contractor,"18 Woodland Rd, Shrewsbury, MA 01545",N/A,N/A,pglynnroofing.com,"77QP+9P Shrewsbury, Massachusetts",(774) 292-9689
Leger Siding,4.4,7,Roofing contractor,"3 Mark Newton Rd, Westminster, MA 01473",N/A,N/A,legersiding.com,N/A,(978) 874-2210
RQ Fabrication & Installation Inc.,N/A,N/A,Roofing contractor,"247 Reservoir St, Holden, MA 01520",N/A,N/A,N/A,"84RM+GJ Holden, Massachusetts",(508) 829-8989
"MTDN Attic Insulation & Roofing Services Inc, MA",4.8,5,Contractor,"360 Willard St, Leominster, MA 01453",N/A,N/A,N/A,"F7V5+F3 Leominster, Massachusetts",(978) 209-6086
G&O Construction & Roofing,4.9,53,Roofing contractor,"25 Kansas St, Worcester, MA 01610",N/A,N/A,gandoconstruction.com,"65WV+CP Worcester, Massachusetts",(774) 243-9700
NorthStar Construction Services Corporation,3.5,8,Roofing contractor,"200 Mt Laurel Cir, Shirley, MA 01464",N/A,N/A,nstarroofing.com,"G8JM+3G Shirley, Massachusetts",(978) 425-0001
Atlantic Roofing Company LLC,4.7,14,Roofing contractor,"18 Stratton Rd, Hudson, MA 01749",N/A,N/A,atlanticroofingmass.com,"CC3Q+P8 Hudson, Massachusetts",(508) 263-0577
G&O Construction & Roofing,4.9,53,Roofing contractor,"25 Kansas St, Worcester, MA 01610",N/A,N/A,gandoconstruction.com,"65WV+CP Worcester, Massachusetts",(774) 243-9700
Mighty Dog Roofing,4.9,101,Roofing contractor,"66 Tadmuck Rd Suite 6, Westford, MA 01886",N/A,N/A,mightydogroofing.com,"HHFV+QJ Westford, Massachusetts",(978) 375-9847
NorthStar Construction Services Corporation,3.5,8,Roofing contractor,"200 Mt Laurel Cir, Shirley, MA 01464",N/A,N/A,nstarroofing.com,"G8JM+3G Shirley, Massachusetts",(978) 425-0001
NorthStar Construction Services Corporation,3.5,8,Roofing contractor,"200 Mt Laurel Cir, Shirley, MA 01464",N/A,N/A,atlanticroofingmass.com,"CC3Q+P8 Hudson, Massachusetts",(508) 263-0577
Atlantic Roofing Company LLC,4.7,14,Roofing contractor,"18 Stratton Rd, Hudson, MA 01749",N/A,N/A,atlanticroofingmass.com,"CC3Q+P8 Hudson, Massachusetts",(508) 263-0577
Golvier Roofers,5.0,2,Roofing contractor,"56 Cherry St, Hudson, MA 01749",N/A,N/A,N/A,"9CRV+P3 Hudson, Massachusetts",(351) 345-4282
Y&A Attic Insulation & Roofing Services,4.7,15,Roofing contractor,"340 Main St, Worcester, MA 01608",N/A,N/A,N/A,"758X+45 Worcester, Massachusetts",(339) 232-6413
Francisco's Roofing Inc,3.5,4,Roofing contractor,"12 Townsend St, Worcester, MA 01609",N/A,N/A,franciscosroofinginc.com,"757M+WR Worcester, Massachusetts",(774) 535-2110
Markopoulos Roofing,5.0,10,Roofing contractor,"347 Chandler St Ste A, Worcester, MA 01602",N/A,N/A,markopoulosroofing.com,"757C+4X Worcester, Massachusetts",(774) 437-2313
Kidd-Luukko Corporation,4.9,44,Roofing contractor,"23 North St, Worcester, MA 01605",N/A,N/A,kidd-luukko.com,"75JW+M8 Worcester, Massachusetts",(508) 799-9500
George J Croteau Roofing Co,5.0,N/A,Roofing contractor,"94 Gardner Rd, Templeton, MA 01468",N/A,N/A,N/A,"HX89+MH Templeton, Massachusetts",(978) 632-3181
"Precision Roofing, LLC",4.9,74,Roofing contractor,"435 King St #208, Littleton, MA 01460",N/A,N/A,precisionroofing-llc.com,"GGVF+WQ Littleton, Massachusetts",(978) 635-1023
"PGEC Attic Insulation & Roofing Services Inc, MA",5.0,N/A,Contractor,"60 Elm Hill Ave #1, Leominster, MA 01453","Located in: Environmental Testing and Research Laboratories, Inc.",N/A,N/A,"G764+G3 Leominster, Massachusetts",(978) 209-6147
Worcester Roofing Contractors,N/A,N/A,Roofing contractor,"75 Webster St # 54, Worcester, MA 01603",N/A,N/A,N/A,"65R8+RR Worcester, Massachusetts",(351) 239-1050
Roofing Service Pro's,4.9,15,Roofing contractor,"13 Mass Ave, Harvard, MA 01451",N/A,N/A,N/A,"FCX8+MV Harvard, Massachusetts",N/A
"Greenwood Industries, Inc.",3.3,48,Roofing contractor,"640 Lincoln St, Worcester, MA 01605",N/A,N/A,greenwoodindustries.com,"76XP+Q5 Worcester, Massachusetts",(508) 865-4040
Sweet Building & Remodeling Inc,4.8,24,General contractor,"160B Sterling St, West Boylston, MA 01583",N/A,N/A,sweetbuilding.com,"96MH+W2 West Boylston, Massachusetts",(888) 507-9338
"Advanced Roofing, Siding and Windows Inc.",4.8,26,Roofing contractor,"576 Boston Post Road E Suite I-B, 576 Boston Post Rd E suite b, Marlborough, MA 01752",N/A,N/A,goadvancedsiding.com,"8FXV+G2 Marlborough, Massachusetts",(978) 440-5020
Worcester Roofers,N/A,N/A,Roofing contractor,"80 Florence St, Worcester, MA 01603",Located in: Clark University,N/A,N/A,"752F+69 Worcester, Massachusetts",(508) 425-0973
Worcester Roofers,N/A,N/A,Roofing contractor,"80 Florence St, Worcester, MA 01603",Located in: Clark University,N/A,N/A,"752F+69 Worcester, Massachusetts",(508) 425-0973
"LaBelle Roofing, Inc",4.9,62,Roofing contractor,"231 Boston Post Rd, Wayland, MA 01778",N/A,N/A,labelleroofing.com,"9J7Q+5G Wayland, Massachusetts",(508) 358-7663
WS Roofing Services in Massachusetts,5.0,10,Roofing contractor,"26 River St, Marlborough, MA 01752",N/A,N/A,wsconstructionroofing.com,"8FP5+2R Marlborough, Massachusetts",(774) 688-4629
WS Roofing Services in Massachusetts,5.0,10,Roofing contractor,"26 River St, Marlborough, MA 01752",N/A,N/A,wsconstructionroofing.com,"8FP5+2R Marlborough, Massachusetts",(774) 688-4629
Shrewsbury Siding & Roofing Co,4.0,N/A,Roofing contractor,"600 Lake St, Shrewsbury, MA 01545",N/A,N/A,N/A,"67XC+WC Shrewsbury, Massachusetts",(508) 798-0633
Tunnera Roofing,3.9,7,Roofing contractor,"23 Barnes Cir, Marlborough, MA 01752",N/A,N/A,tunneraandsonsroofing.com,N/A,(508) 624-9956
Hayden Roofing,5.0,80,Roofing contractor,"70 Prentiss St, Orange, MA 01364",N/A,N/A,haydenroofingco.com,"HMMW+8P Orange, Massachusetts",(978) 544-3140
Rick Prefontaine Roofing/ Prefontaine Roofing,4.4,5,Roofing contractor,"11 City View St, Worcester, MA 01610",N/A,N/A,N/A,"65PR+G7 Worcester, Massachusetts",(508) 752-6811
East Coast Metal Roofing,4.8,425,Roofing contractor,"254 Sutton Ave, Oxford, MA 01540",N/A,N/A,eastcoastmetalroofing.com,"455M+J9 Oxford, Massachusetts",(844) 611-3267
H&R ROOFING,5.0,146,Roofing contractor,"20 Cedar St, Framingham, MA 01702",N/A,N/A,hr-roofing.com,"7HFH+XV Framingham, Massachusetts",(508) 348-4348
H&R ROOFING,5.0,146,Roofing contractor,"20 Cedar St, Framingham, MA 01702",N/A,N/A,hr-roofing.com,"7HFH+XV Framingham, Massachusetts",(508) 348-4348
Golden Group Roofing & Solar,5.0,51,Roofing contractor,"43 Broad St suite C 404, Hudson, MA 01749",N/A,N/A,goldengrouproofing.com,"9CQP+H6 Hudson, Massachusetts",(508) 873-1884
Golden Group Roofing & Solar,5.0,51,Roofing contractor,"43 Broad St suite C 404, Hudson, MA 01749",N/A,N/A,goldengrouproofing.com,"9CQP+H6 Hudson, Massachusetts",(508) 873-1884
Worcester's Pro Roofing,5.0,6,Roofing contractor,"6 Lund St, Worcester, MA 01607",N/A,N/A,N/A,"66R4+H7 Worcester, Massachusetts",(508) 242-1597
Kyles Quality Roofing,N/A,N/A,Roofing contractor,"60-2 Crosby Rd, Berlin, MA 01503",N/A,N/A,N/A,"99C4+H7 Berlin, Massachusetts",(307) 788-0129
Bill's Roofing & Siding,2.0,12,Roofing contractor,"62 Catharine St, Worcester, MA 01605",N/A,N/A,N/A,"76F6+MV Worcester, Massachusetts",(508) 753-9666
Worcester Roofing,N/A,N/A,Roofing contractor,"152 Paxton Rd, Spencer, MA 01562",N/A,N/A,mtsroofingandsiding.com,"72GJ+F2 Spencer, Massachusetts",(774) 772-5562
Worcester Roofing,N/A,N/A,Roofing contractor,"152 Paxton Rd, Spencer, MA 01562",N/A,N/A,mtsroofingandsiding.com,"72GJ+F2 Spencer, Massachusetts",(774) 772-5562
B&N Contracting,4.8,38,General contractor,"60 Pine St, Leominster, MA 01453",N/A,N/A,b-ncontracting.com,"G6FR+GW Leominster, Massachusetts",(978) 846-8422
"Andrew Porter Contracting, Inc. - Roofing and Restoration",4.9,45,Roofing contractor,"325 Worcester Rd, Charlton, MA 01507",N/A,N/A,apcroofs.com,"5327+2C Charlton, Massachusetts",(774) 452-2129
Roofing Service Pro's,4.6,12,Roofing contractor,"881 Massachusetts Ave, Boxborough, MA 01719",N/A,N/A,roofingservicepro.com,"FFMH+98 Boxborough, Massachusetts",(978) 293-5760
Weathershield Masonry & Contractors,3.0,2,General contractor,"1000 Newbury Dr, Holden, MA 01520",N/A,N/A,weathershieldmasonrycontractors.com,"8584+M4 Holden, Massachusetts",(202) 379-6530
Cook's Roofing,4.9,73,Roofing contractor,"90 Mendon St Ste 6, Bellingham, MA 02019",N/A,N/A,cooksroofing.com,"3GP7+GW Bellingham, Massachusetts",(508) 556-2492
Simply Roofing,5.0,2,Roofing contractor,"397 Park Ave, Worcester, MA 01610",N/A,N/A,simplyroofingco.com,"755H+33 Worcester, Massachusetts",(508) 552-3289
Kevin Allen Carpentry Inc,5.0,9,General contractor,"707 Main St, Boylston, MA 01505",N/A,N/A,kevinallencarpentry.com,"9738+V6 Boylston, Massachusetts",(508) 869-6120
Superior Roofing Inc.,4.6,33,Roofing contractor,"230 A Church St, Whitinsville, MA 01588",N/A,Closed ⋅ Opens 7AM ThuSee more hours,superiorroofingofmass.com,"487V+8F Whitinsville, Northbridge, MA",(508) 234-6161
Worcester Roofing Repair,3.2,18,Roofing contractor,"89 E Central St, Worcester, MA 01605",N/A,N/A,N/A,"7675+RR Worcester, Massachusetts",(339) 329-2717
"LaBelle Roofing, Inc",N/A,N/A,Roofing contractor,"233 Ayer Rd, Harvard, MA 01451",N/A,N/A,labelleroofing.com,"GCMC+3X Harvard, Massachusetts",(978) 772-0027
Global Roofing,4.9,66,Roofing contractor,"60 Duval Rd, Sutton, MA 01590",N/A,N/A,globalroofinginc.org,"36PW+G9 Sutton, Massachusetts",(774) 289-0563
Loyalty Exterior Roofing Solutions,4.4,14,Roofing contractor,"729 Farm Rd, Marlborough, MA 01752",N/A,N/A,loyaltyroofingsolutions.com,"8FVQ+XR Marlborough, Massachusetts",(508) 456-5679
JMP Construction Corporation of Leominster,4.6,16,General contractor,"41 Salisbury St, Leominster, MA 01453",N/A,N/A,jmpconstructionleominster.com,"G6GH+5X Leominster, Massachusetts",(978) 235-4746
