name,rating,reviews_count,category,address,location,hours,website,plus_code,phone
Seven Hills Roofing,4.7,91,Roofing contractor,"100 Canterbury St, Worcester, MA 01603",N/A,N/A,sevenhillsroofing.com,"65XM+28 Worcester, Massachusetts",(508) 414-8305
Complete Roofing Services,4.9,16,Roofing contractor,"10 Cuba Rd, Worcester, MA 01603",N/A,N/A,crsrooftop.com,"64JV+GR Worcester, Massachusetts",(774) 208-0667
The Roof Guru,5.0,5,Roofing contractor,"544 Pleasant St, Worcester, MA 01602",N/A,N/A,roofingunlimitedly.com,"757H+MJ Worcester, Massachusetts",(508) 579-9370
On Top Roofing,4.9,79,Roofing contractor,"45 River St, Millbury, MA 01527",N/A,N/A,otroofing.com,"56VM+3H Millbury, Massachusetts",(508) 299-7663
Hemlock Roofing,5.0,117,Roofing contractor,"2 Richmond Ave apt 2R, Worcester, MA 01602",N/A,N/A,hemlockroofingco.com,"75F9+9J Worcester, Massachusetts",(774) 418-3724
Altitude Roofing,5.0,35,Roofing contractor,"241 Wildwood Ave, Worcester, MA 01603",N/A,N/A,altituderoofingma.com,"742V+99 Worcester, Massachusetts",(508) 963-7794
CPR ROOFING,5.0,82,Roofing contractor,"202 N Quinsigamond Ave, Shrewsbury, MA 01545",N/A,N/A,cprroofingma.com,"76QW+7F Shrewsbury, Massachusetts",(774) 214-6744
Tri-State Construction Co,4.9,231,Roofing contractor,"5 Brussels St BLDG B, Worcester, MA 01610",N/A,N/A,tristateconstruction.org,"65RM+GR Worcester, Massachusetts",(508) 751-8585
"AllStar Roofing, Repairs and Installs Worcester",5.0,7,Roofing contractor,"38 Shelby St, Worcester, MA 01605",N/A,N/A,N/A,"7695+3G Worcester, Massachusetts",(508) 452-2254
MTS Siding and Roofing LLC,5.0,3,Roofing contractor,"152 Paxton Rd, Spencer, MA 01562",N/A,N/A,mts-siding-roofing.com,"72GH+JP Spencer, Massachusetts",(508) 217-7737
Northeast Home & Energy,4.9,183,Roofing contractor,"21 N Main St, North Grafton, MA 01536",N/A,N/A,northeast-home.com,"67JR+CM North Grafton, Grafton, MA",(508) 839-7001
David Barbale | Auburn Roofing Contractors,5.0,36,Roofing contractor,"13 Phoenix Rd, Auburn, MA 01501",N/A,N/A,davidbarbale.com,"54FJ+RG Auburn, Massachusetts",(508) 248-6709
Francisco's Roofing Inc,3.5,4,Roofing contractor,"12 Townsend St, Worcester, MA 01609",N/A,N/A,franciscosroofinginc.com,"757M+WR Worcester, Massachusetts",(774) 535-2110
Y&A Attic Insulation & Roofing Services,4.7,15,Roofing contractor,"340 Main St, Worcester, MA 01608",N/A,N/A,N/A,"758X+45 Worcester, Massachusetts",(339) 232-6413
G&O Construction & Roofing,4.9,53,Roofing contractor,"25 Kansas St, Worcester, MA 01610",N/A,N/A,gandoconstruction.com,"65WV+CP Worcester, Massachusetts",(774) 243-9700
Markopoulos Roofing,5.0,10,Roofing contractor,"347 Chandler St Ste A, Worcester, MA 01602",N/A,N/A,markopoulosroofing.com,"757C+4X Worcester, Massachusetts",(774) 437-2313
"Andrew Porter Contracting, Inc. - Roofing and Restoration",4.9,45,Roofing contractor,"325 Worcester Rd, Charlton, MA 01507",N/A,N/A,apcroofs.com,"5327+2C Charlton, Massachusetts",(774) 452-2129
Worcester Roofing Pros,N/A,N/A,Roofing contractor,"428 Main St #612, Worcester, MA 01608",N/A,N/A,worcesterroofingpros.com,"76WR+W4 Worcester, Massachusetts",(508) 876-3388
Worcester Roofing Contractors,N/A,N/A,Roofing contractor,"75 Webster St # 54, Worcester, MA 01603",N/A,N/A,N/A,N/A,(351) 239-1050
Shrewsbury Siding & Roofing Co,4.0,N/A,Roofing contractor,"600 Lake St, Shrewsbury, MA 01545",N/A,N/A,N/A,"67XC+WC Shrewsbury, Massachusetts",(508) 798-0633
Patrick Glynn Roofing LLC,5.0,21,Roofing contractor,"18 Woodland Rd, Shrewsbury, MA 01545",N/A,N/A,pglynnroofing.com,"77QP+9P Shrewsbury, Massachusetts",(774) 292-9689
Worcester's Pro Roofing,5.0,6,Roofing contractor,"6 Lund St, Worcester, MA 01607",N/A,N/A,N/A,"66R4+H7 Worcester, Massachusetts",(508) 242-1597
David Barbale | Charlton Roofing Contractors,5.0,63,Roofing contractor,"263 Carpenter Hill Rd, Charlton, MA 01507",N/A,N/A,davidbarbale.com,"4X8Q+2P Charlton, Massachusetts",(508) 248-6709
Kidd-Luukko Corporation,4.9,44,Roofing contractor,"23 North St, Worcester, MA 01605",N/A,N/A,kidd-luukko.com,"75JW+M8 Worcester, Massachusetts",(508) 799-9500
Worcester Roofers,N/A,N/A,Roofing contractor,"80 Florence St, Worcester, MA 01603",Located in: Clark University,N/A,N/A,"752F+69 Worcester, Massachusetts",(508) 425-0973
John the Roofer Co.,5.0,N/A,Roofing contractor,"4 Bella Rosa Dr, Millbury, MA 01527",N/A,N/A,johntherooferco.com,"56P4+8J Millbury, Massachusetts",(866) 906-7663
Bill's Roofing & Siding,2.0,12,Roofing contractor,"62 Catharine St, Worcester, MA 01605",N/A,N/A,N/A,"76F6+MV Worcester, Massachusetts",(508) 753-9666
"Worcester, MA",2.5,2,Roofing contractor,"118 Cambridge St, Worcester, MA 01603",N/A,N/A,worcestermaroofing.com,"65VF+7F Worcester, Massachusetts",(508) 507-2288
Archer Exteriors,5.0,N/A,Roofing contractor,"155 Memorial Dr B, Shrewsbury, MA 01545",Located in: Memorial Drive Business Center,N/A,archerexteriors.com,"775V+H2 Shrewsbury, Massachusetts",(508) 845-9099
East Coast Metal Roofing,4.8,425,Roofing contractor,"254 Sutton Ave, Oxford, MA 01540",N/A,N/A,eastcoastmetalroofing.com,"455M+J9 Oxford, Massachusetts",(844) 611-3267
Anchor Roofing,5.0,2,Roofing contractor,"110 Elm St #9, Millbury, MA 01527",N/A,N/A,anchorroofingma.com,"56RQ+FC Millbury, Massachusetts",(508) 340-1778
Simply Roofing,5.0,2,Roofing contractor,"397 Park Ave, Worcester, MA 01610",N/A,N/A,simplyroofingco.com,"755H+33 Worcester, Massachusetts",(508) 552-3289
Worcester Roofing Repair,3.2,18,Roofing contractor,"89 E Central St, Worcester, MA 01605",N/A,N/A,N/A,"7675+RR Worcester, Massachusetts",(339) 329-2717
"Greenwood Industries, Inc.",3.3,48,Roofing contractor,"640 Lincoln St, Worcester, MA 01605",N/A,N/A,greenwoodindustries.com,"76XP+Q5 Worcester, Massachusetts",(508) 865-4040
Global Metal Roofing & Gutters,5.0,3,Roofing contractor,"10 Newton Ave, Oxford, MA 01540",N/A,N/A,globalmetalroofing.com,"44QM+3V Oxford, Massachusetts",(774) 289-0563
Global Metal Roofing & Gutters,5.0,3,Roofing contractor,"10 Newton Ave, Oxford, MA 01540",N/A,N/A,globalmetalroofing.com,"44QM+3V Oxford, Massachusetts",(774) 289-0563
J E Fournier Chimney and Roofing Contractors,4.8,36,Roofing contractor,"21 N Quinsigamond Ave, Shrewsbury, MA 01545",N/A,N/A,jefournier.com,"76GW+9Q Shrewsbury, Massachusetts",(508) 756-7756
Roof100.com,N/A,N/A,Roofing contractor,"61 Harvard St, Worcester, MA 01609",N/A,N/A,N/A,"75CX+R6 Worcester, Massachusetts",(774) 312-5605
Sky Partner Construction,5.0,N/A,Roofing contractor,"423 Park Ave, Worcester, MA 01610",N/A,N/A,skypartnerconstruction.com,"754G+GH Worcester, Massachusetts",(508) 615-1006
Worcester Roofing,N/A,N/A,Roofing contractor,"152 Paxton Rd, Spencer, MA 01562",N/A,N/A,mtsroofingandsiding.com,"72GJ+F2 Spencer, Massachusetts",(774) 772-5562
Tip Top Roofing,4.9,358,Roofing contractor,"245 W Boylston St, West Boylston, MA 01583",N/A,N/A,tiptoproofs.com,"86W7+HM West Boylston, Massachusetts",(508) 835-4777
"Titan Roofing, Inc.",N/A,N/A,Roofing contractor,"165 Harding St, Worcester, MA 01604",N/A,N/A,titanroofing.com,"7643+PJ Worcester, Massachusetts",(508) 755-0487
All Star Roofing Co,N/A,N/A,Roofing contractor,"2 Clegg St, Worcester, MA 01603",N/A,N/A,N/A,"64RQ+88 Worcester, Massachusetts",(800) 930-3605
AG Home Improvement Inc,4.9,28,Siding contractor,"93 Boylston Cir, Shrewsbury, MA 01545",N/A,N/A,agsidingandroofing.com,"874J+Q7 Shrewsbury, Massachusetts",(508) 922-9615
Global Roofing,4.9,66,Roofing contractor,"60 Duval Rd, Sutton, MA 01590",N/A,N/A,globalroofinginc.org,"36PW+G9 Sutton, Massachusetts",(774) 289-0563
"Scott's Siding & Remodeling Co., Inc.",4.8,41,Siding contractor,"70 James St #127a, Worcester, MA 01603",N/A,N/A,scottssidingandremodeling.com,"65J2+Q3 Worcester, Massachusetts",(508) 752-3388
Superior Roofing Inc.,4.6,33,Roofing contractor,"230 A Church St, Whitinsville, MA 01588",N/A,Closed ⋅ Opens 7AM ThuSee more hours,superiorroofingofmass.com,"487V+8F Whitinsville, Northbridge, MA",(508) 234-6161
Crocker Architectural Sheet,3.3,8,Roofing contractor,"129 Southbridge Rd, North Oxford, MA 01537",N/A,N/A,crockerarchitectural.com,"5483+RF North Oxford, Oxford, MA",(508) 987-9900
Crocker Architectural Sheet,3.3,8,Roofing contractor,"129 Southbridge Rd, North Oxford, MA 01537",N/A,N/A,crockerarchitectural.com,"5483+RF North Oxford, Oxford, MA",(508) 987-9900
Golden Group Roofing & Solar,5.0,157,Roofing contractor,"276 Turnpike Rd Suite 223, Westborough, MA 01581",N/A,N/A,goldengrouproofing.com,"79J4+W7 Westborough, Massachusetts",(508) 873-1884
"MURPHY AND SON ROOFS, INC.",N/A,N/A,Roofing contractor,"238 Oxford St N, Auburn, MA 01501",N/A,N/A,N/A,"6563+F7 Auburn, Massachusetts",(508) 933-1331
Greater Worcester Construction,N/A,N/A,Roofing contractor,"160 Fremont St UNIT 223, Worcester, MA 01603",Located in: Fremont Lofts,N/A,N/A,"65RG+WG Worcester, Massachusetts",(508) 882-2773
All Season Roofing & Construction,N/A,N/A,Roofing contractor,"13 West St, Worcester, MA 01609",N/A,N/A,allseasonroofing.net,"757R+RC Worcester, Massachusetts",N/A
Mastercraft Exteriors,N/A,N/A,Roofing contractor,"2 Elm St, Auburn, MA 01501",N/A,N/A,mastercraftexteriors.com,"55QC+PV Auburn, Massachusetts",(508) 721-7663
TRUEHOME Roofing,4.9,150,Roofing contractor,"71 Sterling St UNIT B, West Boylston, MA 01583",N/A,N/A,truehomeroofing.com,"96HF+MW West Boylston, Massachusetts",(774) 292-5018
Modern Standing Seam Metal Roofing,4.9,64,Roofing contractor,"219 Whitins Rd, Sutton, MA 01590",N/A,N/A,modernssmetalroofing.com,"472R+6H Sutton, Massachusetts",(844) 230-9300
Jason Cross,N/A,N/A,Roofing contractor,"9 Tewksbury Rd, Worcester, MA 01602",N/A,N/A,N/A,"7552+HR Worcester, Massachusetts",(508) 755-2454
Renaissance Roofing Co.,5.0,7,Roofing contractor,"Providence Rd, Northbridge, MA 01534",N/A,N/A,renaissanceroofing.com,"49J2+XV Northbridge, Massachusetts",(508) 380-6539
Nor'easter Roofing LLC,5.0,29,Roofing contractor,"1 Providence Ln, Whitinsville, MA 01588",N/A,N/A,noreasterroofing.com,"4946+6X Whitinsville, Northbridge, MA",(508) 341-3261
"GA Siding, Windows & Roofing",3.3,12,Roofing contractor,"308 Main St, Oxford, MA 01540",N/A,N/A,gasidingandroofing.com,"448P+W6 Oxford, Massachusetts",(774) 276-0435
Jamison Home Construction,5.0,21,Contractor,"126 Muggett Hill Rd, Charlton, MA 01507",N/A,N/A,jhomeconstruction.com,"43M2+GV Charlton, Massachusetts",(774) 272-1838
"CUIL Attic Insulation & Roofing Services Spencer, Ma",4.8,5,Contractor,"137 Smithville Rd, Spencer, MA 01562",N/A,N/A,N/A,"6XQF+C4 Spencer, Massachusetts",(508) 233-7849
Evangelous Roofing,4.8,56,Roofing contractor,"128 S Bolton St, Marlborough, MA 01752",N/A,N/A,southbororoofing.com,"8FV4+HH Marlborough, Massachusetts",(508) 400-0380
Camarda Construction,N/A,N/A,Roofing contractor,"200 SW Cutoff, Worcester, MA 01604",N/A,N/A,camardaconstruction.com,"66JV+3R Worcester, Massachusetts",(508) 755-3415
Camarda Construction,N/A,N/A,Roofing contractor,"200 SW Cutoff, Worcester, MA 01604",N/A,N/A,camardaconstruction.com,"66JV+3R Worcester, Massachusetts",(508) 755-3415
BBS General Construction Inc,4.6,10,General contractor,"747 Main St, Leicester, MA 01524",N/A,N/A,bbsconstructioninc.com,"64W3+78 Leicester, Massachusetts",(508) 688-4923
Richard Roofing,4.0,4,Roofing contractor,"365 Green St, Northborough, MA 01532",N/A,N/A,richardroofing.com,"88XF+PW Northborough, Massachusetts",(508) 485-7332
Applied Roofing Systems Inc,5.0,11,Roofing contractor,"26 Mill St, Webster, MA 01570",N/A,N/A,appliedroofing.com,"3479+6V Webster, Massachusetts",(508) 943-9973
Applied Roofing Systems Inc,5.0,11,Roofing contractor,"26 Mill St, Webster, MA 01570",N/A,N/A,appliedroofing.com,"3479+6V Webster, Massachusetts",(508) 943-9973
John Boyd DBA Home Improvement Network,N/A,N/A,Roofing contractor,"12 Leeds St, Worcester, MA 01606",N/A,N/A,N/A,"8633+P2 Worcester, Massachusetts",(774) 696-3168
CARRIER ROOFING SIDING & WINDOWS,4.9,47,Roofing contractor,"1189 School St, Webster, MA 01570",N/A,N/A,carrierroofing.com,"24GC+HW Webster, Massachusetts",(508) 287-0288
Weathershield Masonry & Contractors,3.0,2,General contractor,"1000 Newbury Dr, Holden, MA 01520",N/A,N/A,weathershieldmasonrycontractors.com,"8584+M4 Holden, Massachusetts",(202) 379-6530
Weathershield Masonry & Contractors,3.0,2,General contractor,"1000 Newbury Dr, Holden, MA 01520",N/A,N/A,weathershieldmasonrycontractors.com,"8584+M4 Holden, Massachusetts",(202) 379-6530
Clay Borglund Roofing,5.0,3,Roofing contractor,"105 Flanders Rd, Westborough, MA 01581",N/A,N/A,N/A,"7CGC+42 Westborough, Massachusetts",(508) 836-5455
Cardona Builders,4.6,21,General contractor,"120 Stafford St #204, Worcester, MA 01603",N/A,N/A,cardonabuilders.com,"65Q4+Q6 Worcester, Massachusetts",(774) 276-9738
House Improvement LLC,5.0,9,General contractor,"6 Garfield Ave, Shrewsbury, MA 01545",N/A,N/A,houseimprovementllc.com,"78Q7+64 Shrewsbury, Massachusetts",(508) 842-9769
EAW Roofing and Construction Inc.,4.5,44,Roofing contractor,"1042 Main St, Clinton, MA 01510",N/A,Closed ⋅ Opens 6AM ThuSee more hours,eawroofing.com,"C8M7+58 Clinton, Massachusetts",(978) 733-1435
Golden Group Roofing & Solar,5.0,51,Roofing contractor,"43 Broad St suite C 404, Hudson, MA 01749",N/A,N/A,goldengrouproofing.com,"9CQP+H6 Hudson, Massachusetts",(508) 873-1884
Building Ideas General Construction,N/A,N/A,Custom home builder,"3 Henry Terrace, Worcester, MA 01607",N/A,N/A,N/A,"66J2+M3 Worcester, Massachusetts",(508) 239-6078
National Damage Appraisers,5.0,5,Insurance agency,"1 Stowell Ave, Worcester, MA 01606",N/A,N/A,nationaldamageappraisers.com,"75XV+8X Worcester, Massachusetts",(774) 239-0652
Silco Roofing,5.0,8,Roofing contractor,"1 Benefit St, Clinton, MA 01510",N/A,N/A,silco-roofing-clinton.site,"C88C+GV Clinton, Massachusetts",(351) 200-9004
"CGC Attic Insulation & Roofing Services MA,",4.5,2,Contractor,"147 Oakham Rd, North Brookfield, MA 01535",N/A,N/A,N/A,"7WRV+7F North Brookfield, Massachusetts",(508) 290-3556
S&G Builders,3.0,4,Remodeler,"81 Russell St, Worcester, MA 01609",N/A,N/A,sandgbuilders.com,"758M+7V Worcester, Massachusetts",(508) 203-6823
