name,rating,reviews_count,category,address,location,hours,website,plus_code,phone
LA Roofing LLC,4.2,5,Roofing contractor,"36 Windsor St, West Springfield, MA 01089",N/A,N/A,laroofingct.com,"39WM+2M West Springfield, Massachusetts",(413) 910-8004
Qualified Roofing LLC,4.9,82,Roofing contractor,"400 Matthews St #7, Gardner, MA 01440",N/A,Open 24 hoursSee more hours,qualifiedllc.com,"H2XH+4C Gardner, Massachusetts",(978) 413-5436
Hayden Roofing,5.0,80,Roofing contractor,"70 Prentiss St, Orange, MA 01364",N/A,N/A,haydenroofingco.com,"HMMW+8P Orange, Massachusetts",(978) 544-3140
Onyx Roofing,5.0,12,Roofing contractor,"109 Main St, Gardner, MA 01440",N/A,N/A,onyxroofingma.com,"H2F4+98 Gardner, Massachusetts",(978) 894-6438
MTS Siding and Roofing LLC,5.0,3,Roofing contractor,"152 Paxton Rd, Spencer, MA 01562",N/A,N/A,mts-siding-roofing.com,"72GH+JP Spencer, Massachusetts",(508) 217-7737
Hemlock Roofing,5.0,117,Roofing contractor,"2 Richmond Ave apt 2R, Worcester, MA 01602",N/A,N/A,hemlockroofingco.com,"75F9+9J Worcester, Massachusetts",(774) 418-3724
Seven Hills Roofing,4.7,91,Roofing contractor,"100 Canterbury St, Worcester, MA 01603",N/A,N/A,sevenhillsroofing.com,"65XM+28 Worcester, Massachusetts",(508) 414-8305
Red Dog's Roofing LLC,5.0,125,Roofing contractor,"216 Daniels St Unit 1, Fitchburg, MA 01420",N/A,N/A,reddogsroofing.com,"H5GJ+QJ Fitchburg, Massachusetts",(978) 625-9150
Leger Siding,4.4,7,Roofing supply store,"3 Mark Newton Rd, Westminster, MA 01473",N/A,N/A,legersiding.com,"G2FR+RQ Westminster, Massachusetts",(978) 874-2210
Leger Siding,4.4,7,Roofing supply store,"3 Mark Newton Rd, Westminster, MA 01473",N/A,N/A,legersiding.com,"G2FR+RQ Westminster, Massachusetts",(978) 874-2210
"Brian M. LeBlanc Roofing, Inc.",4.9,169,Roofing contractor,"27 Cherry St, Leominster, MA 01453",N/A,N/A,brianleblancroofing.com,"G6HF+QQ Leominster, Massachusetts",(800) 761-4296
Valley Roofing and Restoration,5.0,157,Roofing contractor,"143 Parker Ln, Ludlow, MA 01056",N/A,N/A,valleyroofingandrestoration.net,"5HCC+F4 Ludlow, Massachusetts",(413) 599-3556
TRUEHOME Roofing,4.9,150,Roofing contractor,"71 Sterling St UNIT B, West Boylston, MA 01583",N/A,N/A,truehomeroofing.com,"96HF+MW West Boylston, Massachusetts",(774) 292-5018
Complete Roofing Services,4.9,16,Roofing contractor,"10 Cuba Rd, Worcester, MA 01603",N/A,N/A,crsrooftop.com,"64JV+GR Worcester, Massachusetts",(774) 208-0667
Roberts Roofs,4.2,5,Roofing contractor,"400 Franklin St, Belchertown, MA 01007",N/A,N/A,robertsroofsinc.com,"6JHQ+F5 Belchertown, Massachusetts",(413) 283-4395
"Adam Quenneville Roofing & Siding, Inc.",5.0,949,Roofing contractor,"160 Old Lyman Rd, South Hadley, MA 01075",N/A,N/A,1800newroof.net,"6C9P+GJ South Hadley, Massachusetts",(413) 536-5955
Altitude Roofing,5.0,35,Roofing contractor,"241 Wildwood Ave, Worcester, MA 01603",N/A,N/A,altituderoofingma.com,"742V+99 Worcester, Massachusetts",(508) 963-7794
Eyles Contracting Inc,4.9,98,Roofing contractor,"65 Airport Rd, Fitchburg, MA 01420",N/A,N/A,eylescontracting.com,"H68F+C7 Fitchburg, Massachusetts",(978) 422-3342
C L Services Roofing Co,5.0,N/A,Roofing contractor,"Phillipston, MA 01331",N/A,N/A,N/A,"GVX8+FV Phillipston, Massachusetts",(978) 249-6393
Tip Top Roofing,4.9,358,Roofing contractor,"245 W Boylston St, West Boylston, MA 01583",N/A,N/A,tiptoproofs.com,"86W7+HM West Boylston, Massachusetts",(508) 835-4777
Tip Top Roofing,4.9,358,Roofing contractor,"245 W Boylston St, West Boylston, MA 01583",N/A,N/A,tiptoproofs.com,"86W7+HM West Boylston, Massachusetts",(508) 835-4777
Triumph Roofing,4.3,12,Roofing contractor,"46 Elm St, Baldwinville, MA 01436",N/A,N/A,triumphroofinginc.com,"JW5F+QP Baldwinville, Templeton, MA",(978) 652-0448
George J Croteau Roofing Co,5.0,N/A,Roofing contractor,"94 Gardner Rd, Templeton, MA 01468",N/A,N/A,N/A,"HX89+MH Templeton, Massachusetts",(978) 632-3181
Bilodeau & Son Roofing,5.0,N/A,Roofing contractor,"29 Fisherdick Rd, Ware, MA 01082",N/A,N/A,bilodeauandsonroofing.com,"7P89+XJ Ware, Massachusetts",(413) 967-6679
G&O Construction & Roofing,4.9,53,Roofing contractor,"25 Kansas St, Worcester, MA 01610",N/A,N/A,gandoconstruction.com,"65WV+CP Worcester, Massachusetts",(774) 243-9700
G&O Construction & Roofing,4.9,53,Roofing contractor,"25 Kansas St, Worcester, MA 01610",N/A,N/A,gandoconstruction.com,"65WV+CP Worcester, Massachusetts",(774) 243-9700
CPR ROOFING,5.0,82,Roofing contractor,"202 N Quinsigamond Ave, Shrewsbury, MA 01545",N/A,N/A,cprroofingma.com,"76QW+7F Shrewsbury, Massachusetts",(774) 214-6744
"Andrew Porter Contracting, Inc. - Roofing and Restoration",4.9,45,Roofing contractor,"325 Worcester Rd, Charlton, MA 01507",N/A,N/A,apcroofs.com,"5327+2C Charlton, Massachusetts",(774) 452-2129
David Barbale | Auburn Roofing Contractors,5.0,36,Roofing contractor,"13 Phoenix Rd, Auburn, MA 01501",N/A,N/A,davidbarbale.com,"54FJ+RG Auburn, Massachusetts",(508) 248-6709
Markopoulos Roofing,5.0,10,Roofing contractor,"347 Chandler St Ste A, Worcester, MA 01602",N/A,N/A,markopoulosroofing.com,"757C+4X Worcester, Massachusetts",(774) 437-2313
Stone Mountain Roofing LLC,5.0,42,Roofing contractor,"156 Northampton St, Easthampton, MA 01027",N/A,N/A,stonemountainroofingllc.com,"78MJ+2H Easthampton, Massachusetts",(413) 998-9010
Barnes Rubber Roofing,4.0,N/A,Roofing contractor,"126 Prentiss St, Orange, MA 01364",N/A,N/A,N/A,"HMJW+MV Orange, Massachusetts",(978) 544-6703
Kidd-Luukko Corporation,4.9,44,Roofing contractor,"23 North St, Worcester, MA 01605",N/A,N/A,kidd-luukko.com,"75JW+M8 Worcester, Massachusetts",(508) 799-9500
Dicky Matos Roofing Inc,4.7,79,Roofing contractor,"23 Hadley Mill Rd, Holyoke, MA 01040",N/A,N/A,dickymatosroofinginc.com,"6C52+VH Holyoke, Massachusetts",(413) 530-5335
Y&A Attic Insulation & Roofing Services,4.7,15,Roofing contractor,"340 Main St, Worcester, MA 01608",N/A,N/A,N/A,"758X+45 Worcester, Massachusetts",(339) 232-6413
Warren Roofers Inc,4.4,8,Roofing contractor,"69 Ware Rd, West Warren, MA 01092",N/A,N/A,warrenroofers.com,"6Q64+Q8 West Warren, Warren, MA",(413) 436-5279
"AllStar Roofing, Repairs and Installs Worcester",5.0,7,Roofing contractor,"38 Shelby St, Worcester, MA 01605",N/A,N/A,N/A,"7695+3G Worcester, Massachusetts",(508) 452-2254
Worcester Roofing,N/A,N/A,Roofing contractor,"152 Paxton Rd, Spencer, MA 01562",N/A,N/A,mtsroofingandsiding.com,"72GJ+F2 Spencer, Massachusetts",(774) 772-5562
The NorthFace Roofing Company - MA,5.0,12,Roofing contractor,"823 Little Rest Rd, Brimfield, MA 01010",N/A,N/A,northfaceroofingco.com,"5R55+JH Brimfield, Massachusetts",(774) 203-9998
Klaus Roofing Systems by J Smegal,5.0,74,Roofing contractor,"258 Old Lyman Rd, South Hadley, MA 01075",N/A,N/A,jsmegalroofing.com,"6C8Q+5Q South Hadley, Massachusetts",(413) 655-7663
Supreme Roofing,4.9,36,Roofing contractor,"788 Sheridan St, Chicopee, MA 01020",N/A,N/A,supremeroofing.com,"5CGM+XJ Chicopee, Massachusetts",(413) 331-4490
KTM Slate Roofing,5.0,27,Roofing contractor,"1002 High St, Palmer, MA 01069",N/A,N/A,ktmslateroofing.com,"5M5H+28 Palmer, Massachusetts",(413) 519-3752
Roberts Roofing Inc.,5.0,N/A,Roofing contractor,"3090 Palmer St, Bondsville, MA 01009",N/A,N/A,robertsroofsinc.com,"6M33+2P Bondsville, Massachusetts",(413) 283-4395
Francisco's Roofing Inc,3.5,4,Roofing contractor,"12 Townsend St, Worcester, MA 01609",N/A,N/A,franciscosroofinginc.com,"757M+WR Worcester, Massachusetts",(774) 535-2110
Patrick Glynn Roofing LLC,5.0,21,Roofing contractor,"18 Woodland Rd, Shrewsbury, MA 01545",N/A,N/A,pglynnroofing.com,"77QP+9P Shrewsbury, Massachusetts",(774) 292-9689
Supreme Roofing and Home Improvement Llc.,5.0,8,Roofing contractor,"29 Miller St #2, Leominster, MA 01453",N/A,N/A,supremehomeimprovements.com,"G69V+7X Leominster, Massachusetts",(978) 828-5706
Supreme Roofing and Home Improvement Llc.,5.0,8,Roofing contractor,"29 Miller St #2, Leominster, MA 01453",N/A,N/A,supremehomeimprovements.com,"G69V+7X Leominster, Massachusetts",(978) 828-5706
Royal Construction and Roofing,4.1,14,Roofing contractor,"36 Stephens Rd, Leominster, MA 01453",N/A,N/A,N/A,"G66J+P5 Leominster, Massachusetts",(978) 846-6490
"CGC Attic Insulation & Roofing Services MA,",4.5,2,Contractor,"147 Oakham Rd, North Brookfield, MA 01535",N/A,N/A,N/A,"7WRV+7F North Brookfield, Massachusetts",(508) 290-3556
Worcester Roofing Pros,N/A,N/A,Roofing contractor,"428 Main St #612, Worcester, MA 01608",N/A,N/A,worcesterroofingpros.com,"76WR+W4 Worcester, Massachusetts",(508) 876-3388
EAW Roofing and Construction Inc.,4.5,44,Roofing contractor,"1042 Main St, Clinton, MA 01510",N/A,Closed ⋅ Opens 6AM ThuSee more hours,eawroofing.com,"C8M7+58 Clinton, Massachusetts",(978) 733-1435
"Rockwell Roofing, Inc.",4.0,22,Roofing contractor,"44 Pond St, Leominster, MA 01453",N/A,N/A,rockwellroofing.com,"G6GM+C5 Leominster, Massachusetts",(978) 537-7825
Worcester Roofing Contractors,N/A,N/A,Roofing contractor,"75 Webster St # 54, Worcester, MA 01603",N/A,N/A,N/A,"65R8+RR Worcester, Massachusetts",(351) 239-1050
Worcester Roofing Contractors,N/A,N/A,Roofing contractor,"75 Webster St # 54, Worcester, MA 01603",N/A,N/A,N/A,"65R8+RR Worcester, Massachusetts",(351) 239-1050
Supreme Roofing and Home Improvement Llc.,5.0,8,Roofing contractor,"29 Miller St #2, Leominster, MA 01453",N/A,N/A,supremehomeimprovements.com,"G69V+7X Leominster, Massachusetts",(978) 828-5706
Global Roofing,4.9,66,Roofing contractor,"60 Duval Rd, Sutton, MA 01590",N/A,N/A,globalroofinginc.org,"36PW+G9 Sutton, Massachusetts",(774) 289-0563
Global Roofing,4.9,66,Roofing contractor,"60 Duval Rd, Sutton, MA 01590",N/A,N/A,globalroofinginc.org,"36PW+G9 Sutton, Massachusetts",(774) 289-0563
Royal Construction and Roofing,4.1,14,Roofing contractor,"36 Stephens Rd, Leominster, MA 01453",N/A,N/A,N/A,"G66J+P5 Leominster, Massachusetts",(978) 846-6490
"CGC Attic Insulation & Roofing Services MA,",4.5,2,Contractor,"147 Oakham Rd, North Brookfield, MA 01535",N/A,N/A,N/A,"7WRV+7F North Brookfield, Massachusetts",(508) 290-3556
"CUIL Attic Insulation & Roofing Services Spencer, Ma",4.8,5,Contractor,"137 Smithville Rd, Spencer, MA 01562",N/A,N/A,N/A,"6XQF+C4 Spencer, Massachusetts",(508) 233-7849
EAW Roofing and Construction Inc.,4.5,44,Roofing contractor,"1042 Main St, Clinton, MA 01510",N/A,Closed ⋅ Opens 6AM ThuSee more hours,eawroofing.com,"C8M7+58 Clinton, Massachusetts",(978) 733-1435
Worcester Roofing Pros,N/A,N/A,Roofing contractor,"428 Main St #612, Worcester, MA 01608",N/A,N/A,worcesterroofingpros.com,"76WR+W4 Worcester, Massachusetts",(508) 876-3388
US Metal Roofing,4.8,51,Roofing contractor,"740 High St, Holyoke, MA 01040",N/A,N/A,usmetalroofing.com,"59XM+GV Holyoke, Massachusetts",(800) 232-0399
J E Fournier Chimney and Roofing Contractors,4.8,36,Roofing contractor,"21 N Quinsigamond Ave, Shrewsbury, MA 01545",N/A,N/A,jefournier.com,"76GW+9Q Shrewsbury, Massachusetts",(508) 756-7756
Rick Prefontaine Roofing/ Prefontaine Roofing,4.4,5,Roofing contractor,"11 City View St, Worcester, MA 01610",N/A,N/A,N/A,"65PR+G7 Worcester, Massachusetts",(508) 752-6811
Duro-Last Roofing inc.,4.6,12,Waterproofing service,"84 Westover Rd, Ludlow, MA 01056",N/A,N/A,duro-last.com,"5FQV+CW Ludlow, Massachusetts",(413) 631-0050
"Rockwell Roofing, Inc.",4.0,22,Roofing contractor,"44 Pond St, Leominster, MA 01453",N/A,N/A,rockwellroofing.com,"G6GM+C5 Leominster, Massachusetts",(978) 537-7825
Worcester Roofing Contractors,N/A,N/A,Roofing contractor,"75 Webster St # 54, Worcester, MA 01603",N/A,N/A,N/A,"65R8+RR Worcester, Massachusetts",(351) 239-1050
Worcester Roofing Contractors,N/A,N/A,Roofing contractor,"75 Webster St # 54, Worcester, MA 01603",N/A,N/A,N/A,"65R8+RR Worcester, Massachusetts",(351) 239-1050
Simply Roofing,5.0,2,Roofing contractor,"397 Park Ave, Worcester, MA 01610",N/A,N/A,simplyroofingco.com,"755H+33 Worcester, Massachusetts",(508) 552-3289
All Star Roofing Co,N/A,N/A,Roofing contractor,"2 Clegg St, Worcester, MA 01603",N/A,N/A,N/A,"64RQ+88 Worcester, Massachusetts",(800) 930-3605
Fitzgerald Roofing,4.9,40,Roofing contractor,"93 Osceola Ln, Longmeadow, MA 01106",N/A,N/A,fitzgeraldroofingco.com,"3C3J+23 Longmeadow, Massachusetts",(413) 734-8438
Worcester's Pro Roofing,5.0,6,Roofing contractor,"6 Lund St, Worcester, MA 01607",N/A,N/A,N/A,"66R4+H7 Worcester, Massachusetts",(508) 242-1597
Bilodeau & Son Roofing,N/A,N/A,Roofing contractor,"34 Benham Ave, Hardwick, MA 01082",N/A,N/A,N/A,"7Q23+PR Hardwick, Massachusetts",(413) 967-6679
MMC Specialty Roofing Inc.,4.7,3,Roofing contractor,"176 Pinevale St, Indian Orchard, MA 01151",N/A,N/A,mmcspecialtyroofing.com,"5F3X+JH Indian Orchard, Springfield, MA",(413) 642-3842
Bill's Roofing & Siding,2.0,12,Roofing contractor,"62 Catharine St, Worcester, MA 01605",N/A,N/A,N/A,"76F6+MV Worcester, Massachusetts",(508) 753-9666
Green Earth Roofing Solutions LLC,5.0,6,Roofing contractor,"100 State St #110A, Ludlow, MA 01056",N/A,N/A,geroofingsolutions.com,"5G4F+G9 Ludlow, Massachusetts",(413) 324-6680
Shumway Roofing,5.0,N/A,Roofing contractor,"625 E Pleasant St, Amherst, MA 01002",N/A,N/A,shumwayroofing.com,"CF2P+8G Amherst, Massachusetts",(413) 549-4658
Worcester Roofers,N/A,N/A,Roofing contractor,"80 Florence St, Worcester, MA 01603",Located in: Clark University,N/A,N/A,"752F+69 Worcester, Massachusetts",(508) 425-0973
Tom Quinlin Roofing Siding,5.0,N/A,Roofing contractor,"12 Bayberry Ln, Hadley, MA 01035",N/A,N/A,N/A,"CCCR+GR Hadley, Massachusetts",(413) 549-5474
Springfield Roofing Experts,4.7,15,Roofing contractor,"58 Daviston St, Springfield, MA 01108",N/A,N/A,N/A,"3FQ3+X5 Springfield, Massachusetts",(413) 288-2628
Hawkins Roofing,4.0,N/A,Roofing contractor,"15 Sunrise Ave, Deerfield, MA 01342",N/A,N/A,mitchellhawkins.com,"GC8M+93 Deerfield, Massachusetts",(413) 374-8161
Worcester Roofing Repair,3.2,18,Roofing contractor,"89 E Central St, Worcester, MA 01605",N/A,N/A,N/A,"7675+RR Worcester, Massachusetts",(339) 329-2717
Capital Roofing,5.0,7,Roofing contractor,"10 Green St, Leominster, MA 01453",N/A,N/A,capitalroofingma.com,"G6MW+84 Leominster, Massachusetts",(508) 507-7444
"Tech Roofing Service, Inc.",5.0,8,Roofing contractor,"896 Sheridan St, Chicopee, MA 01020",N/A,N/A,techroofing.com,"5CHP+XQ Chicopee, Massachusetts",(413) 331-5667
Modern Standing Seam Metal Roofing,4.9,64,Roofing contractor,"219 Whitins Rd, Sutton, MA 01590",N/A,N/A,modernssmetalroofing.com,"472R+6H Sutton, Massachusetts",(844) 230-9300
Applied Roofing Systems Inc,5.0,11,Roofing contractor,"26 Mill St, Webster, MA 01570",N/A,N/A,appliedroofing.com,"3479+6V Webster, Massachusetts",(508) 943-9973
Applied Roofing Systems Inc,5.0,11,Roofing contractor,"26 Mill St, Webster, MA 01570",N/A,N/A,appliedroofing.com,"3479+6V Webster, Massachusetts",(508) 943-9973
Roofing Service Pro's,4.9,15,Roofing contractor,"13 Mass Ave, Harvard, MA 01451",N/A,N/A,N/A,"FCX8+MV Harvard, Massachusetts",N/A
Young Roofing Co Inc,5.0,4,Roofing contractor,"144 Texas Rd, Northampton, MA 01060",N/A,N/A,N/A,"8965+FR Northampton, Massachusetts",(413) 584-1367
Vanguard Roofing,5.0,4,Roofing contractor,"34 Front St, Springfield, MA 01151",N/A,N/A,vanguardroofing.com,"5F6V+5H Springfield, Massachusetts",(413) 443-7720
Expert Roofing,5.0,12,Roofing contractor,"74 Bosworth St, West Springfield, MA 01089",N/A,N/A,N/A,"39VJ+XM West Springfield, Massachusetts",(413) 288-2628
Budget Roofing,5.0,N/A,Roofing contractor,"6 Hollywood St, South Hadley, MA 01075",N/A,N/A,budgetroofing.godaddysites.com,"6C8G+M6 South Hadley, Massachusetts",(413) 335-7469
Silco Roofing,5.0,8,Roofing contractor,"1 Benefit St, Clinton, MA 01510",N/A,N/A,silco-roofing-clinton.site,"C88C+GV Clinton, Massachusetts",(351) 200-9004
"Golden Gutters, Roofing & Siding",4.9,176,Gutter service,"23 Harback Rd, Sutton, MA 01590",N/A,N/A,goldengutterconstruction.com,"5794+6Q Sutton, Massachusetts",(774) 703-4153
Global Metal Roofing & Gutters,5.0,3,Roofing contractor,"10 Newton Ave, Oxford, MA 01540",N/A,N/A,globalmetalroofing.com,"44QM+3V Oxford, Massachusetts",(774) 289-0563
Hawkins Roofing,5.0,3,Roofing contractor,"89 Crescent St, Greenfield, MA 01301",N/A,N/A,mitchellhawkins.com,"HCP5+PP Greenfield, Massachusetts",(413) 774-6834
Rick's Roofing,5.0,N/A,Roofing contractor,"33 Shawna St, Fitchburg, MA 01420",N/A,N/A,N/A,N/A,(978) 343-4946
Steady Roofing & Home Improvment Inc.,5.0,N/A,Roofing contractor,"49 Grant St, Easthampton, MA 01027",N/A,N/A,facebook.com,"78CR+3X Easthampton, Massachusetts",(413) 640-7728
Shrewsbury Siding & Roofing Co,4.0,N/A,Roofing contractor,"600 Lake St, Shrewsbury, MA 01545",N/A,N/A,N/A,"67XC+WC Shrewsbury, Massachusetts",(508) 798-0633
Sun Roofing Inc,4.3,4,Roofing contractor,"71 Walnut St, Springfield, MA 01105",N/A,N/A,sunroofinginc.com,"4C4G+J4 Springfield, Massachusetts",(413) 734-7774
