name,rating,reviews_count,category,address,location,hours,website,plus_code,phone
Mac Roofing Co Inc,5.0,6,Roofing contractor,"22 N Main St, Middleborough, MA 02346",N/A,N/A,mac-roofing.com,"V3VR+4C Middleborough, Massachusetts",(781) 232-3001
"A-American Remodeling Co, Inc",4.7,42,Roofing contractor,"539A S St E, Raynham, MA 02767",N/A,N/A,aamericanroof.com,"VXX7+PM Raynham, Massachusetts",(508) 456-0074
Munroe Roofing & Construction,4.8,55,Roofing contractor,"227 Clark Rd, Plymouth, MA 02360",N/A,N/A,munroeroofing.com,"V98V+GG Plymouth, Massachusetts",(774) 269-1025
Cape Cod Roofing and Siding,4.1,28,Roofing contractor,"111 Hathaway St, Wareham, MA 02571",N/A,N/A,capecodroof.com,"Q725+VM Wareham, Massachusetts",(508) 295-3562
Cape Cod Roofing and Siding,4.1,28,Roofing contractor,"111 Hathaway St, Wareham, MA 02571",N/A,N/A,capecodroof.com,"Q725+VM Wareham, Massachusetts",(508) 295-3562
Brocks Building,4.8,23,Roofing contractor,"6 Sola's Cir, Wareham, MA 02571",N/A,N/A,brocksbuildingroofingcontractor.com,"P7WC+78 Wareham, Massachusetts",(508) 441-8931
Mario's Roofing,5.0,4,Roofing contractor,"3074 Cranberry Hwy, East Wareham, MA 02538",N/A,N/A,mariosroofing.com,"Q942+FH East Wareham, Wareham, MA",(508) 599-2215
Atlas Roofing & Construction Inc,4.9,57,Roofing contractor,"102 Hedges Pond Rd Unit 2, Plymouth, MA 02360",N/A,N/A,atlasroofing.net,"RCGR+PH Plymouth, Massachusetts",(774) 313-7714
"LIONS Siding and Roofing Experts - Cape Cod, MA",5.0,86,Roofing contractor,"16 Robin Rd, Sandwich, MA 02563",N/A,N/A,roofinglions.com,"PGP6+VP Sandwich, Massachusetts",(857) 615-7187
J Bennette Roofing,5.0,2,Roofing contractor,"Phillips Rd, Sagamore Beach, MA 02562",N/A,N/A,jbennetteroofing.com,"QFPP+V3 Sagamore Beach, Bourne, MA",(781) 335-4311
Hedtler Roofing LLC,5.0,4,Roofing contractor,"32 Elmwood St, Wareham, MA 02571",N/A,N/A,hedtlerroofingllc.com,"P7VX+MR Wareham, Massachusetts",(508) 962-4123
Holland Homes Roofing Co,5.0,31,Roofing contractor,"66 Cranberry Rd, Carver, MA 02330",N/A,N/A,roofwithhh.com,"R7RG+GJ Carver, Massachusetts",(781) 864-2525
United Home Experts,5.0,25,Roofing contractor,"53 Marion Rd, Wareham, MA 02571",Located in: Marion road professional building,N/A,unitedhomeexperts.com,"Q76H+75 Wareham, Massachusetts",(508) 355-3263
Gustafson Contracting,5.0,4,Roofing contractor,"14 Jonathan Cir, Plymouth, MA 02360",N/A,N/A,gustafsoncontracting.com,"VF25+QV Plymouth, Massachusetts",(508) 403-4943
Mc Donnell Roofing Co,5.0,N/A,Roofing contractor,"8 Craig St, Carver, MA 02330",N/A,N/A,N/A,"V6W4+9G Carver, Massachusetts",(508) 866-6927
Mc Donnell Roofing Co,5.0,N/A,Roofing contractor,"8 Craig St, Carver, MA 02330",N/A,N/A,N/A,"V6W4+9G Carver, Massachusetts",(508) 866-6927
J Bennette Roofing,N/A,N/A,Roofing contractor,"332 Center Hill Rd, Plymouth, MA 02360",N/A,N/A,jbennetteroofing.com,N/A,(508) 294-0855
J Bennette Roofing,N/A,N/A,Roofing contractor,"332 Center Hill Rd, Plymouth, MA 02360",N/A,N/A,jbennetteroofing.com,"RFX6+MQ Plymouth, Massachusetts",(508) 294-0855
Cran Marsh Inc,5.0,19,Roofing contractor,"635 Wareham St Rear, Middleborough, MA 02346",N/A,N/A,cranmarshgc.com,"R58V+72 Middleborough, Massachusetts",(774) 419-3101
Falcone Roofing Co Inc,4.5,15,Roofing contractor,"114 Long Pond Rd, Plymouth, MA 02360",N/A,N/A,falconeroofingco.com,"W8FV+MM Plymouth, Massachusetts",(508) 746-6866
"Persson Construction, Inc.",N/A,N/A,Roofing contractor,"22 Colony Ave, Bourne, MA 02532",N/A,N/A,perssonremodeling.com,"PC86+5C Bourne, Massachusetts",(508) 360-2906
"ZND-FAM Attic-Solution & Insulation's Wareham, MA",5.0,3,Roofing contractor,"34 Fearing Hill Rd, Wareham, MA 02571",N/A,N/A,N/A,"Q69W+XH Wareham, Massachusetts",(508) 290-3557
"ZND-FAM Attic-Solution & Insulation's Wareham, MA",5.0,3,Roofing contractor,"34 Fearing Hill Rd, Wareham, MA 02571",N/A,N/A,N/A,"Q69W+XH Wareham, Massachusetts",(508) 290-3557
Guns n Hoses Construction,5.0,2,General contractor,"24 Oak Dr, Carver, MA 02330",N/A,N/A,N/A,"V6Q9+83 Carver, Massachusetts",(508) 369-3886
The Evergreen Homes and Builders,5.0,12,Construction company,"24 Thatcher Rd, Plymouth, MA 02360",N/A,N/A,thevergreenhomes.com,"V99V+87 Plymouth, Massachusetts",(330) 304-6805
Ropac Roofing,5.0,10,Roofing contractor,"238 Center St, Middleborough, MA 02346",N/A,N/A,ropac.com,"V3VP+8M Middleborough, Massachusetts",(508) 326-8260
Peresunko Construction,4.9,13,Construction company,"949 State Rd, Plymouth, MA 02360",N/A,N/A,peresunkoconstruction.com,"WC2W+MW Plymouth, Massachusetts",(774) 343-6734
Gibbs Roofing,4.9,15,Roofing contractor,"109 Main St, Acushnet, MA 02743",N/A,N/A,N/A,"M3MQ+5P Acushnet, Massachusetts",N/A
Corey & Corey The Roofers,4.9,134,Roofing contractor,"27 Finway, Mashpee, MA 02649",N/A,N/A,coreyandcorey.com,"HG98+XH Mashpee, Massachusetts",(508) 775-8240
Vilex Inc. Roofers,4.9,33,Roofing contractor,"221 Saddler Ln, West Barnstable, MA 02668",N/A,N/A,vilexconstruction.com,"MJPH+W2 West Barnstable, Barnstable, MA",(508) 367-2205
Vilex Inc. Roofers,4.9,33,Roofing contractor,"221 Saddler Ln, West Barnstable, MA 02668",N/A,N/A,vilexconstruction.com,"MJPH+W2 West Barnstable, Barnstable, MA",(508) 367-2205
"Roofing and Siding of Cape Cod, LLC",4.9,134,Roofing contractor,"900 MA-134, South Dennis, MA 02660",N/A,N/A,roofingandsidingofcapecod.com,"PR8W+G9 South Dennis, Dennis, MA",(508) 360-2749
All Cape Roofing,5.0,2,Roofing contractor,"312 Skunknet Rd, Centerville, MA 02632",N/A,N/A,N/A,"MJ7P+3R Centerville, Barnstable, MA",(508) 385-8801
All Cape Roofing,5.0,2,Roofing contractor,"312 Skunknet Rd, Centerville, MA 02632",N/A,N/A,N/A,"MJ7P+3R Centerville, Barnstable, MA",(508) 385-8801
MassTech Roofing & Building,4.8,58,Roofing contractor,"260 Washington St, Pembroke, MA 02359",N/A,N/A,masstechroofing.com,"36W4+2C Pembroke, Massachusetts",(781) 232-3585
"ZND-JA Attic-Solution & Insulation's & Roofing Service Wareham, MA",4.6,5,Contractor,"4 Division Ave, Wareham, MA 02571",N/A,N/A,N/A,"Q8C2+36 Wareham, Massachusetts",(508) 290-3799
Mario's Roofing,5.0,2,Roofing contractor,"548 W Grove St, Middleborough, MA 02346",N/A,N/A,mariosroofing.com,"W22V+H5 Middleborough, Massachusetts",(508) 947-9472
Hitchcock Roofing and Construction,3.6,8,Roofing contractor,"30 Scorton Hill Rd, West Barnstable, MA 02668",N/A,N/A,hitchcockroofs.com,N/A,(508) 775-7763
Hitchcock Roofing and Construction,3.6,8,Roofing contractor,"30 Scorton Hill Rd, West Barnstable, MA 02668",N/A,N/A,hitchcockroofs.com,"PJF3+PC West Barnstable, Barnstable, MA",(508) 775-7763
Craffey & Co Roofing,5.0,5,Roofing contractor,"10 Cordage Park, Plymouth, MA 02360",N/A,N/A,craffey-roofing-plymouth.site,"X8H6+HQ Plymouth, Massachusetts",(339) 331-1221
Craffey & Co Roofing,5.0,5,Roofing contractor,"10 Cordage Park, Plymouth, MA 02360",N/A,N/A,craffey-roofing-plymouth.site,"X8H6+HQ Plymouth, Massachusetts",(339) 331-1221
Mighty Dog Roofing,5.0,87,Roofing contractor,"448 Turnpike St b-2, South Easton, MA 02375",Located in: Village Place,N/A,mightydogroofing.com,"2W7M+2H South Easton, Easton, MA",(508) 928-3755
Mighty Dog Roofing,5.0,87,Roofing contractor,"448 Turnpike St b-2, South Easton, MA 02375",Located in: Village Place,N/A,mightydogroofing.com,"2W7M+2H South Easton, Easton, MA",(508) 928-3755
B & N Plastering,5.0,2,Dry wall contractor,"220 Cromesett Rd, Wareham, MA 02571",N/A,N/A,N/A,"P7JC+9V Wareham, Massachusetts",(508) 291-2620
B & N Plastering,5.0,2,Dry wall contractor,"220 Cromesett Rd, Wareham, MA 02571",N/A,N/A,N/A,"P7JC+9V Wareham, Massachusetts",(508) 291-2620
Curley Roofing & Siding,5.0,3,Roofing contractor,"77 Robbins St, Osterville, MA 02655",N/A,N/A,N/A,"JJJF+94 Osterville, Barnstable, MA",(508) 790-4508
Clogston Construction & Remodeling,4.7,19,General contractor,"75 Boatwright's Lp, Plymouth, MA 02360",N/A,N/A,clogstonconstructionandremodeling.com,"VCG4+VG Plymouth, Massachusetts",(339) 788-2214
Clogston Construction & Remodeling,4.7,19,General contractor,"75 Boatwright's Lp, Plymouth, MA 02360",N/A,N/A,clogstonconstructionandremodeling.com,"VCG4+VG Plymouth, Massachusetts",(339) 788-2214
Mac Roofing Co Inc,5.0,6,Roofing contractor,"22 N Main St, Middleborough, MA 02346",N/A,N/A,mac-roofing.com,"V3VR+4C Middleborough, Massachusetts",(781) 232-3001
Ridge Brothers Roofing,5.0,N/A,Roofing contractor,"32 White Island Rd, Halifax, MA 02338",N/A,N/A,ridgebrothersinc.com,"2535+CP Halifax, Massachusetts",(781) 293-1911
HyTech Roofing Solutions,5.0,247,Roofing contractor,"714A MA-6A, Yarmouth Port, MA 02675",N/A,N/A,hytechroof.com,"PQ5P+HX Yarmouth Port, Yarmouth, MA",(508) 776-7173
Waterman Building & Remodeling,5.0,233,Roofing contractor,"238 Center St, Middleborough, MA 02346",N/A,N/A,watermanbuilders.com,"V3VP+8M Middleborough, Massachusetts",(508) 317-8010
Gibbs Roofing and Remodeling,N/A,N/A,Roofing contractor,"140 Perry Hill Rd, Acushnet, MA 02743",N/A,N/A,gibbsroofingcompany.com,"P45F+2H Acushnet, Massachusetts",(508) 287-9707
Hannigan Roofing,5.0,7,Roofing contractor,"6 Town Wharf, Plymouth, MA 02360",N/A,N/A,hanniganroofing.com,"X86M+Q4 Plymouth, Massachusetts",(508) 209-1352
TeamCraft Roofing,5.0,2,Roofing contractor,"4C Commerce Way, Carver, MA 02330",N/A,N/A,tcrfg.com,"W5CJ+J7 Carver, Massachusetts",(888) 766-3001
TeamCraft Roofing,5.0,2,Roofing contractor,"4C Commerce Way, Carver, MA 02330",N/A,N/A,tcrfg.com,"W5CJ+J7 Carver, Massachusetts",(888) 766-3001
Acer Roofing & Siding,5.0,3,Roofing contractor,"640 Main St, Hyannis, MA 02601",N/A,N/A,N/A,N/A,(508) 776-7173
Acer Roofing & Siding,5.0,3,Roofing contractor,"640 Main St, Hyannis, MA 02601",N/A,N/A,N/A,N/A,(508) 776-7173
BLUE RHINO ROOFING,5.0,30,Roofing contractor,"930 Crescent St, Brockton, MA 02302",N/A,N/A,bluerhinoroofingllc.com,"32J9+7P Brockton, Massachusetts",(508) 443-7567
Nor'East Services Incorporated,4.7,22,Roofing contractor,"37 Main St, Kingston, MA 02364",N/A,N/A,noreastservices.com,"X8M2+H9 Kingston, Massachusetts",(781) 347-3267
Easton Roofing,4.8,75,Roofing contractor,"28 Black Brook Rd, South Easton, MA 02375",N/A,N/A,eastonroofingma.com,"2VPQ+78 South Easton, Easton, MA",(617) 756-4429
Sanchez Roofing Company,5.0,N/A,Roofing contractor,"Ellis St, Brockton, MA 02301",N/A,N/A,N/A,"3XQ9+MF Brockton, Massachusetts",(617) 586-5191
Maynard Roofing /40yrs a Family Business,4.9,42,Roofing contractor,"45 Railroad Ave, Taunton, MA 02780",N/A,N/A,maynardroofingco.com,"VV6M+XW Taunton, Massachusetts",(508) 631-3839
Whaling City Roofing Repair,5.0,7,Roofing contractor,"21 Shell St, New Bedford, MA 02744",N/A,N/A,newbedfordroofrepair.com,"H3XQ+RR New Bedford, Massachusetts",(508) 643-8246
Boss roofing LLC,5.0,9,Roofing contractor,"78 Mill St, New Bedford, MA 02740",N/A,N/A,bossroofingma.com,"J3QC+56 New Bedford, Massachusetts",(774) 216-6080
Breault Roofing,4.2,5,Roofing contractor,"110 Madeira Ave, New Bedford, MA 02745",N/A,N/A,breaultroofing.com,"M39F+6W New Bedford, Massachusetts",(508) 995-3047
Breault Roofing,4.2,5,Roofing contractor,"110 Madeira Ave, New Bedford, MA 02745",N/A,N/A,breaultroofing.com,"M39F+6W New Bedford, Massachusetts",(508) 995-3047
Superior Exteriors Roofing,4.8,37,Roofing contractor,"835 Plain St Unit 21, Marshfield, MA 02050",N/A,N/A,superiorexteriorsma.com,"464X+99 Marshfield, Massachusetts",(617) 922-6062
Admiral Roofing & Home Improvement,4.8,20,Contractor,"36 S Franklin St, Holbrook, MA 02343",N/A,N/A,admiralroofingma.com,"5X3R+M8 Holbrook, Massachusetts",(781) 355-5010
K1 Roofing LLC,5.0,N/A,Roofing contractor,"30 E Washington St, Hanson, MA 02341",N/A,N/A,k1roofingma.com,"34F9+V8 Hanson, Massachusetts",(339) 793-9500
Anthony's Construction & Roofing Corp,4.8,19,Roofing contractor,"135 Industrial Way, Rockland, MA 02370",N/A,N/A,acrroofingcorp.com,"33XX+HP Rockland, Massachusetts",(781) 347-3135
TopGuard Roofing Solutions,5.0,8,Roofing contractor,"6 Forge Rd, Westport, MA 02790",N/A,N/A,topguardroofing.net,"JWMW+GW Westport, Massachusetts",(774) 628-8202
Mullin Roofing and Siding INC,5.0,5,Roofing contractor,"7 Connemara Way, West Yarmouth, MA 02673",N/A,N/A,mullinroofingandsiding.com,"MQ46+J5 West Yarmouth, Yarmouth, MA",(508) 221-8591
Fred Falcone Roofing,4.2,5,Roofing contractor,"359 Center St, Pembroke, MA 02359",N/A,N/A,fredfalconeroofing.com,"354P+6H Pembroke, Massachusetts",(781) 293-3126
GT Roofing and Construction,2.0,N/A,Roofing contractor,"116 Plympton St, Middleborough, MA 02346",N/A,N/A,N/A,"W49V+GG Middleborough, Massachusetts",(508) 840-7205
JPA Construction MA (Roofing Contractor & Siding Contractor),5.0,12,Contractor,"298 b, 298 Sea St, Hyannis, MA 02601",N/A,N/A,jpaconstructionma.com,"JPR6+92 Hyannis, Barnstable, MA",(774) 810-2099
Whittemore Home Improvement,5.0,N/A,Siding contractor,"42 Bunnys Rd, Carver, MA 02330",N/A,N/A,whisiding.com,"W792+HW Carver, Massachusetts",(508) 866-5122
Blake Adams Roofing,4.9,33,Roofing contractor,"21 Highfield Ln, Norwell, MA 02061",N/A,N/A,blakeadamsroofing.com,"45QJ+RW Norwell, Massachusetts",(781) 733-8424
Blake Adams Roofing,4.9,33,Roofing contractor,"21 Highfield Ln, Norwell, MA 02061",N/A,N/A,blakeadamsroofing.com,"45QJ+RW Norwell, Massachusetts",(781) 733-8424
Always On Top Roofing,4.7,29,Roofing contractor,"121 Randolph St, Abington, MA 02351",N/A,N/A,alwaysontoproofing.net,"42HV+VX Abington, Massachusetts",(508) 405-6653
South Shore Roofing,N/A,N/A,Roofing contractor,"458 Monponsett St, Hanson, MA 02341",N/A,N/A,southshoreroofingma.com,"25M3+2W Hanson, Massachusetts",(781) 826-7663
MDH Construction,5.0,10,General contractor,"186 S Meadow Rd # 2, Plymouth, MA 02360",N/A,Closed ⋅ Opens 9AMSee more hours,mdhconstruction.com,"W78G+W2 Plymouth, Massachusetts",(774) 269-6002
Summer Exterior Inc,5.0,8,Roofing contractor,"234 West Center St Unit #14, West Bridgewater, MA 02379",N/A,N/A,summerexteriorinc.com,"X3WR+HW West Bridgewater, Massachusetts",(774) 279-3283
Cazeault Paul J And Sons Roofing,N/A,N/A,Contractor,"49 Liberty St, Plymouth, MA 02360",N/A,N/A,cazeault.com,"X876+RV Plymouth, Massachusetts",(508) 747-3800
Kevin Lyman Roofing Co.,3.3,4,Roofing contractor,"123 Green St, Bridgewater, MA 02324",N/A,N/A,lymanroofing.com,"W2P5+C6 Bridgewater, Massachusetts",(508) 697-8244
Legacy Roofing,5.0,16,Roofing contractor,"25 Elm Park, Scituate, MA 02066",N/A,N/A,legacyroofingma.com,"57P8+FC Scituate, Massachusetts",(339) 214-1669
Legacy Roofing,5.0,16,Roofing contractor,"25 Elm Park, Scituate, MA 02066",N/A,N/A,legacyroofingma.com,"57P8+FC Scituate, Massachusetts",(339) 214-1669
"ROB Roofing Service & Dryer Vent Cleaning Services Plympton, MA",4.0,9,Roofing contractor,"110 Center St, Plympton, MA 02367",N/A,N/A,N/A,"X569+RQ Plympton, Massachusetts",(339) 244-8853
"ROB Roofing Service & Dryer Vent Cleaning Services Plympton, MA",4.0,9,Roofing contractor,"110 Center St, Plympton, MA 02367",N/A,N/A,N/A,"X569+RQ Plympton, Massachusetts",(339) 244-8853
