name,rating,reviews_count,category,address,location,hours,website,plus_code,phone
Verona Granite & Marble Importers,4.9,19,Marble supplier,"705 Quequechan St, Fall River, MA 02721",N/A,N/A,veronagraniteandmarble.com,"MVP5+Q3 Fall River, Massachusetts",(774) 294-4458
Star Marble & Granite,5.0,2,Marble contractor,"55 Winthrop St, Rehoboth, MA 02769",N/A,N/A,rt44starmarble.com,"VQ8Q+MM Rehoboth, Massachusetts",(508) 252-4300
"Marble and Granite, Inc.",4.4,14,Wholesaler,"270 University Ave, Westwood, MA 02090",N/A,N/A,marbleandgranite.com,"6R2W+RF Westwood, Massachusetts",(781) 407-9560
Skyline Marble & Granite,4.6,117,Granite supplier,"1296 Broadway, Raynham, MA 02767",N/A,N/A,skylinegranite.com,"XW7J+9J Raynham, Massachusetts",(508) 947-4600
New Granite Corp,5.0,20,Countertop contractor,"78 Middleboro Rd, East Freetown, MA 02717",N/A,N/A,newgranitecorp.slabware.com,"Q375+HC East Freetown, Freetown, MA",(774) 476-4807
Holbrook Granite & Marble Co,4.8,27,Countertop store,"13 Technical Park Dr, Holbrook, MA 02343",N/A,N/A,holbrookgranite.com,"4XXQ+FG Holbrook, Massachusetts",(781) 986-5300
Rapha Marble & Granite,5.0,30,Countertop contractor,"285 Winthrop St unit F3, Rehoboth, MA 02769",N/A,N/A,raphamarblegranite.com,"VQ23+3Q Rehoboth, Massachusetts",(774) 437-2651
Atlantic Marble & Granite,4.9,48,Countertop store,"229 Teaticket Hwy, Teaticket, MA 02536",N/A,N/A,atlanticmarbleandgranite.com,"HC83+JX Teaticket, Falmouth, MA",(508) 540-9770
"Black Diamond Stone, LLC",5.0,74,Countertop store,"13 Ridge Hill Rd Unit 10, Assonet, MA 02702",N/A,N/A,blackdiamondstones.com,"QWMG+PG Assonet, Freetown, MA",(508) 992-2992
Natural Marble & Granite,4.7,36,Countertop store,"45 Pond St, Milford, MA 01757",N/A,N/A,naturalcompanies.com,"4FRP+C6 Milford, Massachusetts",(508) 634-2235
Plymouth Marble & Granite,4.9,31,Marble supplier,"149 Camelot Dr, Plymouth, MA 02360",N/A,N/A,plymouthmarble.com,"W9H3+QG Plymouth, Massachusetts",(508) 747-2483
Majestic Marble & Granite,5.0,6,Granite supplier,"253 Revere St, Canton, MA 02021",N/A,N/A,majesticfabrication.com,"5R5X+JR Canton, Massachusetts",(781) 830-1020
Vn Marble & Granite,5.0,3,Marble contractor,"15 Turnpike St, West Bridgewater, MA 02379",N/A,N/A,atmarble.com,"2WXM+X8 West Bridgewater, Massachusetts",(508) 297-1894
Minas Marble & Granite Inc,5.0,8,Granite supplier,"515 E Central St, Franklin, MA 02038",N/A,N/A,instagram.com,"3JJG+CF Franklin, Massachusetts",(508) 520-4800
New View Marble and Granite,4.7,14,Countertop store,"1 Master Dr, Franklin, MA 02038",N/A,N/A,newviewgranite.com,"3HMQ+M3 Franklin, Massachusetts",(508) 541-3909
Advance Marble & Granite,4.9,35,Marble contractor,"2 Katie Marie Dr, Buzzards Bay, MA 02532",N/A,N/A,advancegranitetops.com,"PC58+X8 Bourne, Massachusetts",(508) 556-4402
Authentic Marble & Granite Inc,5.0,6,Granite supplier,"117 Mechanic St, Bellingham, MA 02019",N/A,N/A,N/A,"3GJM+MH Bellingham, Massachusetts",(508) 657-0194
Living Stone Granite,5.0,21,Granite supplier,"297 E Main St, Fall River, MA 02724",N/A,N/A,livingstonegranitema.com,"MRPJ+JW Fall River, Massachusetts",(508) 567-3562
EGM / UMI Stone,5.0,9,Stone supplier,"675 Canton St #9, Norwood, MA 02062",N/A,N/A,umistone.com,"6R2J+VW Norwood, Massachusetts",(781) 666-6690
"Express Marble & Granite, Inc.",4.9,80,Countertop store,"275 Hopping Brook Rd #4, Holliston, MA 01746",N/A,N/A,expressmarblegranite.com,"5G7J+F9 Holliston, Massachusetts",(774) 233-1973
Marble and Granite International,5.0,2,Marble supplier,"99 Hammond St, Waltham, MA 02451",N/A,N/A,mgiboston.com,N/A,(781) 647-1979
Buonato Granite & Marble,4.6,9,Granite supplier,"130 Maple St #3, Stoughton, MA 02072",N/A,N/A,N/A,"4WWH+62 Stoughton, Massachusetts",(781) 341-5888
APE STONE - MARBLE & GRANITE,5.0,N/A,Granite supplier,"45D Woodland Ave, Seekonk, MA 02771",N/A,N/A,apestonemarblegranite.com,N/A,(508) 933-8631
First Class Marble & Granite,5.0,111,Marble contractor,"60 Earl's Way, Franklin, MA 02038",N/A,N/A,firstclassmarble.com,"4J3J+HW Franklin, Massachusetts",(508) 528-3088
GC MARBLE AND GRANITE INC,4.8,33,Countertop store,"55 Carnegie Row #1, Norwood, MA 02062",N/A,Closed ⋅ Opens 9AM MonSee more hours,gcmarbleandgranite.com,"5RC4+HR Norwood, Massachusetts",(781) 352-3350
OB Marble and Granite Inc,5.0,72,Countertop store,"333 S Main St, Hopedale, MA 01747",N/A,N/A,obmarbleandgranite.com,"4F4V+XG Hopedale, Massachusetts",(508) 488-6516
"Millennium Marble and Granite, LLC",4.2,5,Countertop store,"35 Commercial Dr, Wrentham, MA 02093",N/A,N/A,mmgsurfaces.com,"3M2X+Q9 Wrentham, Massachusetts",(508) 647-8800
Northeastern Marble & Granite,3.6,33,Countertop store,"29 Adams St, Braintree, MA 02184",N/A,N/A,northeasterngranite.com,"62F3+RW Braintree, Massachusetts",(781) 660-6151
Mountain Marble & Granite,4.4,7,Countertop store,"45 Elm St, North Attleborough, MA 02760",N/A,N/A,N/A,"XMJ9+HM North Attleborough, Massachusetts",(617) 438-2742
Mountain Marble & Granite,4.4,7,Countertop store,"45 Elm St, North Attleborough, MA 02760",N/A,N/A,N/A,"XMJ9+HM North Attleborough, Massachusetts",(617) 438-2742
3SM Marble & Granite,4.9,38,Countertop store,"1461B Main St, Millis, MA 02054",N/A,N/A,3smmarbleandgranite.net,"5J58+MP Millis, Massachusetts",(508) 376-9044
Infinity Marble and Granite Inc.,5.0,2,Countertop contractor,"8 Otis Park Dr, Bourne, MA 02532",N/A,N/A,infinitymarblegranite.com,"PC67+R5 Bourne, Massachusetts",(774) 302-4263
Quartz and Granite Pro Inc,5.0,74,Stone supplier,"Norfolk Ave Entrance -Behind, 15 Plymouth Dr G Rear, South Easton, MA 02375",N/A,N/A,quartzandgranitepro.com,"2WWC+JP South Easton, Easton, MA",(508) 297-0138
TBR Marble & Granite,3.7,3,Granite supplier,"9 Spring Brook Rd, Foxborough, MA 02035",N/A,N/A,tbrmarblegranite.com,"3Q6C+3G Foxborough, Massachusetts",(508) 543-9487
"Amazon Granite and Marble, Inc.",4.9,109,Contractor,"171 Clay Pond Rd, Bourne, MA 02532",N/A,N/A,amazongranite.com,"PC97+3M Bourne, Massachusetts",(508) 392-9669
World Marble and Granite Franklin,N/A,N/A,Granite supplier,"20 Grove St #1, Franklin, MA 02038",N/A,N/A,N/A,"3HQF+23 Franklin, Massachusetts",(508) 528-0091
Stonetek Imports Inc,4.5,164,Natural stone supplier,"156 Springfield St, New Bedford, MA 02745",N/A,N/A,stonetekinc.com,"M3M5+MG New Bedford, Massachusetts",(508) 998-0936
Boston Granite Exchange,4.8,26,Granite supplier,"279 Pleasant St, West Bridgewater, MA 02379",N/A,N/A,bostongraniteexchange.com,"2X27+P2 West Bridgewater, Massachusetts",(508) 521-1800
Bedrock Granite Co.,4.7,39,Countertop store,"421 Old Colony Rd, Norton, MA 02766",N/A,N/A,bedrockgranitecompany.com,"XQ34+GW Norton, Massachusetts",(508) 226-2616
A & T Marble & Granite,2.7,11,Countertop store,"15 Turnpike St, West Bridgewater, MA 02379",N/A,N/A,atmarble.com,"2WXM+W7 West Bridgewater, Massachusetts",(508) 297-1894
Direct Granite Countertop,4.4,26,Countertop store,"600 Plain St, Marshfield, MA 02050",N/A,N/A,directgranitecountertop.com,"4745+HR Marshfield, Massachusetts",(781) 837-8780
Blue Planet Inc(Granite & Marble Distributor),5.0,2,Granite supplier,"135 Oak Hill Way, Brockton, MA 02301",N/A,N/A,blueplanetrockks.com,"3X2W+M2 Brockton, Massachusetts",(508) 857-2440
Millineum Marble and Granite,N/A,N/A,Granite supplier,"21 Moore Ave, Franklin, MA 02038",N/A,N/A,N/A,"3JR3+CC Franklin, Massachusetts",(508) 440-6455
Precision Granite and Marble of Marshfield,4.4,7,Granite supplier,"59 Lone St, Marshfield, MA 02050",N/A,N/A,precisionmarbleandgranite.com,"463R+V3 Marshfield, Massachusetts",(781) 488-8697
"Sudbury Granite & Marble, Inc.",4.6,34,Granite supplier,"12 Rosenfeld Dr, Hopedale, MA 01747",N/A,N/A,sudburygraniteandmarble.com,"4F3J+W9 Hopedale, Massachusetts",(508) 478-3976
Almeida Marble and Granite LLC.,4.3,6,Countertop contractor,"127 W Rodney French Blvd, New Bedford, MA 02744",N/A,N/A,almeidamarbleandgranite.com,"J36J+JR New Bedford, Massachusetts",(774) 510-9613
Progressive Marble Fabrication,N/A,N/A,Granite supplier,"43 York Ave, Randolph, MA 02368",N/A,N/A,N/A,"5WJH+VF Randolph, Massachusetts",(781) 963-6029
Stonelab Marble & Granite,4.9,70,Countertop store,"35 Depot St, Milford, MA 01757",N/A,N/A,stonelabgranite.com,"4FQP+23 Milford, Massachusetts",(508) 381-1291
Country Granite Inc,5.0,182,Countertop store,"1055 Plymouth St, Bridgewater, MA 02324",N/A,N/A,country-granite.com,"X3V6+5F Bridgewater, Massachusetts",(508) 697-4361
Atlantis Stone Inc.,4.9,117,Countertop store,"88 A Elm St, Hopkinton, MA 01748",N/A,N/A,atlantiscountertops.com,"6F84+Q9 Hopkinton, Massachusetts",(774) 220-0808
MSA Granite,4.0,4,Countertop contractor,"244 Liberty St STE 7, Brockton, MA 02301",N/A,N/A,msagranite.com,"3W2R+M4 Brockton, Massachusetts",(833) 832-6672
Kellar Marble Care,5.0,N/A,Marble contractor,"106 Main St, Kingston, MA 02364",N/A,N/A,kellarmarblecare.com,"X7W5+29 Kingston, Massachusetts",(781) 582-8704
Timeless Stoneworks,4.9,35,Countertop store,"316 Tremont St, Carver, MA 02330",N/A,N/A,timelessstoneworks.com,"R6HX+32 Carver, Massachusetts",(508) 866-8460
J & D Custom Counter Tops,4.9,11,Countertop store,"250 Cape Hwy, East Taunton, MA 02718",N/A,N/A,N/A,"W235+GH East Taunton, Taunton, MA",(508) 822-7060
Apex Marble and Granite,5.0,9,Home improvement store,"53 Jeffrey Ave STE 6, Holliston, MA 01746",Located in: Matrix Films,N/A,apexmarbleandgranitema.com,"6H6Q+8F Holliston, Massachusetts",(508) 270-6300
PLATINUM GRANITE & Marble,N/A,N/A,Granite supplier,"191 Central St, Stoughton, MA 02072",N/A,N/A,platinumgranitemarble.com,"4WHG+2G Stoughton, Massachusetts",(781) 436-5883
Dream Stone Marble and Granite Inc,N/A,N/A,Marble supplier,"60 Earl's Way, Franklin, MA 02038",N/A,N/A,firstclassmarble.com,"4J3J+HW Franklin, Massachusetts",(508) 528-3088
G C Granite & Tile Inc,5.0,3,Tile contractor,"Milford, MA 01757",N/A,N/A,gcgraniteandtile.com,"4FRJ+J8 Milford, Massachusetts",(508) 488-6516
Vieira Stone Counters,5.0,6,Countertop store,"513 Winthrop St, Rehoboth, MA 02769",N/A,N/A,vieirastone.com,"RPP9+93 Rehoboth, Massachusetts",(401) 481-1196
The Stone Gallery by GMD,4.8,20,Marble contractor,"15 Old Flanders Rd, Westborough, MA 01581",N/A,N/A,thestonegallery.net,"7F82+R9 Westborough, Massachusetts",(508) 836-5521
"Absolute Stone, LLC",4.4,9,Granite supplier,"857 Market St, Rockland, MA 02370",N/A,N/A,absolutestones.com,"4495+VX Rockland, Massachusetts",(781) 982-9105
Affordable Quality Kitchens & Stone,4.3,22,Kitchen remodeler,"625 County St, Taunton, MA 02780",N/A,N/A,affordablequalitykitchens.com,"VWPJ+5W Taunton, Massachusetts",(508) 823-3630
Sam's Countertops,5.0,9,Granite supplier,"22 Daniel Dr, North Easton, MA 02356",N/A,Open ⋅ Closes 5PMSee more hours,samscountertops.com,"2VXC+G3 North Easton, Easton, MA",(617) 637-1376
TM Natural Stone & Quartz,5.0,28,Stone supplier,"58 Hopping Brook Rd, Holliston, MA 01746",N/A,N/A,tmnaturalstone.com,"5GCJ+HP Holliston, Massachusetts",(978) 881-8473
Stone Seal,5.0,17,Floor refinishing service,"31 Rockhill St, Foxborough, MA 02035",N/A,N/A,stoneseal.wixsite.com,"3P7V+8W Foxborough, Massachusetts",(508) 734-0435
Sam's Countertops,5.0,9,Granite supplier,"22 Daniel Dr, North Easton, MA 02356",N/A,Open ⋅ Closes 5PMSee more hours,samscountertops.com,"2VXC+G3 North Easton, Easton, MA",(617) 637-1376
GoodStone & Quartz Fabrication LLC,5.0,5,Marble contractor,"110 Corporate Park Dr Unit 1970, Pembroke, MA 02359",N/A,N/A,goodstoneandquartz.com,"36XH+WR Pembroke, Massachusetts",(781) 829-4393
Trend Marble,N/A,N/A,Marble supplier,"351 Buckminster Dr, Norwood, MA 02062",Located in: The Commons at Windsor Gardens,N/A,trendzmarble.com,"5QCH+G2 Norwood, Massachusetts",(267) 290-6227
Garcia Imported Tile Co,4.3,34,Tile store,"425 1/2 Winthrop St, Taunton, MA 02780",N/A,N/A,garciatile.com,"VVP6+52 Taunton, Massachusetts",(508) 824-2868
Ippolito's Stone Craft Inc.,5.0,5,Granite supplier,"1960 Fall River Ave, Seekonk, MA 02771",N/A,N/A,ippolitosstonecraft.com,"QPJ3+3J Seekonk, Massachusetts",(508) 336-9616
Cornerstone Marble & Granite,N/A,N/A,Tile store,"988 Crane Ave S, Taunton, MA 02780",N/A,N/A,N/A,"WVW4+JR Taunton, Massachusetts",(508) 822-0400
