name,rating,reviews_count,category,address,location,hours,website,plus_code,phone
Hdz construction inc,5.0,N/A,Roofing contractor,"602 Dickinson St, Springfield, MA 01108",N/A,N/A,N/A,"3CJW+P2 Springfield, Massachusetts",(413) 777-3990
Superior Exterior Repairs,5.0,17,Siding contractor,"137 Great Plains Rd, West Springfield, MA 01089",N/A,N/A,superiorexteriorrepairs.com,"489C+WR West Springfield, Massachusetts",(413) 861-2077
Superior Exterior Repairs,5.0,17,Siding contractor,"137 Great Plains Rd, West Springfield, MA 01089",N/A,N/A,superiorexteriorrepairs.com,"489C+WR West Springfield, Massachusetts",(413) 861-2077
Alliance Home Improvement Inc,4.8,80,Siding contractor,"375 Chicopee St, Chicopee, MA 01013",N/A,N/A,alliancehomeinc.co,"59CG+WR Chicopee, Massachusetts",(413) 883-3802
ALL Star Insulation & Siding,3.2,20,Insulation contractor,"56 Franklin St, Easthampton, MA 01027",N/A,N/A,allstarinsulationsiding.com,"789Q+WP Easthampton, Massachusetts",(413) 527-0044
Exterior Construction Inc,4.9,78,Roofing contractor,"14 Noreen Dr, Southampton, MA 01073",N/A,N/A,exteriorconstructioninc.com,"6835+H5 Southampton, Massachusetts",(413) 222-1775
Profound Home Improvement LLC,5.0,19,Roofing contractor,"183 Main St, Westfield, MA 01085",N/A,N/A,profoundhomeimprovement.com,"4788+R4 Westfield, Massachusetts",(413) 417-0977
Major Home Improvements,5.0,205,Roofing contractor,"22 Verona St, Westfield, MA 01085",N/A,N/A,majorhomeimprovements.com,"477F+XP Westfield, Massachusetts",(413) 887-3295
Dan Orszulak Windows Siding,5.0,3,Siding contractor,"14 School St, Westfield, MA 01085",N/A,N/A,N/A,"47C2+F2 Westfield, Massachusetts",(413) 562-5356
Statewide Roofing & Siding,5.0,N/A,Roofing contractor,"Westfield, MA 01085",Located in: Ryan's Liquors,N/A,N/A,"47G2+25 Westfield, Massachusetts",(413) 568-7262
Window World of Western Massachusetts,4.5,40,Window installation service,"975 N Rd, Westfield, MA 01085",N/A,N/A,windowworldofwesternma.com,"58G4+R3 Westfield, Massachusetts",(413) 485-7335
Nextgen Roofing,5.0,319,Roofing contractor,"1 Arch Rd Suite 11, Westfield, MA 01085",N/A,N/A,nextgen413.net,"47V6+2X Westfield, Massachusetts",(413) 613-4052
PATRICK KELLY ROOFING AND SIDING,5.0,113,Roofing contractor,"12 Old Feeding Hills Rd, Westfield, MA 01085",N/A,N/A,patrickkellyroofing.com,"37XQ+HP Westfield, Massachusetts",(413) 568-9513
"A-Z Exterior Repairs, INC",5.0,84,Roofing contractor,"53 S Ramah Cir, Agawam, MA 01001",N/A,N/A,azexteriorrepairs.com,"39P9+2R Agawam, Massachusetts",(413) 378-2006
"A-Z Exterior Repairs, INC",5.0,84,Roofing contractor,"53 S Ramah Cir, Agawam, MA 01001",N/A,N/A,azexteriorrepairs.com,"39P9+2R Agawam, Massachusetts",(413) 378-2006
"PHIL BEAULIEU & SONS HOME IMPROVEMENT, INC",4.8,142,Roofing contractor,"217 Grattan St, Chicopee, MA 01020",N/A,N/A,beaulieuhomeimprovement.com,"5C76+G9 Chicopee, Massachusetts",(413) 592-1498
American Way Home Improvement Co,4.3,6,Roofing contractor,"613 Montgomery Rd, Westfield, MA 01085",N/A,N/A,N/A,"56HF+5F Westfield, Massachusetts",(413) 569-5044
American Way Home Improvement Co,4.3,6,Roofing contractor,"613 Montgomery Rd, Westfield, MA 01085",N/A,N/A,N/A,"56HF+5F Westfield, Massachusetts",(413) 569-5044
Nova Home Improvements,4.9,88,Roofing contractor,"764 Springfield St, Feeding Hills, MA 01030",N/A,N/A,novahomeimprovements.net,"38GW+J5 Feeding Hills, Agawam, MA",(413) 455-8218
Nova Home Improvements,4.9,88,Roofing contractor,"764 Springfield St, Feeding Hills, MA 01030",N/A,N/A,novahomeimprovements.net,"38GW+J5 Feeding Hills, Agawam, MA",(413) 455-8218
Sheldon Construction,3.0,4,Siding contractor,"60 Crooked Ledge Rd, Southampton, MA 01073",N/A,N/A,sheldonconstructioninc.co,N/A,(413) 527-4227
Sheldon Construction,3.0,4,Siding contractor,"60 Crooked Ledge Rd, Southampton, MA 01073",N/A,N/A,sheldonconstructioninc.co,"66MW+JR Southampton, Massachusetts",(413) 527-4227
Ideal Siding Springfield,5.0,3,Siding contractor,"117 Cochran St, Chicopee, MA 01020",N/A,N/A,idealsiding.com,"5C3F+JG Chicopee, Massachusetts",(413) 788-1348
Pepin Roofing & Siding Co,N/A,N/A,Roofing contractor,"52 Cottage St, Easthampton, MA 01027",N/A,N/A,N/A,"787M+M6 Easthampton, Massachusetts",(413) 527-3640
Pepin Roofing & Siding Co,N/A,N/A,Roofing contractor,"52 Cottage St, Easthampton, MA 01027",N/A,N/A,N/A,"787M+M6 Easthampton, Massachusetts",(413) 527-3640
Vista Home Improvement,4.7,468,Contractor,"2097 Riverdale St, West Springfield, MA 01089",N/A,N/A,vistahomeimprovement.com,"5968+4V West Springfield, Massachusetts",(413) 350-1219
Millstream Construction,4.6,16,Roofing contractor,"94 N Elm St Suite 301-M, Westfield, MA 01085",N/A,N/A,millstreamco.com,"47J4+WF Westfield, Massachusetts",(413) 239-5182
Lionel Couture Siding & Roofing,N/A,N/A,Siding contractor,"55 Wishing Well Way, West Springfield, MA 01089",N/A,N/A,N/A,"48FQ+G8 West Springfield, Massachusetts",(413) 737-7484
Sexton Roofing & Siding,4.8,58,Roofing contractor,"6 Church Ave, West Hatfield, MA 01038",N/A,N/A,sextonroofing.com,"99C8+87 West Hatfield, Massachusetts",(413) 534-1234
Sexton Roofing & Siding,4.8,58,Roofing contractor,"6 Church Ave, West Hatfield, MA 01038",N/A,N/A,sextonroofing.com,"99C8+87 West Hatfield, Massachusetts",(413) 534-1234
Steady Roofing & Home Improvment Inc.,5.0,N/A,Roofing contractor,"49 Grant St, Easthampton, MA 01027",N/A,N/A,facebook.com,"78CR+3X Easthampton, Massachusetts",(413) 640-7728
Stone Mountain Roofing LLC,5.0,42,Roofing contractor,"156 Northampton St, Easthampton, MA 01027",N/A,N/A,stonemountainroofingllc.com,"78MJ+2H Easthampton, Massachusetts",(413) 998-9010
Peak Performance Exterior Home Improvements inc,5.0,2,Roofing contractor,"103 Upper Beverly Hills, West Springfield, MA 01089",N/A,N/A,facebook.com,"485G+6W West Springfield, Massachusetts",(413) 523-9695
Kleer Lumber,4.9,15,Lumber store,"44 Greif Way, Westfield, MA 01085",N/A,N/A,kleerlumber.com,"5723+5G Westfield, Massachusetts",(800) 521-8486
Pro Builders Home Improvement,4.9,28,Roofing contractor,"80 Cornell St, Springfield, MA 01109",N/A,N/A,probuildershomeimprovement.com,"4C9H+Q3 Springfield, Massachusetts",(413) 519-0902
Pro Builders Home Improvement,4.9,28,Roofing contractor,"80 Cornell St, Springfield, MA 01109",N/A,N/A,probuildershomeimprovement.com,"4C9H+Q3 Springfield, Massachusetts",(413) 519-0902
Vector Home Improvement,5.0,17,Roofing contractor,"38 Humphrey Ln, West Springfield, MA 01089",N/A,N/A,vectorhomeimprovements.com,"487W+H6 West Springfield, Massachusetts",(413) 883-1636
Vector Home Improvement,5.0,17,Roofing contractor,"38 Humphrey Ln, West Springfield, MA 01089",N/A,N/A,vectorhomeimprovements.com,"487W+H6 West Springfield, Massachusetts",(413) 883-1636
ABC Supply Co. Inc.,4.4,36,Roofing supply store,"152 Fisk Ave, Springfield, MA 01107",N/A,N/A,abcsupply.com,"49FP+Q9 Springfield, Massachusetts",(413) 781-6760
ABC Supply Co. Inc.,4.4,36,Roofing supply store,"152 Fisk Ave, Springfield, MA 01107",N/A,N/A,abcsupply.com,"49FP+Q9 Springfield, Massachusetts",(413) 781-6760
ABC Supply Co. Inc.,4.4,36,Roofing supply store,"152 Fisk Ave, Springfield, MA 01107",N/A,N/A,abcsupply.com,"49FP+Q9 Springfield, Massachusetts",(413) 781-6760
E.M.T. HOME IMPROVEMENT CO.,5.0,2,Construction company,"196 East St, Southampton, MA 01073",N/A,Open ⋅ Closes 5PMSee more hours,N/A,"6874+WP Southampton, Massachusetts",(413) 507-7646
Expert Roofing,5.0,12,Siding contractor,"74 Bosworth St, West Springfield, MA 01089",N/A,N/A,N/A,"39VJ+XM West Springfield, Massachusetts",(413) 288-2628
Expert Roofing,5.0,12,Roofing contractor,"74 Bosworth St, West Springfield, MA 01089",N/A,N/A,N/A,"39VJ+XM West Springfield, Massachusetts",(413) 288-2628
Jen Pressure Washing,5.0,251,Pressure washing service,"27 Maple St, Easthampton, MA 01027",N/A,N/A,thehousewashguy.com,"788P+32 Easthampton, Massachusetts",(413) 331-7925
Jen Pressure Washing,5.0,251,Pressure washing service,"27 Maple St, Easthampton, MA 01027",N/A,N/A,thehousewashguy.com,"788P+32 Easthampton, Massachusetts",(413) 331-7925
Jen Pressure Washing,5.0,251,Pressure washing service,"27 Maple St, Easthampton, MA 01027",N/A,N/A,thehousewashguy.com,"788P+32 Easthampton, Massachusetts",(413) 562-7171
Hometown Structures,5.0,129,Construction company,"627 Southampton Rd, Westfield, MA 01085",N/A,N/A,hometownstructures.com,"576G+93 Westfield, Massachusetts",(413) 562-7171
Vovk Home Improvement,5.0,N/A,Contractor,"108 Hastings St, Feeding Hills, MA 01030",N/A,N/A,vovkhomeimprovement.com,"38GQ+9G Feeding Hills, Agawam, MA",(413) 372-2896
Cedar Falls Roofing and Siding,3.0,2,Roofing contractor,"209 Prospect St, Chicopee, MA 01013",N/A,N/A,cedarfallsroofingandsiding.com,"5CV4+RJ Chicopee, Massachusetts",(413) 885-2852
Cedar Falls Roofing and Siding,3.0,2,Roofing contractor,"209 Prospect St, Chicopee, MA 01013",N/A,N/A,cedarfallsroofingandsiding.com,"5CV4+RJ Chicopee, Massachusetts",(413) 885-2852
Peak Performance Roofing LLC,4.9,88,Roofing contractor,"1 Lovefield St, Easthampton, MA 01027",N/A,N/A,peakperformanceroofingllc.com,"78GR+FX Easthampton, Massachusetts",(413) 203-5888
A. Clarke Construction,5.0,37,Contractor,"1 Court St, Westfield, MA 01085",N/A,N/A,aclarkeconstruction.com,"4792+W5 Westfield, Massachusetts",(413) 977-3152
A. Clarke Construction,5.0,37,Contractor,"1 Court St, Westfield, MA 01085",N/A,N/A,aclarkeconstruction.com,"4792+W5 Westfield, Massachusetts",(413) 977-3152
Paradis Remodeling and Building,5.0,N/A,Contractor,"164 Valley Rd, Southampton, MA 01073",N/A,N/A,paradisremodelingandbuilding.com,"57W4+XP Southampton, Massachusetts",(413) 535-7006
Paradis Remodeling and Building,5.0,N/A,Contractor,"164 Valley Rd, Southampton, MA 01073",N/A,N/A,paradisremodelingandbuilding.com,"57W4+XP Southampton, Massachusetts",(413) 535-7006
Mayers Enterprise LLC,5.0,3,General contractor,"427 Beech St, Holyoke, MA 01040",N/A,N/A,mayersenterprisellc.com,"692H+WF Holyoke, Massachusetts",(413) 420-7105
Finyl Vinyl - Siding - Windows - Roofing,3.0,12,Siding contractor,"33 Grattan St, Chicopee, MA 01020",N/A,N/A,finyl-vinyl.com,"5C68+8Q Chicopee, Massachusetts",(413) 592-2376
Finyl Vinyl - Siding - Windows - Roofing,3.0,12,Siding contractor,"33 Grattan St, Chicopee, MA 01020",N/A,N/A,finyl-vinyl.com,"5C68+8Q Chicopee, Massachusetts",(413) 592-2376
D & S Roofing & Siding,3.2,9,Roofing contractor,"29 Hastings St, Chicopee, MA 01020",N/A,N/A,N/A,"5C48+2P Chicopee, Massachusetts",(413) 592-9490
Lumber Centre Inc,4.6,23,Lumber store,"44 Broad St, Westfield, MA 01085",N/A,N/A,N/A,"4793+82 Westfield, Massachusetts",(413) 562-3675
ABC Supply Co. Inc.,4.5,17,Roofing supply store,"270 Rocus St, Springfield, MA 01104",N/A,N/A,abcsupply.com,"4FX8+FC Springfield, Massachusetts",(413) 732-9940
ABC Supply Co. Inc.,4.5,17,Roofing supply store,"270 Rocus St, Springfield, MA 01104",N/A,N/A,abcsupply.com,"4FX8+FC Springfield, Massachusetts",(413) 732-9940
The Home Depot,4.3,797,Home improvement store,"514 E Main St, Westfield, MA 01085",N/A,Open ⋅ Closes 10PMSee more hours,homedepot.com,"477H+9J Westfield, Massachusetts",(413) 564-0680
The Home Depot,4.3,797,Home improvement store,"514 E Main St, Westfield, MA 01085",N/A,Open ⋅ Closes 10PMSee more hours,homedepot.com,"477H+9J Westfield, Massachusetts",(413) 564-0680
"Morton Buildings, Inc.",5.0,N/A,Construction company,"563 Southampton Rd, Westfield, MA 01085",N/A,N/A,mortonbuildings.com,"575G+H5 Westfield, Massachusetts",(413) 562-7028
Home Facelifters,4.8,4,Contractor,"30 Cove Island Rd, South Hadley, MA 01075",N/A,N/A,N/A,"69HQ+43 South Hadley, Massachusetts",(413) 532-4517
Home Facelifters,4.8,4,Contractor,"30 Cove Island Rd, South Hadley, MA 01075",N/A,N/A,N/A,"69HQ+43 South Hadley, Massachusetts",(413) 532-4517
New England Remodeling General Contractors Inc.,N/A,N/A,Construction company,"73 Valley Rd, Southampton, MA 01073",N/A,N/A,N/A,"57WJ+HJ Southampton, Massachusetts",(413) 529-0801
"R & H Roofing, LLP",3.6,7,Roofing contractor,"59 South St, Easthampton, MA 01027",N/A,N/A,rhroofing.org,"7858+P4 Easthampton, Massachusetts",(413) 527-9378
"R & H Roofing, LLP",3.6,7,Roofing contractor,"59 South St, Easthampton, MA 01027",N/A,N/A,rhroofing.org,"7858+P4 Easthampton, Massachusetts",(413) 527-9378
Springfield Roofing Experts,4.7,15,Roofing contractor,"58 Daviston St, Springfield, MA 01108",N/A,N/A,N/A,"3FQ3+X5 Springfield, Massachusetts",(413) 288-2628
Springfield Roofing Experts,4.7,15,Roofing contractor,"58 Daviston St, Springfield, MA 01108",N/A,N/A,N/A,"3FQ3+X5 Springfield, Massachusetts",(413) 288-2628
ABC Supply Co. Inc.,4.5,37,Roofing supply store,"75 Page Blvd, Springfield, MA 01104",N/A,N/A,abcsupply.com,"4CHP+F2 Springfield, Massachusetts",(413) 781-7300
ABC Supply Co. Inc.,4.5,37,Roofing supply store,"75 Page Blvd, Springfield, MA 01104",N/A,N/A,abcsupply.com,"4CHP+F2 Springfield, Massachusetts",(413) 781-7300
"Stone and Oak Construction, LLC",5.0,11,General contractor,"51 Meadowbrook Ave, West Springfield, MA 01089",N/A,N/A,N/A,"483P+55 West Springfield, Massachusetts",(413) 206-9593
"Stone and Oak Construction, LLC",5.0,11,General contractor,"51 Meadowbrook Ave, West Springfield, MA 01089",N/A,N/A,N/A,"483P+55 West Springfield, Massachusetts",(413) 206-9593
Sondrini Enterprises,5.0,30,Awning supplier,"343 Pecks Rd, Pittsfield, MA 01201",Located in: Maces Marine,N/A,sondrini.com,"FPFM+VX Pittsfield, Massachusetts",(413) 443-0219
The Yankee Craftsman,N/A,N/A,General contractor,"1603 Russell Rd, Montgomery, MA 01085",N/A,N/A,theyankeecraftsman.com,"652M+H4 Montgomery, Massachusetts",(413) 896-5073
The Yankee Craftsman,N/A,N/A,General contractor,"1603 Russell Rd, Montgomery, MA 01085",N/A,N/A,theyankeecraftsman.com,"652M+H4 Montgomery, Massachusetts",(413) 896-5073
Pristine Roofing Siding,N/A,N/A,Roofing contractor,"128 Commonwealth Ave, Springfield, MA 01108",N/A,N/A,N/A,"3CMW+4M Springfield, Massachusetts",(413) 782-3456
Pristine Roofing Siding,N/A,N/A,Roofing contractor,"128 Commonwealth Ave, Springfield, MA 01108",N/A,N/A,N/A,"3CMW+4M Springfield, Massachusetts",(413) 782-3456
Drapeau & Galindo Home Improvement,3.5,4,Roofing contractor,"116 Lathrop St, South Hadley, MA 01075",N/A,N/A,N/A,"6CH2+CH South Hadley, Massachusetts",(413) 533-8684
Drapeau & Galindo Home Improvement,4.2,5,Roofing contractor,"36 Windsor St, West Springfield, MA 01089",N/A,N/A,laroofingct.com,"39WM+2M West Springfield, Massachusetts",(413) 910-8004
LA Roofing LLC,4.2,5,Roofing contractor,"36 Windsor St, West Springfield, MA 01089",N/A,N/A,laroofingct.com,"39WM+2M West Springfield, Massachusetts",(413) 910-8004
"Rodriguez landscaping. House siding replacement ,Power washing,",N/A,N/A,Landscaper,"462 Maple St #2l, Holyoke, MA 01040",N/A,N/A,N/A,"692M+2Q Holyoke, Massachusetts",(413) 693-4959
Hdz construction inc,5.0,N/A,Roofing contractor,"602 Dickinson St, Springfield, MA 01108",N/A,N/A,N/A,"3CJW+P2 Springfield, Massachusetts",(413) 777-3990
