name,rating,reviews_count,category,address,location,hours,website,plus_code,phone
Atlantic Power Cleaning,4.2,5,Cleaning service,"92 Merrimac St, Woburn, MA 01801",N/A,N/A,atlanticpowercleaning.com,"GV72+R2 Woburn, Massachusetts",(781) 933-4142
Casey Powerwash,5.0,10,Pressure washing service,"65 Lake St, Braintree, MA 02184",N/A,N/A,caseypowerwash.com,"5XWG+8W Braintree, Massachusetts",(781) 718-7907
Affordable Power Washing,5.0,35,Pressure washing service,"34 Sturtevant Ave, Norwood, MA 02062",N/A,N/A,powerwashingservicenorwood.com,"5QHW+RV Norwood, Massachusetts",(617) 279-5068
Affordable Power Washing,5.0,35,Pressure washing service,"34 Sturtevant Ave, Norwood, MA 02062",N/A,N/A,powerwashingservicenorwood.com,"5QHW+RV Norwood, Massachusetts",(617) 279-5068
Plainville Power Wash,5.0,16,Pressure washing service,"6 Horseshoe Dr, Plainville, MA 02762",N/A,N/A,plainvillepowerwash.com,"2MG7+R4 Plainville, Massachusetts",(508) 527-4095
Plainville Power Wash,5.0,16,Pressure washing service,"6 Horseshoe Dr, Plainville, MA 02762",N/A,N/A,plainvillepowerwash.com,"2MG7+R4 Plainville, Massachusetts",(508) 527-4095
Nice Mobile Washing,4.3,6,Pressure washing service,"38 Stonewood Ln, Braintree, MA 02184",N/A,N/A,nicemobilewashing.com,"627H+5H Braintree, Massachusetts",(781) 878-9990
Packard Power Washing LLC,5.0,7,Pressure washing service,"67 East St, East Bridgewater, MA 02333",N/A,N/A,N/A,"226Q+VJ East Bridgewater, Massachusetts",(774) 226-5906
Power Clean,5.0,4,Pressure washing service,"282 Thurston St, Wrentham, MA 02093",N/A,N/A,powercleanmass.com,"3M5V+6J Wrentham, Massachusetts",(508) 384-0312
Power Clean,5.0,4,Pressure washing service,"282 Thurston St, Wrentham, MA 02093",N/A,N/A,powercleanmass.com,"3M5V+6J Wrentham, Massachusetts",(508) 384-0312
Power pros Westwood,N/A,N/A,Pressure washing service,"2103 Highland Glen Rd, Westwood, MA 02090",Located in: The Residences at Highland Glen,N/A,powerprosma.com,"6Q79+88 Westwood, Massachusetts",(781) 540-4500
"Advanced Home Services, LLC",5.0,11,Pressure washing service,"10 Regent Rd, Wrentham, MA 02093",N/A,N/A,ahspowerwash.com,"3M3P+Q7 Wrentham, Massachusetts",(508) 384-7378
Like New Home Services LLC,5.0,24,Pressure washing service,"409 Canton St Unit 4, Stoughton, MA 02072",N/A,N/A,N/A,"4VHM+J5 Stoughton, Massachusetts",N/A
Like New Home Services LLC,5.0,24,Pressure washing service,"409 Canton St Unit 4, Stoughton, MA 02072",N/A,N/A,N/A,"4VHM+J5 Stoughton, Massachusetts",N/A
"Insta-Brite Mobile Washing, Inc.",4.8,100,Pressure washing service,"500 South Ave, Whitman, MA 02382",N/A,N/A,instabrite.com,"33MJ+Q2 Whitman, Massachusetts",(781) 447-0022
"Insta-Brite Mobile Washing, Inc.",4.8,100,Pressure washing service,"500 South Ave, Whitman, MA 02382",N/A,N/A,instabrite.com,"33MJ+Q2 Whitman, Massachusetts",(781) 447-0022
Power-Matic Car Wash,3.8,163,Car wash,"87 Copeland Dr, Mansfield, MA 02048",N/A,N/A,powermaticcarwash.com,"2QHC+XH Mansfield, Massachusetts",(774) 218-5462
Power-Matic Car Wash,3.8,163,Car wash,"87 Copeland Dr, Mansfield, MA 02048",N/A,N/A,powermaticcarwash.com,"2QHC+XH Mansfield, Massachusetts",(774) 218-5462
Power-Matic Car Wash,3.8,163,Car wash,"87 Copeland Dr, Mansfield, MA 02048",N/A,N/A,powermaticcarwash.com,"2QHC+XH Mansfield, Massachusetts",(774) 218-5462
Bay State Soft Wash,5.0,62,Pressure washing service,"160 Bedford St, Lakeville, MA 02347",N/A,N/A,baystatesoftwash.com,"V2CW+VR Lakeville, Massachusetts",(774) 259-3778
Bay State Soft Wash,5.0,62,Pressure washing service,"160 Bedford St, Lakeville, MA 02347",N/A,N/A,baystatesoftwash.com,"V2CW+VR Lakeville, Massachusetts",(774) 259-3778
Perfect Painting & Power Washing,5.0,4,Painter,"53 Beach St, Foxborough, MA 02035",N/A,N/A,N/A,"3QR7+8R Foxborough, Massachusetts",N/A
Perfect Painting & Power Washing,5.0,4,Painter,"53 Beach St, Foxborough, MA 02035",N/A,N/A,N/A,"3QR7+8R Foxborough, Massachusetts",N/A
Metrowest Powerwashing,5.0,6,Pressure washing service,"29 Belmore Rd, Natick, MA 01760",N/A,N/A,metrowestpowerwash.com,"7JPC+8R Natick, Massachusetts",(508) 333-0395
Metrowest Powerwashing,5.0,6,Pressure washing service,"29 Belmore Rd, Natick, MA 01760",N/A,N/A,metrowestpowerwash.com,"7JPC+8R Natick, Massachusetts",(508) 333-0395
"E. Medwid Pressure washing, Gutter cleaning & Window cleaning Service",5.0,23,Pressure washing service,"575 Washington St, Dedham, MA 02026",N/A,Open 24 hoursSee more hours,emedwid.com,"6RRC+WP Dedham, Massachusetts",(781) 326-6562
RLM Home Services,5.0,6,Pressure washing service,"62 Belmont St, Abington, MA 02351",N/A,N/A,rlmhome.com,"4352+3X Abington, Massachusetts",(978) 476-6511
RLM Home Services,5.0,6,Pressure washing service,"62 Belmont St, Abington, MA 02351",N/A,N/A,rlmhome.com,"4352+3X Abington, Massachusetts",(978) 476-6511
Under Pressure Power Washing Inc.,4.9,1016,Pressure washing service,"88a Elm St, Hopkinton, MA 01748",N/A,N/A,underpressurewash.com,"6F84+Q9 Hopkinton, Massachusetts",(508) 944-6644
Under Pressure Power Washing Inc.,4.9,1016,Pressure washing service,"88a Elm St, Hopkinton, MA 01748",N/A,N/A,underpressurewash.com,"6F84+Q9 Hopkinton, Massachusetts",(508) 944-6644
South Shore Power Washing,5.0,5,Pressure washing service,"557 Nantasket Ave, Hull, MA 02045",N/A,N/A,N/A,"74MF+RX Hull, Massachusetts",(781) 773-1690
South Shore Power Washing,5.0,5,Pressure washing service,"557 Nantasket Ave, Hull, MA 02045",N/A,N/A,N/A,"74MF+RX Hull, Massachusetts",(781) 773-1690
New England Power Steam,5.0,8,Pressure washing service,"4 Upcrest Rd, Brighton, MA 02135",N/A,N/A,N/A,"9R3P+5J Brighton, Boston, MA",(617) 352-3007
New England Power Steam,5.0,8,Pressure washing service,"4 Upcrest Rd, Brighton, MA 02135",N/A,N/A,N/A,"9R3P+5J Brighton, Boston, MA",(617) 352-3007
Exclusive Pressure Washing,5.0,25,Pressure washing service,"9 Parker Rd, Pembroke, MA 02359",N/A,N/A,exclusivepressurewash.com,"25XF+6M Pembroke, Massachusetts",(781) 799-6377
Exclusive Pressure Washing,5.0,25,Pressure washing service,"9 Parker Rd, Pembroke, MA 02359",N/A,N/A,exclusivepressurewash.com,"25XF+6M Pembroke, Massachusetts",(781) 799-6377
Cohasset Power Wash Services LLC,5.0,6,Pressure washing service,"759 Chief Justice Cushing Hwy #327, Cohasset, MA 02025",N/A,N/A,cohassetpowerwashservices.com,"65FW+2G Cohasset, Massachusetts",(617) 645-3251
Cohasset Power Wash Services LLC,5.0,6,Pressure washing service,"759 Chief Justice Cushing Hwy #327, Cohasset, MA 02025",N/A,N/A,cohassetpowerwashservices.com,"65FW+2G Cohasset, Massachusetts",(617) 645-3251
Cohasset Power Wash Services LLC,5.0,6,Pressure washing service,"759 Chief Justice Cushing Hwy #327, Cohasset, MA 02025",N/A,N/A,cohassetpowerwashservices.com,"65FW+2G Cohasset, Massachusetts",(617) 645-3251
Flow Bros Pressure Washing,5.0,127,Pressure washing service,"7 Sawyer Pl, Plymouth, MA 02360",N/A,N/A,plymouthpressurewashing.com,"X87H+9Q Plymouth, Massachusetts",(617) 291-9792
Flow Bros Pressure Washing,5.0,127,Pressure washing service,"7 Sawyer Pl, Plymouth, MA 02360",N/A,N/A,plymouthpressurewashing.com,"X87H+9Q Plymouth, Massachusetts",(617) 291-9792
Cleanmax Exterior Power Washing,5.0,85,Pressure washing service,"63 Illinois St, Worcester, MA 01610",N/A,N/A,cleanmaxexterior.com,"65WH+8J Worcester, Massachusetts",(774) 243-2009
Cleanmax Exterior Power Washing,5.0,85,Pressure washing service,"63 Illinois St, Worcester, MA 01610",N/A,N/A,cleanmaxexterior.com,"65WH+8J Worcester, Massachusetts",(774) 243-2009
Aquaflow power wash,5.0,6,Pressure washing service,"Pembroke, MA 02359",N/A,N/A,N/A,"359X+WX Pembroke, Massachusetts",(781) 829-3080
Aquaflow power wash,5.0,6,Pressure washing service,"Pembroke, MA 02359",N/A,N/A,N/A,"359X+WX Pembroke, Massachusetts",(781) 829-3080
Gaeta Exterior Services,5.0,87,Pressure washing service,"843 Pike Ave, Attleboro, MA 02703",N/A,N/A,gaetaservices.com,"WQH4+9F Attleboro, Massachusetts",(508) 243-1699
Gaeta Exterior Services,5.0,87,Pressure washing service,"843 Pike Ave, Attleboro, MA 02703",N/A,N/A,gaetaservices.com,"WQH4+9F Attleboro, Massachusetts",(508) 243-1699
Star power wash handyman,N/A,N/A,Pressure washing service,"25 West St, Middleborough, MA 02346",N/A,N/A,N/A,"V3VH+9G Middleborough, Massachusetts",(781) 580-9940
Star power wash handyman,N/A,N/A,Pressure washing service,"25 West St, Middleborough, MA 02346",N/A,N/A,N/A,"V3VH+9G Middleborough, Massachusetts",(781) 580-9940
HiCleaners,4.9,213,Pressure washing service,"109 Medford St, Malden, MA 02148",N/A,N/A,hicleaners.net,"CW9H+8W Malden, Massachusetts",(781) 333-8758
HiCleaners,4.9,213,Pressure washing service,"109 Medford St, Malden, MA 02148",N/A,N/A,hicleaners.net,"CW9H+8W Malden, Massachusetts",(781) 333-8758
Polar Softwash Solutions,5.0,2,Pressure washing service,"6 Round Farm Rd, Rehoboth, MA 02769",N/A,N/A,polarsoftwash.com,"WQ2W+HM Rehoboth, Massachusetts",(508) 254-3686
Polar Softwash Solutions,5.0,2,Pressure washing service,"6 Round Farm Rd, Rehoboth, MA 02769",N/A,N/A,polarsoftwash.com,"WQ2W+HM Rehoboth, Massachusetts",(508) 254-3686
Carrier Power Washing,5.0,10,Pressure washing service,"38 N Main St, Uxbridge, MA 01569",N/A,N/A,N/A,"39H9+83 Uxbridge, Massachusetts",(401) 309-2847
PowerShine Roof & Exterior Cleaning,5.0,59,Pressure washing service,"10 Innsbruck Ln, Kingston, MA 02364",N/A,N/A,powershinecleaning.com,"W6QX+V9 Kingston, Massachusetts",(781) 291-1225
PowerShine Roof & Exterior Cleaning,5.0,59,Pressure washing service,"10 Innsbruck Ln, Kingston, MA 02364",N/A,N/A,powershinecleaning.com,"W6QX+V9 Kingston, Massachusetts",(781) 291-1225
Pacific Power Washing and Painting,5.0,N/A,Pressure washing service,"1 Monroe St, Wakefield, MA 01880",N/A,N/A,pacificpowerwashingandpainting.com,"GW59+Q4 Wakefield, Massachusetts",(781) 696-2420
SSC Window Cleaning and Gutter Cleaning,4.8,924,Window cleaning service,"80 Franklin St, Framingham, MA 01702",N/A,Open ⋅ Closes 5PMSee more hours,sscwindowcleaning.com,"7HHJ+PF Framingham, Massachusetts",(774) 244-0517
SSC Window Cleaning and Gutter Cleaning,4.8,924,Window cleaning service,"80 Franklin St, Framingham, MA 01702",N/A,Open ⋅ Closes 5PMSee more hours,sscwindowcleaning.com,"7HHJ+PF Framingham, Massachusetts",(774) 244-0517
Kings of Pressure Power Washing & Restoration,5.0,413,Pressure washing service,"30 Huntoon Memorial Hwy, Leicester, MA 01524",N/A,N/A,kingsofpressure.com,"638Q+HF Leicester, Massachusetts",(774) 402-4670
Kings of Pressure Power Washing & Restoration,5.0,413,Pressure washing service,"30 Huntoon Memorial Hwy, Leicester, MA 01524",N/A,N/A,kingsofpressure.com,"638Q+HF Leicester, Massachusetts",(774) 402-4670
