name,rating,reviews_count,category,address,location,hours,website,plus_code,phone
Saulnier Hardwood Floors,N/A,N/A,Wood floor installation service,"19 Railroad Ave, Swampscott, MA 01907",N/A,N/A,saulnierfloors.com,"F3FH+82 Swampscott, Massachusetts",(781) 595-7232
Danny's Floor Sanding,4.6,18,General contractor,"80 Ronald Dr, Tewksbury, MA 01876",N/A,N/A,N/A,"HQQJ+5Q Tewksbury, Massachusetts",(978) 670-5708
Witkum Hardwood Flooring,4.6,36,Wood floor refinishing service,"199 Forest St, Methuen, MA 01844",N/A,N/A,witkumhardwoodflooring.com,"PQ7M+4Q Methuen, Massachusetts",(978) 681-0826
ALCANTARA HARDWOOD FLOORS LLC,5.0,29,Flooring contractor,"8 Eljer Dr, Lowell, MA 01854",N/A,N/A,alcantarahardwood.com,"MJ3C+98 Lowell, Massachusetts",(978) 648-1179
ALCANTARA HARDWOOD FLOORS LLC,5.0,29,Flooring contractor,"8 Eljer Dr, Lowell, MA 01854",N/A,N/A,alcantarahardwood.com,"MJ3C+98 Lowell, Massachusetts",(978) 648-1179
S & R Carpet & Floors,5.0,128,Flooring contractor,"434 Littleton Rd, Westford, MA 01886",N/A,N/A,sandrfloors.com,"GGXP+X9 Westford, Massachusetts",(978) 540-8540
Remco Flooring Inc.,5.0,16,Flooring store,"108 Middlesex St #1a, North Chelmsford, MA 01863",N/A,N/A,remcoflooring.com,"JJPG+HP North Chelmsford, Chelmsford, MA",(978) 452-8207
Stephen's Custom Floor Covering,4.5,16,Flooring contractor,"630 Boston Rd, Billerica, MA 01821",N/A,N/A,stephenscustomfloors.com,"GPVW+HQ Billerica, Massachusetts",(978) 362-3090
Diamond Floor Services,5.0,3,Flooring store,"2 Spring St, Tyngsborough, MA 01879",N/A,N/A,N/A,"MJV9+XC Tyngsborough, Massachusetts",(978) 649-8310
Dragon Hardwood Floor,5.0,N/A,Flooring contractor,"19 N Franklin Ct, Lowell, MA 01854",N/A,N/A,dragonhardwoodfloor.com,"JMVH+8V Lowell, Massachusetts",(978) 200-8013
Sunshine Carpet & Flooring,5.0,21,Flooring store,"14 Middlesex St, North Chelmsford, MA 01863",N/A,N/A,sunshinecarpetflooring.com,"JJQ9+H6 North Chelmsford, Chelmsford, MA",(978) 251-8825
Mazmanian Flooring Inc.,4.5,22,Flooring store,"321 Boston Rd, North Billerica, MA 01862",N/A,N/A,N/A,"HP9F+FP North Billerica, Billerica, MA",(978) 667-1500
Flooring Showcase,4.2,6,Flooring store,"303 Littleton Rd, Westford, MA 01886",N/A,N/A,flooring-showcase.com,"HH44+CH Westford, Massachusetts",(978) 577-6135
Flooring Showcase,4.2,6,Flooring store,"303 Littleton Rd, Westford, MA 01886",N/A,N/A,flooring-showcase.com,"HH44+CH Westford, Massachusetts",(978) 577-6135
Stanizzi Flooring Wood Flooring Specialists,5.0,7,Wood floor installation service,"35 Garrison Rd, Chelmsford, MA 01824",N/A,N/A,stanizziflooring.com,"HJF7+JV Chelmsford, Massachusetts",(978) 995-7629
Home Flooring & Kitchen Designs,3.9,12,Flooring store,"244 Great Rd Rt 119, Littleton, MA 01460",Located in: Donelan's Supermarket,N/A,flooringandkitchendesigns.com,"GGVJ+8W Littleton, Massachusetts",(978) 486-0096
Federal Carpet & Flooring,4.6,61,Carpet store,"1 Ennell St, Lowell, MA 01850",N/A,N/A,federalcarpetandflooring.com,"MM4P+6P Lowell, Massachusetts",(978) 251-5637
LL Flooring,4.2,61,Flooring store,"345 Washington St, Woburn, MA 01801",N/A,N/A,llflooring.com,"FVXG+C4 Woburn, Massachusetts",(781) 935-4111
Sens Flooring Inc,5.0,62,Flooring contractor,"2 Sinclair St, Billerica, MA 01821",N/A,N/A,sensflooring.com,"GPHH+M9 Billerica, Massachusetts",(774) 641-1475
Abdinoor Flooring,4.5,20,Flooring store,"109 Arlington St, Dracut, MA 01826",N/A,N/A,abdinoorflooring.com,"MPC2+3J Dracut, Massachusetts",(978) 454-2022
Abdinoor Flooring,4.5,20,Flooring store,"109 Arlington St, Dracut, MA 01826",N/A,N/A,abdinoorflooring.com,"MPC2+3J Dracut, Massachusetts",(978) 454-2022
"Talty Floors, Inc.",5.0,2,Flooring contractor,"86 Billerica Ave Ste 2, North Billerica, MA 01862",N/A,N/A,taltyfloors.com,"JP28+8J North Billerica, Billerica, MA",(978) 667-3366
National Carpet & Flooring,4.6,50,Carpet store,"1 Pawtucket Blvd, Tyngsborough, MA 01879",N/A,N/A,nationalcarpetandflooring.com,"MHGJ+32 Tyngsborough, Massachusetts",(978) 649-7600
Arrow Floor Carpet One,4.3,21,Flooring store,"207 N Main St, Andover, MA 01810",Located in: Grassfields Food & Spirits,N/A,arrowfloorcarpetoneandover.com,"MV74+G5 Andover, Massachusetts",(978) 296-4211
Arrow Floor Carpet One,4.3,21,Flooring store,"207 N Main St, Andover, MA 01810",Located in: Grassfields Food & Spirits,N/A,arrowfloorcarpetoneandover.com,"MV74+G5 Andover, Massachusetts",(978) 296-4211
"McGinness Floors, Inc.",5.0,2,Flooring contractor,"210 Andover St # 07, Wilmington, MA 01887",N/A,N/A,mcginnessfloors.com,"HVR2+3R Wilmington, Massachusetts",(978) 658-0404
Superior Hardwood Floors,5.0,10,Flooring contractor,"19 Winter St, Reading, MA 01867",N/A,N/A,N/A,"GWH5+65 Reading, Massachusetts",(781) 944-5826
"W.J. Grosvenor & Co., Inc.",4.6,28,Flooring store,"134 Chelmsford Rd, North Billerica, MA 01862",N/A,N/A,wjgrosvenor.com,"HMPR+MG North Billerica, Billerica, MA",(978) 667-4161
"Lucky Seven Hardwood Floors, LLC",4.9,22,Wood floor installation service,"1 Prospect Ave, Woburn, MA 01801",N/A,N/A,luckysevenfloor.com,"FVH2+85 Woburn, Massachusetts",(781) 912-3358
Carlos Hardwood Floors,N/A,N/A,Wood floor installation service,"5 E Brook Pl, Methuen, MA 01844",N/A,N/A,carloshardwoodfloors.com,"PRFM+HG Methuen, Massachusetts",(978) 398-7164
Mass Floor Supply,4.6,25,Flooring store,"10 Linscott Rd, Woburn, MA 01801",N/A,N/A,morethanfloors.wixsite.com,"GV45+7P Woburn, Massachusetts",(781) 933-6601
New England Sports Floors,3.8,4,Flooring store,"225 Stedman St STE 2, Lowell, MA 01851",N/A,N/A,newenglandsportsfloors.com,"JJFX+84 Lowell, Massachusetts",(978) 473-8981
Rem Flooring Inc,3.0,2,Flooring store,"65 Industrial Way, Wilmington, MA 01887",N/A,N/A,remflooring.net,"GVJ6+8P Wilmington, Massachusetts",(978) 658-5875
Colonial Hardwood Flooring,5.0,43,Flooring contractor,"573 Lowell St, Lexington, MA 02420",N/A,N/A,colonialhardwood.net,"FQ7V+2F Lexington, Massachusetts",(781) 861-7343
Colonial Hardwood Flooring,5.0,43,Flooring contractor,"573 Lowell St, Lexington, MA 02420",N/A,N/A,colonialhardwood.net,"FQ7V+2F Lexington, Massachusetts",(781) 861-7343
MDA Hardwood Flooring,5.0,5,Flooring contractor,"54 Salem St, Methuen, MA 01844",N/A,N/A,mdahardwoodflooring.com,"PQP8+Q7 Methuen, Massachusetts",(978) 852-0982
All Floorz,3.7,9,Flooring store,"474 Main St #4, Wilmington, MA 01887",N/A,N/A,allfloorz.net,"GRWH+55 Wilmington, Massachusetts",(978) 658-9694
Elite Hardwood Floors,5.0,7,Flooring contractor,"2 Fisher Terrace, Woburn, MA 01801",N/A,N/A,elitehardwoodfloor.com,"FRXV+5M Woburn, Massachusetts",(617) 990-6902
Carpets on Wheels,2.8,5,Flooring store,"19 Sterling Rd #3a, North Billerica, MA 01862",N/A,N/A,carpetsonwheels.com,"HM9V+FV North Billerica, Billerica, MA",(781) 710-4515
JC Floor Covering INC,3.5,8,Flooring store,"30 Manning Rd, Billerica, MA 01821",N/A,N/A,jcfloors.net,"GPHQ+MC Billerica, Massachusetts",(978) 988-9229
Mark's Master Service,4.9,39,Floor refinishing service,"34 Manhattan Dr, Burlington, MA 01803",N/A,N/A,marksmasterservice.com,"GQ8J+72 Burlington, Massachusetts",(978) 314-7507
Mass Hardwood Floors,5.0,5,Wood floor installation service,"179 Essex St, Malden, MA 02148",N/A,N/A,masshardwoodfloors.com,"CWFX+72 Malden, Massachusetts",(781) 333-7050
Post Road Carpet One Floor & Home,4.9,81,Flooring store,"141 Great Rd, Acton, MA 01720",N/A,N/A,postroadcarpetoneacton.com,"FHJP+P7 Acton, Massachusetts",(978) 393-1315
Post Road Carpet One Floor & Home,4.9,81,Flooring store,"141 Great Rd, Acton, MA 01720",N/A,N/A,postroadcarpetoneacton.com,"FHJP+P7 Acton, Massachusetts",(978) 393-1315
R&R Floor Company,5.0,8,Flooring contractor,"10 Agawam Rd, Acton, MA 01720",N/A,N/A,rrfloorcompany.net,"FGPP+V5 Acton, Massachusetts",(978) 263-1885
Natural Hardwood Floors,5.0,4,Wood floor refinishing service,"Archibald Ave, Methuen, MA 01844",N/A,N/A,naturalhardwoodfloors.com,"QR5J+73 Methuen, Massachusetts",(978) 621-7676
Icon Surfaces,5.0,2,Flooring store,"225 Stedman St STE 2, Lowell, MA 01851",N/A,N/A,iconsurfaces.com,"JJFX+84 Lowell, Massachusetts",(888) 441-1949
Stephen's Custom Floor Covering,N/A,N/A,Flooring store,"737 Boston Rd, Billerica, MA 01821",N/A,N/A,stephenscustomfloors.com,"GQM7+RH Billerica, Massachusetts",(978) 362-3090
Ultimate Hardwood Floors,5.0,3,Flooring contractor,"7 Walden St, Methuen, MA 01844",N/A,N/A,ultimatehardwoodfloors.co,"QR7P+GQ Methuen, Massachusetts",(617) 771-6743
J J Hardwood Floors Inc,4.6,22,Flooring contractor,"55 Knox Trail STE 402, Acton, MA 01720",N/A,N/A,jjhardwoodfloors.com,"FH2F+QV Acton, Massachusetts",(978) 897-1150
Romero Hardwood Floors,5.0,97,Flooring contractor,"85 Davis St, Revere, MA 02151",N/A,N/A,romerohardwoodfloor.com,"CX9R+Q4 Revere, Massachusetts",(617) 913-0155
Romero Hardwood Floors,5.0,97,Flooring contractor,"85 Davis St, Revere, MA 02151",N/A,N/A,romerohardwoodfloor.com,"CX9R+Q4 Revere, Massachusetts",(617) 913-0155
Floor & Decor,4.2,306,Flooring store,"136 Cambridge St, Burlington, MA 01803",N/A,N/A,ajrosecarpets.com,"GR34+J2 Burlington, Massachusetts",(781) 730-2242
A.J. Rose Carpets & Flooring,4.7,306,Flooring store,"136 Cambridge St, Burlington, MA 01803",N/A,N/A,ajrosecarpets.com,"GR34+J2 Burlington, Massachusetts",(781) 730-2242
"Inline Wood Floors Inc, hardwood flooring contractor",4.8,39,Flooring contractor,"143 Walnut St, Revere, MA 02151",N/A,N/A,inlinewoodfloors.com,"CXRM+M6 Revere, Massachusetts",(857) 654-0830
Esposito Carpet,5.0,8,Carpet store,"211 C Lowell St, Wilmington, MA 01887",Located in: McKinnon's Market & Super Butcher Shop,N/A,espositocarpet.com,"GVQ2+MC Wilmington, Massachusetts",(978) 658-7878
R C Hardwood Flooring,5.0,11,Flooring contractor,"14 Kent Dr, Hudson, MA 01749",N/A,N/A,rchardwoodfloors.com,"CC6P+3R Hudson, Massachusetts",N/A
B&D House of Carpets & Flooring,4.9,47,Flooring store,"217 Middlesex Turnpike, Burlington, MA 01803",N/A,N/A,banddcarpets.com,"FQWF+QC Burlington, Massachusetts",(781) 277-2285
DIAMOND FLOORING ( HARDWOOD FLOOR INSTALLATION & REFINISHING),5.0,100,Wood floor installation service,"4 Charles St, Dorchester, MA 02122",N/A,N/A,diamondflooringma.com,"8W2Q+6P Dorchester, Boston, MA",(617) 653-9312
Central Mass Hardwood Inc,5.0,26,Flooring contractor,"40 Goodale St, Marlborough, MA 01752",N/A,N/A,centralmasshardwood.com,"9FFW+CX Marlborough, Massachusetts",(508) 460-0199
Eagle Hardwood Flooring,5.0,119,Contractor,"109 Park St #2, Boston, MA 02122",N/A,N/A,eaglehardwoodflooring.com,"7WXR+PC Boston, Massachusetts",(617) 516-9596
Eagle Hardwood Flooring,5.0,119,Contractor,"109 Park St #2, Boston, MA 02122",N/A,N/A,eaglehardwoodflooring.com,"7WXR+PC Boston, Massachusetts",(617) 516-9596
Ryan's Hardwood Flooring,5.0,N/A,Flooring contractor,"47 Mt Lebanon St, Pepperell, MA 01463",N/A,N/A,facebook.com,"J9XP+GR Pepperell, Massachusetts",(978) 877-0894
Ryan's Hardwood Flooring,5.0,N/A,Flooring contractor,"47 Mt Lebanon St, Pepperell, MA 01463",N/A,N/A,facebook.com,"J9XP+GR Pepperell, Massachusetts",(978) 877-0894
"Eco Floor Sanding, Inc",5.0,55,Wood floor refinishing service,"8-2, Water St, Waltham, MA 02453",N/A,N/A,ecofloorsanding.com,"9QF6+V6 Waltham, Massachusetts",(617) 633-9375
Village Carpet,5.0,8,Flooring store,"504 Main St, Reading, MA 01867",N/A,Closed ⋅ Opens 9AMSee more hours,villagecarpetinc.com,"GVCW+RM Reading, Massachusetts",(781) 944-3010
Galvin Flooring,4.2,5,Flooring store,"42 Worthen Dr, Groton, MA 01450",N/A,N/A,galvinflooring.com,N/A,(978) 448-3206
Galvin Flooring,4.2,5,Flooring store,"42 Worthen Dr, Groton, MA 01450",N/A,N/A,galvinflooring.com,"HCMM+GC Groton, Massachusetts",(978) 448-3206
PAC Flooring,5.0,2,Flooring contractor,"12 Linscott Rd Suite D, Woburn, MA 01801",N/A,N/A,N/A,"GV45+CV Woburn, Massachusetts",(617) 527-0996
B U Hardwood Floor,5.0,9,Flooring contractor,"14 Ingleside Ave, Chelsea, MA 02150",N/A,N/A,N/A,"CX48+FX Chelsea, Massachusetts",(617) 568-3013
B U Hardwood Floor,5.0,9,Flooring contractor,"14 Ingleside Ave, Chelsea, MA 02150",N/A,N/A,N/A,"CX48+FX Chelsea, Massachusetts",(617) 568-3013
Aqua Step Waterproof Flooring,N/A,N/A,Wood and laminate flooring supplier,"64 Industrial Way, Wilmington, MA 01887",N/A,N/A,aquastepus.com,"GVJ6+H9 Wilmington, Massachusetts",(781) 938-5665
Aqua Step Waterproof Flooring,N/A,N/A,Wood and laminate flooring supplier,"64 Industrial Way, Wilmington, MA 01887",N/A,N/A,aquastepus.com,"GVJ6+H9 Wilmington, Massachusetts",(781) 938-5665
Dracut Window & Door,4.9,97,Window installation service,"16 Holbrook Ave, Dracut, MA 01826",N/A,N/A,dracutwindowanddoor.com,"MMCR+C6 Dracut, Massachusetts",(978) 751-3667
Boston Wood Floor Supply,3.7,42,Flooring store,"120 Canal St, Malden, MA 02148",N/A,N/A,bostonfloor.com,"CWCH+W7 Malden, Massachusetts",(781) 324-5368
Anthony's Hardwood Floors Sanding/Installating,5.0,N/A,Flooring store,"1 Malden St, Revere, MA 02151",N/A,N/A,anthonyshardwoodfloorsma.com,"CX8R+GF Revere, Massachusetts",(857) 210-3647
Watson Hardwood Floors,5.0,4,Flooring store,"8 Partridge Hill Rd, Weston, MA 02493",N/A,N/A,N/A,"9MJX+VW Weston, Massachusetts",(781) 891-5307
"Levesque Wood Company, Inc.",5.0,61,Tree service,"213 River Rd, Andover, MA 01810",N/A,N/A,levesquewood.com,"MQJJ+QX Andover, Massachusetts",(978) 682-8320
Tucceri Granite Restoration,5.0,8,General contractor,"30 Henry J Dr, Tewksbury, MA 01876",N/A,N/A,granite-restoration.com,"JQ27+PV Tewksbury, Massachusetts",(978) 886-4648
Taozen Flooring,4.9,57,Flooring contractor,"303 Wyman St Suite 300, Waltham, MA 02451",N/A,N/A,taozenflooring.com,"CP4V+RV Waltham, Massachusetts",(617) 622-4020
Stateline Custom Floors,5.0,N/A,Flooring store,"16 Lomar Park Dr, Pepperell, MA 01463",N/A,N/A,statelinecustomfloors.com,"MCGM+WP Pepperell, Massachusetts",(978) 621-7631
J & T Hardwood Floors,5.0,N/A,Flooring store,"126 Lantern Rd, Revere, MA 02151",N/A,N/A,N/A,"CXFP+9V Revere, Massachusetts",(617) 569-6205
J & T Hardwood Floors,5.0,N/A,Flooring store,"126 Lantern Rd, Revere, MA 02151",N/A,N/A,N/A,"CXFP+9V Revere, Massachusetts",(617) 569-6205
J & T Hardwood Floors,5.0,N/A,Flooring store,"126 Lantern Rd, Revere, MA 02151",N/A,N/A,N/A,"CXFP+9V Revere, Massachusetts",(617) 569-6205
