name,rating,reviews_count,category,address,location,hours,website,plus_code,phone
"A-American Remodeling Co, Inc",4.7,42,Roofing contractor,"539A S St E, Raynham, MA 02767",N/A,N/A,aamericanroof.com,"VXX7+PM Raynham, Massachusetts",(508) 456-0074
IGA General Construction,5.0,5,General contractor,"48 Cushing St #2, Waltham, MA 02453",N/A,N/A,igageneralconst.com,"9Q98+P3 Waltham, Massachusetts",(857) 257-8006
MassTech Roofing & Building,4.8,58,Roofing contractor,"260 Washington St, Pembroke, MA 02359",N/A,N/A,masstechroofing.com,"36W4+2C Pembroke, Massachusetts",(781) 232-3585
Viola Roofing & Contracting,5.0,61,Roofing contractor,"103 Shrine Rd, Norwell, MA 02061",N/A,N/A,violaroofing.com,"46G6+VP Norwell, Massachusetts",(781) 925-9596
Gibson Roofs Inc,5.0,10,Roofing contractor,"369 Winter St, Hanover, MA 02339",N/A,N/A,gibsonroofs.com,"34WJ+4W Hanover, Massachusetts",(781) 826-6344
Jennifer construction Roofing,4.9,41,Roofing contractor,"973 Crescent St, Brockton, MA 02302",N/A,N/A,jenniferconstructionmass.com,"32JC+59 Brockton, Massachusetts",(774) 240-6147
BLUE RHINO ROOFING,5.0,30,Roofing contractor,"930 Crescent St, Brockton, MA 02302",N/A,N/A,bluerhinoroofingllc.com,"32J9+7P Brockton, Massachusetts",(508) 443-7567
Flynn Roofing Company,5.0,50,Roofing contractor,"1131 Washington St Rear, Weymouth, MA 02189",N/A,N/A,flynnroofing.com,"53W9+RR Weymouth, Massachusetts",(617) 479-3431
Norfolk County Pro Roofing,5.0,6,Roofing contractor,"1599 Washington St, Braintree, MA 02184",N/A,N/A,braintreeroofrepair.com,"5XMQ+WQ Braintree, Massachusetts",(339) 329-9622
REI Roofing,4.9,171,Roofing contractor,"670 S Franklin St, Holbrook, MA 02343",N/A,N/A,reiroofing.com,"4XMR+CQ Holbrook, Massachusetts",(781) 848-1999
Sanchez Roofing Company,5.0,N/A,Roofing contractor,"Ellis St, Brockton, MA 02301",N/A,N/A,N/A,"3XQ9+MF Brockton, Massachusetts",(617) 586-5191
Sunrise Exterior LLC,5.0,134,Roofing contractor,"39 Forest Rd, Brockton, MA 02301",N/A,N/A,sunriseexteriorllc.com,"3XCC+XF Brockton, Massachusetts",(877) 482-6261
Revered Metal Roofing,5.0,64,Roofing contractor,"1282 Main St c3, Hanson, MA 02341",N/A,N/A,reveredroofing.com,"24V6+CP Hanson, Massachusetts",(781) 536-4589
Admiral Roofing & Home Improvement,4.8,20,Contractor,"36 S Franklin St, Holbrook, MA 02343",N/A,N/A,admiralroofingma.com,"5X3R+M8 Holbrook, Massachusetts",(781) 355-5010
Blake Adams Roofing,4.9,33,Roofing contractor,"21 Highfield Ln, Norwell, MA 02061",N/A,N/A,blakeadamsroofing.com,"45QJ+RW Norwell, Massachusetts",(781) 733-8424
Storm Group Roofing Inc.,5.0,73,Roofing contractor,"490 W Main St Apt 5, Avon, MA 02322",N/A,N/A,stormgrouproofinginc.com,"4XF5+9H Avon, Massachusetts",(781) 885-7001
Storm Group Roofing Inc.,5.0,73,Roofing contractor,"490 W Main St Apt 5, Avon, MA 02322",N/A,N/A,stormgrouproofinginc.com,"4XF5+9H Avon, Massachusetts",(781) 885-7001
Castro Home Improvement Inc,5.0,2,Roofing contractor,"3 Goddard Rd Apt 1, Brockton, MA 02301",N/A,N/A,N/A,"3XMG+F5 Brockton, Massachusetts",(508) 326-3047
South Shore Roofing,4.9,112,Roofing contractor,"15 Marion Way, Cohasset, MA 02025",N/A,N/A,southshoreroofers.com,"66C2+2V Cohasset, Massachusetts",(781) 923-1072
Always On Top Roofing,4.7,29,Roofing contractor,"121 Randolph St, Abington, MA 02351",N/A,N/A,alwaysontoproofing.net,"42HV+VX Abington, Massachusetts",(508) 405-6653
Anthony's Construction & Roofing Corp,4.8,19,Roofing contractor,"135 Industrial Way, Rockland, MA 02370",N/A,N/A,acrroofingcorp.com,"33XX+HP Rockland, Massachusetts",(781) 347-3135
Lydon Exteriors,5.0,21,Roofing contractor,"Union St, Rockland, MA 02370",N/A,N/A,lydonexteriors.com,"43RH+PX Rockland, Massachusetts",(857) 247-1348
Legacy Roofing,5.0,16,Roofing contractor,"25 Elm Park, Scituate, MA 02066",N/A,N/A,legacyroofingma.com,"57P8+FC Scituate, Massachusetts",(339) 214-1669
Superior Exteriors Roofing,4.8,37,Roofing contractor,"835 Plain St Unit 21, Marshfield, MA 02050",N/A,N/A,superiorexteriorsma.com,"464X+99 Marshfield, Massachusetts",(617) 922-6062
NB Roofing LLC,5.0,N/A,Roofing contractor,"10 Hervey St, Brockton, MA 02301",N/A,N/A,N/A,"3XFJ+M5 Brockton, Massachusetts",(508) 510-2037
NB Roofing LLC,5.0,N/A,Roofing contractor,"10 Hervey St, Brockton, MA 02301",N/A,N/A,N/A,"3XFJ+M5 Brockton, Massachusetts",(508) 510-2037
SunGaze Home Improvement Inc,4.9,11,Roofing contractor,"71 Prospect St, Brockton, MA 02301",N/A,N/A,sungazehomeimprovementinc.com,"3XRG+PW Brockton, Massachusetts",(857) 389-0328
Veritas Roofing,4.8,18,Roofing contractor,"18 Old Oaken Bucket Rd, Scituate, MA 02066",N/A,N/A,veritasroofing.com,"56HW+2R Scituate, Massachusetts",(781) 363-6185
"JMG Roofing & Construction, Inc.",5.0,2,Roofing contractor,"67 Blendall St, Brockton, MA 02302",N/A,N/A,jmgroofingri.com,"4X3M+JV Brockton, Massachusetts",(508) 857-7336
"JMG Roofing & Construction, Inc.",5.0,2,Roofing contractor,"67 Blendall St, Brockton, MA 02302",N/A,N/A,jmgroofingri.com,"4X3M+JV Brockton, Massachusetts",(508) 857-7336
Fred Falcone Roofing,4.2,5,Roofing contractor,"359 Center St, Pembroke, MA 02359",N/A,N/A,fredfalconeroofing.com,"354P+6H Pembroke, Massachusetts",(781) 293-3126
Paramount Roofing Co,3.5,4,Roofing contractor,"1231 Forest St, Marshfield, MA 02050",N/A,N/A,N/A,"47R4+86 Marshfield, Massachusetts",(781) 837-0036
Portanova Roofing Inc.,4.9,65,Roofing contractor,"110 King Ave, Weymouth, MA 02188",N/A,N/A,portanovaroofing.com,"627V+H3 Weymouth, Massachusetts",(617) 331-5815
Roofing Pros Plus,5.0,N/A,Roofing contractor,"83 Woodrock Rd, Weymouth, MA 02189",N/A,N/A,roofingprosplus.com,"53VC+7Q Weymouth, Massachusetts",(781) 355-5021
Klassic Roofing,5.0,2,Roofing contractor,"35 Park Ave, Scituate, MA 02066",N/A,N/A,N/A,"6748+F2 Scituate, Massachusetts",(781) 545-5963
South shore roofing,5.0,N/A,Roofing contractor,"119 First Parish Rd, Scituate, MA 02066",N/A,N/A,southshoreroofers.com,"57R6+QX Scituate, Massachusetts",(781) 214-9137
South shore roofing,5.0,N/A,Roofing contractor,"119 First Parish Rd, Scituate, MA 02066",N/A,N/A,southshoreroofers.com,"57R6+QX Scituate, Massachusetts",(781) 214-9137
New Look Roofers,5.0,N/A,Roofing contractor,"165 Carl Ave, Brockton, MA 02302",N/A,N/A,newlookroofers.com,"3252+MQ Brockton, Massachusetts",(508) 256-9995
Nc roofing,5.0,3,Roofing contractor,"30 Oakland Cir, Abington, MA 02351",N/A,N/A,N/A,"42MW+HX Abington, Massachusetts",(781) 351-3484
JMI Best Roofing,5.0,7,Roofing contractor,"540 W Chestnut St, Brockton, MA 02301",N/A,N/A,jmibestroofingma.com,"3X47+F8 Brockton, Massachusetts",(774) 327-7008
Joseph T Cazeault & Sons,3.9,7,Roofing contractor,"100 Sharp St, Hingham, MA 02043",N/A,N/A,josephtcazeaultroofing.com,"537H+77 Hingham, Massachusetts",(781) 335-6800
Joseph T Cazeault & Sons,3.9,7,Roofing contractor,"100 Sharp St, Hingham, MA 02043",N/A,N/A,josephtcazeaultroofing.com,"537H+77 Hingham, Massachusetts",(781) 335-6800
GN Exteriors - Roofers in Braintree,5.0,75,Roofing contractor,"44 B.V. French St, Braintree, MA 02184",N/A,N/A,gnexteriors.com,"62C4+2J Braintree, Massachusetts",(781) 436-2234
Top Level Roofing & Remodeling,5.0,11,Contractor,"280 Pond St, Weymouth, MA 02190",N/A,N/A,toplevelroof.com,"526R+C5 Weymouth, Massachusetts",(857) 504-4746
Thomson's Roofing Company,1.0,N/A,Roofing contractor,"52 Stillman Ave, Brockton, MA 02302",N/A,N/A,N/A,"3XJP+HC Brockton, Massachusetts",(857) 719-2636
Thomson's Roofing Company,1.0,N/A,Roofing contractor,"52 Stillman Ave, Brockton, MA 02302",N/A,N/A,N/A,"3XJP+HC Brockton, Massachusetts",(857) 719-2636
RCH Roofing,3.5,8,Roofing contractor,"3 Progress Way, Marshfield, MA 02050",N/A,N/A,rchroofing.com,N/A,(781) 834-9000
"Hollstein Roofing, Inc.",4.0,2,Roofing contractor,"14 Hanover St Ste 11, Hanover, MA 02339",N/A,N/A,hollsteinroofing.com,"459F+HF Hanover, Massachusetts",(781) 767-3080
MacDonald Sprague Roofing Co Inc.,5.0,N/A,Roofing contractor,"6 Mear Rd, Holbrook, MA 02343",N/A,N/A,N/A,"5X3G+39 Holbrook, Massachusetts",(781) 767-3710
MacDonald Sprague Roofing Co Inc.,5.0,N/A,Roofing contractor,"6 Mear Rd, Holbrook, MA 02343",N/A,N/A,N/A,"5X3G+39 Holbrook, Massachusetts",(781) 767-3710
Mastercraft Roofing Siding Windows,4.7,64,Roofing contractor,"49 Whiting St, Hingham, MA 02043",N/A,N/A,mastercraftroofingsidingwindows.com,"54G6+96 Hingham, Massachusetts",(781) 829-2222
Follett Roofing & Contracting,5.0,N/A,Roofing contractor,"275 Centre St STE 18, Holbrook, MA 02343",N/A,N/A,N/A,"5X7G+MM Holbrook, Massachusetts",(781) 767-1463
Follett Roofing & Contracting,5.0,N/A,Roofing contractor,"275 Centre St STE 18, Holbrook, MA 02343",N/A,N/A,N/A,"5X7G+MM Holbrook, Massachusetts",(781) 767-1463
"Associate Roofing, Inc.",4.8,91,Roofing contractor,"21 Arnold St, Braintree, MA 02184",N/A,N/A,associateroofing.com,"62F4+GH Braintree, Massachusetts",(781) 848-4222
J. L. Goode Roofing & Building Contractors,N/A,N/A,Roofing contractor,"13 Watson St, Brockton, MA 02301",N/A,N/A,joegooderoofing.com,"3X4Q+94 Brockton, Massachusetts",(781) 963-7663
J4 LLC,5.0,3,Roofing contractor,"650 Plymouth St Suite10, East Bridgewater, MA 02333",N/A,N/A,j4llc.com,"2385+FR East Bridgewater, Massachusetts",(508) 378-9300
J4 LLC,5.0,3,Roofing contractor,"650 Plymouth St Suite10, East Bridgewater, MA 02333",N/A,N/A,j4llc.com,"2385+FR East Bridgewater, Massachusetts",(508) 378-9300
"Express Home Restoration, LLC",5.0,2,Roofing contractor,"133 Southworth St, Brockton, MA 02301",N/A,N/A,expresshomerestoration.com,"3X4F+9H Brockton, Massachusetts",(508) 225-3552
South Shore Roofing,N/A,N/A,Roofing contractor,"458 Monponsett St, Hanson, MA 02341",N/A,N/A,southshoreroofingma.com,"25M3+2W Hanson, Massachusetts",(781) 826-7663
Hickman Peter J,4.0,4,Roofing contractor,"Norwell, MA 02061",N/A,N/A,hickmanroofing.net,"5664+HV Norwell, Massachusetts",(781) 659-1806
Hickman Peter J,4.0,4,Roofing contractor,"Norwell, MA 02061",N/A,N/A,hickmanroofing.net,"5664+HV Norwell, Massachusetts",(781) 659-1806
MasterCraft Metal Roofing,5.0,N/A,Roofing contractor,"49 Whiting St, Hingham, MA 02043",N/A,N/A,mastercraftroofingsidingwindows.com,"54G6+96 Hingham, Massachusetts",(781) 429-7111
Sunset Home Improvement,5.0,22,Roofing contractor,"495 Turnpike St, South Easton, MA 02375",N/A,N/A,sunsethomeimprovementinc.com,"2W5M+M4 South Easton, Easton, MA",(508) 510-2233
Sunset Home Improvement,5.0,22,Roofing contractor,"495 Turnpike St, South Easton, MA 02375",N/A,N/A,sunsethomeimprovementinc.com,"2W5M+M4 South Easton, Easton, MA",(508) 510-2233
Top Tech Contractors,1.0,N/A,Roofing contractor,"612 Plain St # 6, Marshfield, MA 02050",N/A,N/A,toptechroofing.com,"4745+CH Marshfield, Massachusetts",(781) 837-9398
Lydon Roofing & Contracting,5.0,2,Roofing contractor,"78 Summer St, Weymouth, MA 02188",N/A,N/A,N/A,"626M+GF Weymouth, Massachusetts",(617) 905-1584
"John F. Shea Co., Inc.",4.0,8,Roofing contractor,"655 Bodwell St Ext, Avon, MA 02322",N/A,N/A,johnfshea.com,"4WRW+Q2 Avon, Massachusetts",(617) 298-0356
"John F. Shea Co., Inc.",4.0,8,Roofing contractor,"655 Bodwell St Ext, Avon, MA 02322",N/A,N/A,johnfshea.com,"4WRW+Q2 Avon, Massachusetts",(617) 298-0356
Chris and Son Roofing,N/A,N/A,Roofing contractor,"62 N Warren Ave, Brockton, MA 02301",N/A,N/A,N/A,"3XPG+R8 Brockton, Massachusetts",(774) 776-4272
Boston Alliance Roofing,N/A,N/A,Roofing contractor,"40 Accord Park Dr, Norwell, MA 02061",N/A,N/A,bostonallianceroof.com,"5498+73 Norwell, Massachusetts",(617) 279-5037
"William A. Oden, III",5.0,N/A,Roofing contractor,"623 MA-139, Hanover, MA 02339",N/A,N/A,wardandsmith.com,"4582+9W Hanover, Massachusetts",(910) 794-4813
Roofing-Remodeling,4.1,11,Roofing contractor,"77 Reservoir St, Brockton, MA 02301",N/A,N/A,N/A,"4W2Q+Q7 Brockton, Massachusetts",N/A
fred falcone roofing,N/A,N/A,Roofing contractor,"546 School St, Pembroke, MA 02359",N/A,N/A,fredfalconeroofing.com,N/A,(781) 293-3126
JNR Association Metal Roofing Corp,N/A,N/A,Roofing contractor,"20 Elm Ave, Brockton, MA 02301",N/A,N/A,jnrmetalroofing.com,"3XJ9+6C Brockton, Massachusetts",(207) 618-9751
Ridge Brothers Roofing,5.0,N/A,Roofing contractor,"32 White Island Rd, Halifax, MA 02338",N/A,N/A,ridgebrothersinc.com,"2535+CP Halifax, Massachusetts",(781) 293-1911
Eagle Build & Remodel LLC,5.0,26,Contractor,"3 Elliott Ave, Pembroke, MA 02359",Located in: United States Postal Service,N/A,eaglebuildandremodel.com,"358R+P4 Pembroke, Massachusetts",N/A
Lilly Roofing,N/A,N/A,Roofing contractor,"1717 Main St, Marshfield, MA 02050",N/A,N/A,N/A,"47V4+7W Marshfield, Massachusetts",(781) 789-5220
Boston J Roofing,N/A,N/A,Contractor,"125 Church St Suite 90-203, Pembroke, MA 02359",N/A,N/A,N/A,"35CR+H8 Pembroke, Massachusetts",(888) 892-6786
SRC Roofing,4.7,6,Roofing contractor,"166 Brook Rd, Quincy, MA 02169",N/A,N/A,srcroof.com,"6XQR+JJ Quincy, Massachusetts",(617) 479-2060
Western Isles Roofing & Siding,N/A,N/A,Roofing contractor,"121 Messina Woods Dr, Braintree, MA 02184",N/A,N/A,N/A,"52V7+JC Braintree, Massachusetts",(617) 593-8743
Castro Construction Roofing & Siding,1.0,N/A,Contractor,"41 Arlington St, Brockton, MA 02301",N/A,N/A,castroconstructionroofingandsinding.us,"3XJF+34 Brockton, Massachusetts",(929) 525-8034
Easton Roofing,4.8,75,Roofing contractor,"28 Black Brook Rd, South Easton, MA 02375",N/A,N/A,eastonroofingma.com,"2VPQ+78 South Easton, Easton, MA",(617) 756-4429
Easton Roofing,4.8,75,Roofing contractor,"28 Black Brook Rd, South Easton, MA 02375",N/A,N/A,eastonroofingma.com,"2VPQ+78 South Easton, Easton, MA",(617) 756-4429
Braintree Roofing Pros,5.0,3,Roofing contractor,"43 Longwood Rd, Braintree, MA 02184",N/A,N/A,roofing-braintreema.com,"62J2+23 Braintree, Massachusetts",(781) 549-9876
Wells Roofing Co,N/A,N/A,Roofing contractor,"112 Academy Ave, Weymouth, MA 02188",N/A,N/A,N/A,"63C4+4M Weymouth, Massachusetts",(781) 331-3104
Lennox Roofing Inc.,N/A,N/A,Roofing contractor,"187 Page St, Stoughton, MA 02072",N/A,N/A,lennoxroofinginc.com,"4WVM+V4 Stoughton, Massachusetts",(508) 328-5780
Lennox Roofing Inc.,N/A,N/A,Roofing contractor,"187 Page St, Stoughton, MA 02072",N/A,N/A,lennoxroofinginc.com,"4WVM+V4 Stoughton, Massachusetts",(508) 328-5780
Storm Group Roofing,N/A,N/A,Roofing contractor,"36 Kalmia Rd, Holbrook, MA 02343",N/A,N/A,stormgrouproofinginc.com,"4XPJ+5R Holbrook, Massachusetts",(781) 885-7001
GLS Roofing and Construction corp,N/A,N/A,Roofing contractor,"14 Bows Ln, Avon, MA 02322",N/A,Closed ⋅ Opens 7AMSee more hours,N/A,"4X88+J3 Avon, Massachusetts",(508) 232-8295
KTK Roofing and Exterior Remodeling,N/A,N/A,Roofing contractor,"418 Circuit St, Hanover, MA 02339",N/A,N/A,N/A,"445J+33 Hanover, Massachusetts",(781) 875-8176
Storm Group Roofing,N/A,N/A,Roofing contractor,"14 Bows Ln, Avon, MA 02322",N/A,N/A,stormgrouproofinginc.com,"4X88+J3 Avon, Massachusetts",(774) 517-1008
Onboard Roofing and Woodworks,N/A,N/A,Roofing contractor,"10 Linda Rd, Pembroke, MA 02359",N/A,N/A,onboardroofing-pembroke.site,N/A,(781) 243-1436
t. morrell / gutters and roofing,3.9,7,Roofing contractor,"102 Shaw St, Braintree, MA 02184",N/A,N/A,N/A,"62FG+29 Braintree, Massachusetts",(617) 688-3732
t. morrell / gutters and roofing,3.9,7,Roofing contractor,"102 Shaw St, Braintree, MA 02184",N/A,N/A,N/A,"62FG+29 Braintree, Massachusetts",(617) 688-3732
Ferrara Roofing & Contracting Inc.,5.0,6,Roofing contractor,"16 Webster Street, Rockland, MA 02370",N/A,N/A,ferrararoofing.com,"64G8+VM Rockland, Massachusetts",(781) 925-5056
G S Multi Services,N/A,N/A,Roofing contractor,"162 Warren Ave, Brockton, MA 02301",N/A,N/A,N/A,"3XMG+2W Brockton, Massachusetts",(508) 812-9867
G S Multi Services,N/A,N/A,Roofing contractor,"162 Warren Ave, Brockton, MA 02301",N/A,N/A,N/A,"3XMG+2W Brockton, Massachusetts",(508) 812-9867
Roofing By Devlin,4.0,4,Roofing contractor,"494 Hatherly Rd, Scituate, MA 02066",N/A,N/A,N/A,"66HQ+69 Scituate, Massachusetts",(781) 545-2121
