name,rating,reviews_count,category,address,location,hours,website,plus_code,phone
Marshall Building & Remodeling,4.8,20,Roofing contractor,"9 Middle St, South Dartmouth, MA 02748",N/A,N/A,marshallbuildingandremodeling.com,"H3Q6+62 South Dartmouth, Dartmouth, MA",(508) 979-8984
Carlos Vinyl Siding,4.2,5,Siding contractor,"15 Townsend St, New Bedford, MA 02746",N/A,N/A,N/A,"M345+5C New Bedford, Massachusetts",(508) 997-2540
"Care Free Homes, Inc.",4.9,141,Roofing contractor,"239 Huttleston Ave, Fairhaven, MA 02719",N/A,N/A,carefreehomescompany.com,"J4RF+H3 Fairhaven, Massachusetts",(508) 997-1111
Miller's Pro Roofing & Siding,4.9,64,Siding contractor,"105 E Falmouth Hwy, East Falmouth, MA 02536",N/A,N/A,millersproroofingandsiding.com,"HCHJ+94 East Falmouth, Falmouth, MA",(774) 245-6455
Sam Karam & Sons General Contractors Inc,4.7,52,General contractor,"6A Hathaway Rd, Dartmouth, MA 02747",N/A,N/A,samkaramandsons.com,"J2R9+29 Dartmouth, Massachusetts",(508) 997-4746
Keith & David Home Improvement,4.5,15,Roofing contractor,"32 Bridge St, Fairhaven, MA 02719",N/A,N/A,N/A,"J3RW+P3 Fairhaven, Massachusetts",(508) 207-0497
"LIONS Siding and Roofing Experts - Cape Cod, MA",5.0,86,Roofing contractor,"16 Robin Rd, Sandwich, MA 02563",N/A,N/A,roofinglions.com,"PGP6+VP Sandwich, Massachusetts",(857) 615-7187
Couto Construction,4.8,1368,Roofing contractor,"24 Ernest St, New Bedford, MA 02745",N/A,N/A,coutoconstruction.com,"M39G+R7 New Bedford, Massachusetts",(508) 501-8278
United Home Experts,5.0,25,Roofing contractor,"53 Marion Rd, Wareham, MA 02571",Located in: Marion road professional building,N/A,unitedhomeexperts.com,"Q76H+75 Wareham, Massachusetts",(508) 355-3263
Lord Exteriors,4.7,57,Roofing contractor,"2 Leonard Dr, East Falmouth, MA 02536",N/A,N/A,lordexteriors.com,"HFQC+64 East Falmouth, Falmouth, MA",(508) 364-0715
Cape Cod Roofing and Siding,4.1,28,Roofing contractor,"111 Hathaway St, Wareham, MA 02571",N/A,N/A,capecodroof.com,"Q725+VM Wareham, Massachusetts",(508) 295-3562
Toledo Contracting,4.3,20,Roofing contractor,"875 State Rd Unit 11 - 134, Westport, MA 02790",N/A,N/A,toledocontractingco.com,"MW2J+7V Westport, Massachusetts",(508) 264-5125
LR siding services inc,5.0,16,Siding contractor,"143 W Yarmouth Rd, West Yarmouth, MA 02673",N/A,N/A,lrsidingservices.com,"MQ59+57 West Yarmouth, Yarmouth, MA",(774) 552-0806
Macaroco Construction,4.7,19,Construction company,"52 Mott St, New Bedford, MA 02744",N/A,N/A,macarococonstruction.com,"J36Q+QW New Bedford, Massachusetts",(508) 542-4331
Cottrell Bros Inc.,4.3,11,Siding contractor,"360 Main St, Fairhaven, MA 02719",N/A,N/A,N/A,"M34R+WF Fairhaven, Massachusetts",(508) 999-1598
ABC Supply Co. Inc.,4.3,68,Roofing supply store,"500 Rodman St, Fall River, MA 02721",N/A,N/A,abcsupply.com,"MRVX+PP Fall River, Massachusetts",(508) 676-6746
"Roofing and Siding of Cape Cod, LLC",4.9,134,Roofing contractor,"900 MA-134, South Dennis, MA 02660",N/A,N/A,roofingandsidingofcapecod.com,"PR8W+G9 South Dennis, Dennis, MA",(508) 360-2749
BHI Exteriors,5.0,N/A,Siding contractor,"91 Boardley Rd, Sandwich, MA 02563",N/A,N/A,bhicapecod.com,"MGJH+PJ Sandwich, Massachusetts",(508) 815-9333
JPA Construction MA (Roofing Contractor & Siding Contractor),5.0,12,Contractor,"298 b, 298 Sea St, Hyannis, MA 02601",N/A,N/A,jpaconstructionma.com,"JPR6+92 Hyannis, Barnstable, MA",(774) 810-2099
L. Enos Restorations - Roofing - Renovations - Siding,5.0,2,Roofing contractor,"571 Thomas B Landers Rd, East Falmouth, MA 02536",N/A,N/A,N/A,"J98V+75 East Falmouth, Falmouth, MA",(508) 566-5255
Pinto Home Improvement Corp,4.1,14,Contractor,"3 Indian Way, Fairhaven, MA 02719",N/A,N/A,pintohomeimprovement.us,"J4FM+Q8 Fairhaven, Massachusetts",(508) 525-7229
Best Deal Home Improvement,5.0,26,Construction company,"30 Elm Ave, Hyannis, MA 02601",N/A,N/A,bestdealhomeimprovementcorp.com,"MP49+43 Hyannis, Barnstable, MA",(774) 470-8511
Vilex Inc. Roofers,4.9,33,Roofing contractor,"221 Saddler Ln, West Barnstable, MA 02668",N/A,N/A,vilexconstruction.com,"MJPH+W2 West Barnstable, Barnstable, MA",(508) 367-2205
Keane Construction,5.0,4,General contractor,"167 Hixbridge Rd, Westport, MA 02790",N/A,N/A,keaneconstruction.com,"HW9C+WM Westport, Massachusetts",(774) 930-6300
Lee Poirier Siding & Window,5.0,N/A,Siding contractor,"22 Roy Ave, Attleboro, MA 02703",N/A,N/A,N/A,"WJCW+65 Attleboro, Massachusetts",(508) 930-7752
Silva’s Paintverse LLC,5.0,30,Painter,"324 Brock Ave, New Bedford, MA 02744",N/A,N/A,silvaspaintverse.com,"J33R+67 New Bedford, Massachusetts",(781) 827-1282
Renco Home Improvements,N/A,N/A,Siding contractor,"326 N Main St, Fall River, MA 02720",N/A,N/A,N/A,"PR4V+HM Fall River, Massachusetts",(508) 678-2122
Heritage Wholesalers,4.9,13,Roofing supply store,"975 Reed Rd N, Dartmouth, MA 02747",N/A,N/A,heritagewholesalers.com,"MX77+4R Dartmouth, Massachusetts",(508) 994-7663
"Centurion Roofing Systems, Inc.",5.0,16,Roofing contractor,"1009 Plymouth Ave, Fall River, MA 02721",N/A,N/A,N/A,"MRQQ+QX Fall River, Massachusetts",(508) 242-1597
Corey & Corey The Roofers,4.9,134,Roofing contractor,"27 Finway, Mashpee, MA 02649",N/A,N/A,coreyandcorey.com,"HG98+XH Mashpee, Massachusetts",(508) 775-8240
Acer Roofing & Siding,5.0,3,Roofing contractor,"640 Main St, Hyannis, MA 02601",N/A,N/A,N/A,N/A,(508) 776-7173
Heritage Wholesalers,4.9,13,Roofing supply store,"975 Reed Rd N, Dartmouth, MA 02747",N/A,N/A,heritagewholesalers.com,"MX77+4R Dartmouth, Massachusetts",(508) 994-7663
TopGuard Roofing Solutions,5.0,8,Roofing contractor,"6 Forge Rd, Westport, MA 02790",N/A,N/A,topguardroofing.net,"JWMW+GW Westport, Massachusetts",(774) 628-8202
Atlas Roofing & Construction Inc,4.9,57,Roofing contractor,"102 Hedges Pond Rd Unit 2, Plymouth, MA 02360",N/A,N/A,atlasroofing.net,"RCGR+PH Plymouth, Massachusetts",(774) 313-7714
"Centurion Roofing Systems, Inc.",5.0,16,Roofing contractor,"1009 Plymouth Ave, Fall River, MA 02721",N/A,N/A,N/A,"MRQQ+QX Fall River, Massachusetts",(508) 242-1597
Corey & Corey The Roofers,4.9,134,Roofing contractor,"27 Finway, Mashpee, MA 02649",N/A,N/A,coreyandcorey.com,"HG98+XH Mashpee, Massachusetts",(508) 775-8240
Acer Roofing & Siding,5.0,3,Roofing contractor,"640 Main St, Hyannis, MA 02601",N/A,N/A,N/A,N/A,(508) 776-7173
Lima Construction Inc,4.0,4,Construction company,"3 Bridge St, Dartmouth, MA 02748",N/A,N/A,N/A,"H3P4+M2 Dartmouth, Massachusetts",(508) 999-7152
re:fab,4.8,44,Painter,"1167-1177 Ashley Blvd, New Bedford, MA 02745",N/A,N/A,refabpro.com,"M3V7+2W New Bedford, Massachusetts",(833) 807-3322
"Southcoast Building LLC,",5.0,14,General contractor,"9 Sandpiper Dr, Westport, MA 02790",N/A,N/A,southcoastbuildingllc.com,"JW7Q+5Q Westport, Massachusetts",(508) 269-2131
Mazetis Construction,5.0,2,Construction company,"1801 Elm St, Dighton, MA 02715",N/A,N/A,N/A,"RVFF+2W Dighton, Massachusetts",(508) 669-6852
ASA Construction Group,5.0,39,Construction company,"114 Melbourne Rd, Hyannis, MA 02601",N/A,N/A,asaconstructiongroup.com,"JMRQ+P7 Hyannis, Barnstable, MA",(508) 280-5535
Gallagher Roofing & Siding,5.0,3,Contractor,"11 Corporation Rd, Yarmouth Port, MA 02675",N/A,N/A,gallagherroofing.com,"MQV2+36 Yarmouth Port, Yarmouth, MA",(508) 364-8510
Santos Home Improvement Co Inc,3.5,2,Contractor,"480 Teaticket Hwy, Teaticket, MA 02536",N/A,N/A,N/A,"HCC6+99 Teaticket, Falmouth, MA",(508) 548-1217
New England Home Restoration LLC,5.0,40,General contractor,"3065 Cranberry Hwy Unit #13, East Wareham, MA 02538",N/A,N/A,nehomerestoration.com,"Q84X+C3 East Wareham, Wareham, MA",(508) 216-3763
South Coast Remodelers,5.0,2,General contractor,"58 Nickerson St, Plymouth, MA 02360",N/A,N/A,N/A,"Q9FF+MG Plymouth, Massachusetts",(508) 280-6677
Dave Sylvia Contracting LLC,N/A,N/A,Siding contractor,"Fall River, MA 02723",N/A,N/A,N/A,"MVQF+W6 Fall River, Massachusetts",(508) 742-8172
GFB General Contracting,N/A,N/A,Siding contractor,"1299 N Hixville Rd, Dartmouth, MA 02747",N/A,N/A,N/A,"MXQ8+49 Dartmouth, Massachusetts",(508) 493-8295
Mario's Roofing,5.0,4,Roofing contractor,"3074 Cranberry Hwy, East Wareham, MA 02538",N/A,N/A,mariosroofing.com,"Q942+FH East Wareham, Wareham, MA",(508) 599-2215
"Fraser Construction Company, Inc",4.7,27,Roofing contractor,"31 Bowdoin Rd, Mashpee, MA 02649",N/A,N/A,fraserccc.com,"JGJQ+H8 Mashpee, Massachusetts",(508) 428-2292
Hiscock Construction,4.6,36,General contractor,"95 Albion St, Fall River, MA 02723",N/A,N/A,weputcustomersfirst.com,"MVW8+HM Fall River, Massachusetts",(774) 263-8284
LePage and Sons Roofing LLC,4.5,59,Roofing contractor,"953 Shawmut Ave, New Bedford, MA 02746",N/A,N/A,lepageandsonsroofing.com,"M352+RX New Bedford, Massachusetts",(508) 295-6483
Revolution SoftWash,4.9,119,Pressure washing service,"1134 American Legion Hwy, Westport, MA 02790",N/A,N/A,revolutionsoftwash.com,"JWPW+55 Westport, Massachusetts",(888) 803-7482
First Class Roofing Inc,5.0,55,Siding contractor,"12 Knoll Top Rd, Forestdale, MA 02644",N/A,N/A,firstclassroofinginc.com,N/A,(508) 596-9478
Curley Roofing & Siding,5.0,3,Roofing contractor,"77 Robbins St, Osterville, MA 02655",N/A,N/A,N/A,"JJJF+94 Osterville, Barnstable, MA",(508) 790-4508
ABC Supply Co. Inc.,5.0,4,Roofing supply store,"68 Echo Rd, Mashpee, MA 02649",N/A,N/A,abcsupply.com,"MG42+H7 Mashpee, Massachusetts",(774) 228-6065
Mullin Roofing and Siding INC,5.0,5,Roofing contractor,"7 Connemara Way, West Yarmouth, MA 02673",N/A,N/A,mullinroofingandsiding.com,"MQ46+J5 West Yarmouth, Yarmouth, MA",(508) 221-8591
Roland Hebert Inc,4.4,7,General contractor,"595 Gifford Rd, Westport, MA 02790",N/A,N/A,N/A,"JWJJ+FM Westport, Massachusetts",(508) 636-8284
"E.C. Cottle, Inc.",4.5,47,Lumber store,"256 Lamberts Cove Rd, Vineyard Haven, MA 02568",N/A,N/A,eccottle.com,N/A,(508) 693-1385
Herbert M Dias Construction,3.3,3,Siding contractor,"34 Rhinecliffe Rd, Swansea, MA 02777",N/A,N/A,N/A,"PRVH+3M Swansea, Massachusetts",(508) 677-0228
Vaz Construction Inc.,4.3,64,Roofing contractor,"89 Howard Ave, New Bedford, MA 02745",N/A,N/A,vazconstructioninc.com,"M3GH+HF New Bedford, Massachusetts",(774) 328-9950
Medeiros Robert L,N/A,N/A,Home builder,"24 Little John Rd #4020, East Falmouth, MA 02536",N/A,N/A,N/A,"JC5G+XJ East Falmouth, Falmouth, MA",(508) 563-5073
T.Holleran Construction,N/A,N/A,General contractor,"725 Yellow Hill Rd, North Dartmouth, MA 02747",N/A,N/A,N/A,"MWXW+86 North Dartmouth, Dartmouth, MA",(508) 509-3037
The Home Depot,4.1,1171,Garden center,"470 State Rd, North Dartmouth, MA 02747",N/A,Open ⋅ Closes 10PMSee more hours,homedepot.com,"JXVX+9H North Dartmouth, Dartmouth, MA",(508) 997-9600
Mahoney's Building Supply,4.8,101,Building materials supplier,"1 Industrial Dr, Mattapoisett, MA 02739",N/A,N/A,mahoneylumber.com,"M5GM+WW Mattapoisett, Massachusetts",(508) 758-6921
"Care Free Homes Roofing, Siding & Windows",N/A,N/A,General contractor,"100 Independence Dr Suite 7, Hyannis, MA 02601",Located in: Park center,N/A,carefreehomescompany.com,"MPC2+XM Hyannis, Barnstable, MA",(508) 568-6558
CLC And Sons Carpentry Co. | carpenter services,5.0,12,Carpenter,"16 Pierce Ave, Lakeville, MA 02347",N/A,N/A,N/A,"R275+MR Lakeville, Massachusetts",(857) 266-2899
Wise Construction,5.0,2,Construction company,"42 Washington Ave, Vineyard Haven, MA 02568",N/A,N/A,wiseconstructionmv.com,"CCVF+44 Vineyard Haven, Tisbury, MA",(774) 521-8118
Koopman Lumber Company Fairhaven,4.4,91,Hardware store,"120 Alden Rd, Fairhaven, MA 02719",N/A,N/A,koopmanlumber.com,"J4X6+49 Fairhaven, Massachusetts",(508) 993-2611
O.T.R. Siding & Trim Corp,4.0,5,Construction company,"1 Pheasant Ln, South Dennis, MA 02660",N/A,N/A,otrsidingandtrim.com,"PR4W+X9 South Dennis, Dennis, MA",(508) 292-5583
