name,rating,reviews_count,category,address,location,hours,website,plus_code,phone
J&J GRANITE INC,4.9,32,Countertop store,"940 Boston Rd, Springfield, MA 01119",N/A,N/A,jjgranitema.com,"4FQP+7P Springfield, Massachusetts",(774) 578-8781
The Granite Brothers,5.0,52,Countertop store,"43 Mason St, Worcester, MA 01610",N/A,N/A,thegranitebrothers.com,"755J+PC Worcester, Massachusetts",(508) 500-8739
The Granite Brothers,5.0,52,Countertop store,"43 Mason St, Worcester, MA 01610",N/A,N/A,thegranitebrothers.com,"755J+PC Worcester, Massachusetts",(508) 500-8739
Countertops Unlimited,4.2,5,Countertop store,"311r West St, Ludlow, MA 01056",N/A,N/A,N/A,"5FJV+35 Ludlow, Massachusetts",(413) 750-8352
Countertops Unlimited,4.2,5,Countertop store,"311r West St, Ludlow, MA 01056",N/A,N/A,N/A,"5FJV+35 Ludlow, Massachusetts",(413) 750-8352
ES Countertops LLC,4.8,71,Granite supplier,"3 Century Way, West Springfield, MA 01089",N/A,N/A,escountertops.net,"3CX2+65 West Springfield, Massachusetts",(413) 732-8128
ES Countertops LLC,4.8,71,Granite supplier,"3 Century Way, West Springfield, MA 01089",N/A,N/A,escountertops.net,"3CX2+65 West Springfield, Massachusetts",(413) 732-8128
Northern Granite and Marble,5.0,48,Countertop store,"380 Union St Unit 49, West Springfield, MA 01089",N/A,N/A,northerngranitema.com,"492J+9R West Springfield, Massachusetts",(413) 737-8700
Rau Brothers Inc,5.0,N/A,Countertop store,"273 Lincoln Ave, Winchendon, MA 01475",N/A,N/A,N/A,"MXV2+V4 Winchendon, Massachusetts",(978) 297-1247
Santo C. DeSpirt Marble & Granite,4.9,45,Granite supplier,"44 N Ramah Cir, Agawam, MA 01001",N/A,N/A,santocdespirt.com,"39P9+W7 Agawam, Massachusetts",(413) 786-7073
Dominguez Stoneworks,5.0,79,Countertop store,"6 Old Palmer Rd, Brimfield, MA 01010",N/A,N/A,dominguezstoneworks.com,"4PCX+JR Brimfield, Massachusetts",(413) 245-1508
Dominguez Stoneworks,5.0,79,Countertop store,"6 Old Palmer Rd, Brimfield, MA 01010",N/A,N/A,dominguezstoneworks.com,"4PCX+JR Brimfield, Massachusetts",(413) 245-1508
Leo's Marble - Granite - Quartz,4.9,79,Countertop store,"Next to Overhead Door Company, 444 Central St, Leominster, MA 01453",N/A,N/A,leosgranite.com,"G66W+CG Leominster, Massachusetts",(844) 725-1760
Leo's Marble - Granite - Quartz,4.9,79,Countertop store,"Next to Overhead Door Company, 444 Central St, Leominster, MA 01453",N/A,N/A,leosgranite.com,"G66W+CG Leominster, Massachusetts",(844) 725-1760
Affordable Countertop Installers of Auburn,5.0,12,Countertop contractor,"319 Southbridge St, Auburn, MA 01501",N/A,N/A,N/A,"6549+V6 Auburn, Massachusetts",(508) 374-9867
National Countertop & Cabinet,N/A,N/A,Countertop store,"34 Front St, Indian Orchard, MA 01151",N/A,N/A,N/A,"5F6V+5H Indian Orchard, Springfield, MA",(413) 543-9013
Silva Stone,4.9,47,Marble contractor,"93A Worcester-Providence Turnpike, Millbury, MA 01527",N/A,N/A,silvastone.com,"56VH+HQ Millbury, Massachusetts",(508) 865-5111
The Stone Cobblers Counters and Cabinets,4.8,40,Kitchen remodeler,"317 W Boylston St, West Boylston, MA 01583",N/A,N/A,thestonecobblers.com,"86R7+J3 West Boylston, Massachusetts",(774) 261-4445
AGF Surfaces,4.9,70,Granite supplier,"10 Nashua St, Worcester, MA 01605",N/A,N/A,agfsurfaces.com,"76M2+9C Worcester, Massachusetts",(508) 757-2178
AGF Surfaces,4.9,70,Granite supplier,"10 Nashua St, Worcester, MA 01605",N/A,N/A,agfsurfaces.com,"76M2+9C Worcester, Massachusetts",(508) 757-2178
AGF Surfaces,4.9,70,Granite supplier,"10 Nashua St, Worcester, MA 01605",N/A,N/A,agfsurfaces.com,"76M2+9C Worcester, Massachusetts",(508) 757-2178
Imperial Granite Countertops Inc.,4.9,124,Countertop store,"93 Schofield Ave, Dudley, MA 01571",N/A,N/A,imperialgranitecountertops.com,"24Q5+4F Dudley, Massachusetts",(508) 461-5510
Imperial Granite Countertops Inc.,4.9,124,Countertop store,"93 Schofield Ave, Dudley, MA 01571",N/A,N/A,imperialgranitecountertops.com,"24Q5+4F Dudley, Massachusetts",(508) 461-5510
Majestic Stone Inc,4.9,15,Countertop store,"25 Mohawk Dr # 3, Leominster, MA 01453",N/A,N/A,mstonegranite.com,"G7H7+39 Leominster, Massachusetts",(978) 537-2944
Majestic Stone Inc,4.9,15,Countertop store,"25 Mohawk Dr # 3, Leominster, MA 01453",N/A,N/A,mstonegranite.com,"G7H7+39 Leominster, Massachusetts",(978) 537-2944
Majestic Stone Inc,4.9,15,Countertop store,"25 Mohawk Dr # 3, Leominster, MA 01453",N/A,N/A,mstonegranite.com,"G7H7+39 Leominster, Massachusetts",(978) 537-2944
Counter Revolution Inc,5.0,5,Countertop store,"218 Willard St, Leominster, MA 01453",N/A,N/A,google.com,"F7W7+79 Leominster, Massachusetts",(978) 337-1027
"New England Custom Countertops, Inc.",4.8,12,Countertop store,"Green Building Behind House, 7 S Maple St, Westfield, MA 01085",N/A,N/A,newenglandcustomcountertops.com,"467W+MG Westfield, Massachusetts",(413) 568-0100
Stone Top Experts,5.0,2,Countertop contractor,"509 Washington St, Auburn, MA 01501",N/A,N/A,stonetopexperts.com,"55P7+FM Auburn, Massachusetts",(508) 713-5441
Stone Top Experts,5.0,2,Countertop contractor,"509 Washington St, Auburn, MA 01501",N/A,N/A,stonetopexperts.com,"55P7+FM Auburn, Massachusetts",(508) 713-5441
Granite CountertopPro Inc.,4.9,75,Countertop store,"200 Andover St, Wilmington, MA 01887",N/A,N/A,granitecountertoppro.com,"HVQ3+R4 Wilmington, Massachusetts",(978) 203-0305
Granite CountertopPro Inc.,4.9,75,Countertop store,"200 Andover St, Wilmington, MA 01887",N/A,N/A,granitecountertoppro.com,"HVQ3+R4 Wilmington, Massachusetts",(978) 203-0305
Kitchens Plus Flooring,4.4,7,Kitchen remodeler,"50 Main St, Gardner, MA 01440",N/A,N/A,kitchensplusflooring.net,"H2G3+7W Gardner, Massachusetts",(978) 218-8039
LP CUSTOM COUNTERTOPS & CABINETRY,4.8,48,Countertop store,"22 S Main St, Mansfield, MA 02048",N/A,N/A,lpcustomcountertops.com,"2QFM+HM Mansfield, Massachusetts",(774) 643-6293
LP CUSTOM COUNTERTOPS & CABINETRY,4.8,48,Countertop store,"22 S Main St, Mansfield, MA 02048",N/A,N/A,lpcustomcountertops.com,"2QFM+HM Mansfield, Massachusetts",(774) 643-6293
S.A DESIGN STONE,5.0,2,Countertop store,"521 Main St, Cherry Valley, MA 01611",N/A,N/A,sadesignstone.com,"64Q7+XM Cherry Valley, Leicester, MA",(774) 696-5549
"KBR Design, Inc Kitchen & Bath",4.8,11,Kitchen remodeler,"108 Northfield Rd, Bernardston, MA 01337",N/A,N/A,kbrdesign.net,"MFC7+3H Bernardston, Massachusetts",(413) 648-3023
Kitchen Concepts,4.1,13,Kitchen remodeler,"117 Russell St, Hadley, MA 01035",N/A,N/A,kitchen-concepts.net,"8CR4+PH Hadley, Massachusetts",(413) 586-3506
New England Granite and Quartz,N/A,N/A,Countertop store,"75 W School St, West Springfield, MA 01089",N/A,N/A,newenglandgraniteandquartz.com,"39XV+6G West Springfield, Massachusetts",(413) 221-7402
New England Granite and Quartz,N/A,N/A,Countertop store,"75 W School St, West Springfield, MA 01089",N/A,N/A,newenglandgraniteandquartz.com,"39XV+6G West Springfield, Massachusetts",(413) 221-7402
New England Countertop Company,4.5,2,Countertop store,"470 Colvin St, Attleboro, MA 02703",N/A,N/A,necountertopsri.com,"VJWV+V3 Attleboro, Massachusetts",(508) 761-7588
The Home Depot,4.1,614,Home improvement store,"350 Russell St, Hadley, MA 01035",N/A,Closed ⋅ Opens 8AMSee more hours,homedepot.com,"9C5X+W5 Hadley, Massachusetts",(413) 587-2790
Granite Brothers Westborough,N/A,N/A,Granite supplier,"29 Bluff St, Worcester, MA 01610",N/A,N/A,thegranitebrothers.com,"755J+J9 Worcester, Massachusetts",(508) 925-0431
Leader Home Centers,4.5,17,Home improvement store,"150 College St, Amherst, MA 01002",N/A,N/A,N/A,"9FFQ+C6 Amherst, Massachusetts",(413) 253-3411
Classic Kitchens & Baths,5.0,10,Cabinet store,"20 Colrain St, Greenfield, MA 01301",N/A,N/A,classic-kitchens.com,"H9PQ+MV Greenfield, Massachusetts",(413) 774-4714
Renovators Supply Manufacturing,3.9,41,Hardware store,"1 River St, Erving, MA 01344",N/A,N/A,rensup.com,"HGJ2+HM Erving, Massachusetts",(800) 659-2211
Renovators Supply Manufacturing,3.9,41,Hardware store,"1 River St, Erving, MA 01344",N/A,N/A,rensup.com,"HGJ2+HM Erving, Massachusetts",(800) 659-2211
Floors & Kitchens Today,4.3,75,Flooring store,"470 Southbridge St, Auburn, MA 01501",N/A,N/A,floorsandkitchenstoday.com,"55X4+7Q Auburn, Massachusetts",(508) 762-1680
Top Shop,2.0,N/A,Countertop store,"521 Main St, Cherry Valley, MA 01611",N/A,N/A,N/A,"64Q7+XM Cherry Valley, Leicester, MA",(508) 909-5105
Kitchen Design and Beyond,5.0,N/A,Kitchen remodeler,"120 W Boylston St, Worcester, MA 01606",N/A,N/A,kitchendesignandbeyond.com,"75VW+88 Worcester, Massachusetts",(508) 925-0167
Kitchen Design and Beyond,5.0,N/A,Kitchen remodeler,"120 W Boylston St, Worcester, MA 01606",N/A,N/A,kitchendesignandbeyond.com,"75VW+88 Worcester, Massachusetts",(508) 925-0167
New England Home Cabinetry LLC,5.0,7,Kitchen remodeler,"76 Lake St, Webster, MA 01570",N/A,N/A,nehcab.com,"24XG+8R Webster, Massachusetts",(508) 344-5860
New England Home Cabinetry LLC,5.0,7,Kitchen remodeler,"76 Lake St, Webster, MA 01570",N/A,N/A,nehcab.com,"24XG+8R Webster, Massachusetts",(508) 344-5860
Worcester Marble & Granite,4.7,38,Granite supplier,"315 N Main St, Middleton, MA 01949",N/A,N/A,wmgtops.com,"JWCX+66 Middleton, Massachusetts",(978) 767-8353
Kitchens of Distinction,5.0,5,Cabinet store,"139 Damon Rd, Northampton, MA 01060",N/A,N/A,kodkitchens.com,"89Q9+9G Northampton, Massachusetts",(413) 727-3416
Kitchens of Distinction,5.0,5,Cabinet store,"139 Damon Rd, Northampton, MA 01060",N/A,N/A,kodkitchens.com,"89Q9+9G Northampton, Massachusetts",(413) 727-3416
Miracle Method of Western Mass,5.0,3,Countertop store,"33 Grattan St, Chicopee, MA 01020",N/A,N/A,miraclemethod.com,"5C68+8Q Chicopee, Massachusetts",(413) 589-0769
Miracle Method of Western Mass,5.0,3,Countertop store,"33 Grattan St, Chicopee, MA 01020",N/A,N/A,miraclemethod.com,"5C68+8Q Chicopee, Massachusetts",(413) 589-0769
Lowe's Home Improvement,4.1,739,Home improvement store,"282 Russell St, Hadley, MA 01035",N/A,N/A,lowes.com,"9C3P+JG Hadley, Massachusetts",(413) 588-0270
Lowe's Home Improvement,4.1,739,Home improvement store,"282 Russell St, Hadley, MA 01035",N/A,N/A,lowes.com,"9C3P+JG Hadley, Massachusetts",(413) 588-0270
Budget Cabinets,4.3,73,Cabinet store,"300 Main St, Agawam, MA 01001",N/A,N/A,alliedflooringandpaint.com,"39JM+X6 Agawam, Massachusetts",(413) 789-2074
Budget Cabinets,4.3,73,Cabinet store,"300 Main St, Agawam, MA 01001",N/A,N/A,alliedflooringandpaint.com,"39JM+X6 Agawam, Massachusetts",(413) 789-2074
Valley Kitchens,5.0,8,Cabinet store,"51 A1 Holyoke St, Easthampton, MA 01027",N/A,N/A,vkitchens.com,"785Q+VV Easthampton, Massachusetts",(413) 527-1500
Valley Kitchens,5.0,8,Cabinet store,"51 A1 Holyoke St, Easthampton, MA 01027",N/A,N/A,vkitchens.com,"785Q+VV Easthampton, Massachusetts",(413) 527-1500
Lowe's Home Improvement,4.1,859,Home improvement store,"348 Palmer Rd, Ware, MA 01082",N/A,Closed ⋅ Opens 7AMConfirmed by phone call 5 weeks agoSee more hours,lowes.com,"6PQF+3J Ware, Massachusetts",(413) 277-4000
Lowe's Home Improvement,4.1,859,Home improvement store,"348 Palmer Rd, Ware, MA 01082",N/A,Closed ⋅ Opens 7AMConfirmed by phone call 5 weeks agoSee more hours,lowes.com,"6PQF+3J Ware, Massachusetts",(413) 277-4000
Cabinet Resources,3.6,5,Contractor,"693 Southbridge St, Auburn, MA 01501",N/A,N/A,N/A,"54MR+HV Auburn, Massachusetts",(508) 832-3789
Arts Marble & Granite,N/A,N/A,Countertop store,"279 Brigham St, Hudson, MA 01749",N/A,N/A,N/A,N/A,(508) 203-0064
Arts Marble & Granite,N/A,N/A,Countertop store,"279 Brigham St, Hudson, MA 01749",N/A,N/A,N/A,N/A,(508) 203-0064
Aidan Home Improvement,3.0,N/A,Home improvement store,"153 Pleasant St, Granby, MA 01033",N/A,N/A,N/A,"6FP6+HP Granby, Massachusetts",(413) 331-4401
Aidan Home Improvement,3.0,N/A,Home improvement store,"153 Pleasant St, Granby, MA 01033",N/A,N/A,N/A,"6FP6+HP Granby, Massachusetts",(413) 331-4401
The Home Depot,4.2,1127,Home improvement store,"2001 Boston Rd, Wilbraham, MA 01095",Located in: Stony Hill Plaza Shopping Center,Closed ⋅ Opens 8AMSee more hours,homedepot.com,"4GXG+5H Wilbraham, Massachusetts",(413) 543-8100
Aidan Home Improvement,3.0,N/A,Home improvement store,"153 Pleasant St, Granby, MA 01033",N/A,N/A,N/A,"6FP6+HP Granby, Massachusetts",(413) 331-4401
Aidan Home Improvement,3.0,N/A,Home improvement store,"153 Pleasant St, Granby, MA 01033",N/A,N/A,N/A,"6FP6+HP Granby, Massachusetts",(413) 331-4401
Payne & Picard,3.7,3,Countertop store,"122 Pleasant St #1118, Easthampton, MA 01027","Located in: Keystone Enterprises, LLC",N/A,N/A,"78FQ+84 Easthampton, Massachusetts",(413) 527-6268
