name,rating,reviews_count,category,address,location,hours,website,plus_code,phone
Gadarowski Construction,5.0,60,Roofing contractor,"1000 Riceville Rd, Athol, MA 01331",N/A,N/A,gadarowskiconstruction.com,"GQPG+49 Athol, Massachusetts",(413) 207-1802
Athol Home Improvement,1.0,N/A,Contractor,"31 Kelton St, Athol, MA 01331",N/A,N/A,N/A,"HQMM+XC Athol, Massachusetts",(978) 350-4396
Hayden Roofing,5.0,80,Roofing contractor,"70 Prentiss St, Orange, MA 01364",N/A,N/A,haydenroofingco.com,"HMMW+8P Orange, Massachusetts",(978) 544-3140
Damon's Decks,5.0,2,Deck builder,"54 Ball St, Orange, MA 01364",N/A,N/A,N/A,"HMVP+CH Orange, Massachusetts",(978) 320-7015
Ideal Siding Worcester,5.0,17,Siding contractor,"10 Nebraska St unit 21, Worcester, MA 01604",N/A,N/A,idealsiding.com,"769C+57 Worcester, Massachusetts",(508) 978-6327
Leger Siding,4.4,7,Roofing supply store,"3 Mark Newton Rd, Westminster, MA 01473",N/A,N/A,legersiding.com,"G2FR+RQ Westminster, Massachusetts",(978) 874-2210
T S Mann Lumber Co,4.5,28,Lumber store,"199 Petersham Rd, Athol, MA 01331",N/A,N/A,mannlumber.com,"HQJX+4Q Athol, Massachusetts",(978) 249-2206
Alliance Home Improvement Inc,4.8,80,Siding contractor,"375 Chicopee St, Chicopee, MA 01013",N/A,N/A,alliancehomeinc.co,"59CG+WR Chicopee, Massachusetts",(413) 883-3802
LeBlanc And McCaie Siding And Window Company,5.0,8,Siding contractor,"92 Allen St, Gardner, MA 01440",N/A,N/A,leblancandmccaiesidingandwindows.com,"HXMX+FJ Gardner, Massachusetts",(978) 632-1132
"Scott's Siding & Remodeling Co., Inc.",4.8,41,Siding contractor,"70 James St #127a, Worcester, MA 01603",N/A,N/A,scottssidingandremodeling.com,"65J2+Q3 Worcester, Massachusetts",(508) 752-3388
Aubin Siding and Gutter,5.0,N/A,Siding contractor,"17 Adams Rd #1415, Hubbardston, MA 01452",N/A,N/A,N/A,"F3V2+69 Hubbardston, Massachusetts",(978) 928-5485
Capitol Siding & Home Improvement Co. Inc.,4.7,28,Siding contractor,"30 Auburn St, Auburn, MA 01501",N/A,N/A,capitolsiding.com,"6539+X3 Auburn, Massachusetts",(508) 832-5981
Capitol Siding & Home Improvement Co. Inc.,4.7,28,Siding contractor,"30 Auburn St, Auburn, MA 01501",N/A,N/A,capitolsiding.com,"6539+X3 Auburn, Massachusetts",(508) 832-5981
super siding,5.0,30,Siding contractor,"7 Gorham Ave, Clinton, MA 01510",N/A,N/A,thesupersiding.com,"C8MF+GM Clinton, Massachusetts",(508) 904-4520
super siding,5.0,30,Siding contractor,"7 Gorham Ave, Clinton, MA 01510",N/A,N/A,thesupersiding.com,"C8MF+GM Clinton, Massachusetts",(508) 904-4520
Princeton Forest Products,5.0,6,Lumber store,"54 Govenor Dukakis Dr, Orange, MA 01364",N/A,N/A,princetonforestproducts.com,"HP88+85 Orange, Massachusetts",(800) 504-8044
Princeton Forest Products,5.0,6,Lumber store,"54 Govenor Dukakis Dr, Orange, MA 01364",N/A,N/A,princetonforestproducts.com,"HP88+85 Orange, Massachusetts",(800) 504-8044
Ideal Siding Springfield,5.0,3,Siding contractor,"117 Cochran St, Chicopee, MA 01020",N/A,N/A,idealsiding.com,"5C3F+JG Chicopee, Massachusetts",(413) 788-1348
Better Way Home Improvement - Vinyl Siding Contractor,5.0,59,Siding contractor,"152 Sutton Ave, Oxford, MA 01540",N/A,N/A,bettervinylsiding.com,"4567+X6 Oxford, Massachusetts",(508) 987-6900
Sexton Roofing & Siding,4.8,58,Roofing contractor,"6 Church Ave, West Hatfield, MA 01038",N/A,N/A,sextonroofing.com,"99C8+87 West Hatfield, Massachusetts",(413) 534-1234
Sexton Roofing & Siding,4.8,58,Roofing contractor,"6 Church Ave, West Hatfield, MA 01038",N/A,N/A,sextonroofing.com,"99C8+87 West Hatfield, Massachusetts",(413) 534-1234
Leger Siding,N/A,N/A,Siding contractor,"Winchendon, MA 01475",N/A,N/A,legersiding.com,N/A,(978) 874-2210
Solid State Construction,4.6,92,Siding contractor,"2 Shaker Rd d203, Shirley, MA 01464",N/A,N/A,solidstateconstruction.com,"G9R4+HF Shirley, Massachusetts",(508) 581-3798
Western Mass Vinyl Siding,5.0,6,Siding contractor,"120 Hampton Ave, Westfield, MA 01085",N/A,N/A,westernmassvinylsiding.com,"57MX+CC Westfield, Massachusetts",(413) 301-3341
Wolfs Siding Inc.,5.0,17,Construction company,"156 Washburn St, Northborough, MA 01532",N/A,N/A,lp.wolfs-siding.com,"86M4+QX Northborough, Massachusetts",(774) 484-1895
ALL Star Insulation & Siding,3.2,20,Insulation contractor,"56 Franklin St, Easthampton, MA 01027",N/A,N/A,allstarinsulationsiding.com,"789Q+WP Easthampton, Massachusetts",(413) 527-0044
Tom Quinlin Roofing Siding,5.0,N/A,Roofing contractor,"12 Bayberry Ln, Hadley, MA 01035",N/A,N/A,N/A,"CCCR+GR Hadley, Massachusetts",(413) 549-5474
Battistoni Eugene,5.0,N/A,Roofing contractor,"534 Market Hill Rd, Amherst, MA 01002",N/A,N/A,N/A,"CGG6+G3 Amherst, Massachusetts",(413) 549-2693
J C Vinyl Siding,4.0,4,Siding contractor,"104 Constitution Dr, Leominster, MA 01453",N/A,N/A,jcvinylsidingandwindows.com,"G6J6+CV Leominster, Massachusetts",(978) 537-6768
J C Vinyl Siding,4.0,4,Siding contractor,"104 Constitution Dr, Leominster, MA 01453",N/A,N/A,jcvinylsidingandwindows.com,"G6J6+CV Leominster, Massachusetts",(978) 537-6768
Colonial Building Systems LLC,5.0,N/A,Siding contractor,"29 Berkshire Cir, Ware, MA 01082",N/A,N/A,N/A,"7P8W+5C Ware, Massachusetts",(413) 967-9001
MTS Siding and Roofing LLC,5.0,3,Roofing contractor,"152 Paxton Rd, Spencer, MA 01562",N/A,N/A,mts-siding-roofing.com,"72GH+JP Spencer, Massachusetts",(508) 217-7737
MTS Siding and Roofing LLC,5.0,3,Roofing contractor,"152 Paxton Rd, Spencer, MA 01562",N/A,N/A,mts-siding-roofing.com,"72GH+JP Spencer, Massachusetts",(508) 217-7737
Ashburnham Siding & Roofing,N/A,N/A,Roofing contractor,"234 Lincoln Ave, Winchendon, MA 01475",N/A,N/A,ashburnhamsidingandroofing.com,"MWRX+4V Winchendon, Massachusetts",(978) 297-4033
Leger Siding,3.0,2,Siding contractor,"89 Allen St, Leominster, MA 01473",N/A,N/A,legersiding.com,"G6QX+3H Leominster, Massachusetts",(978) 874-2210
Leger Siding,3.0,2,Siding contractor,"89 Allen St, Leominster, MA 01473",N/A,N/A,legersiding.com,"G6QX+3H Leominster, Massachusetts",(978) 874-2210
Custom Siding Trim and Windows,5.0,2,Window treatment store,"107 Harrington Ave, Shrewsbury, MA 01545",N/A,N/A,N/A,"77J5+P4 Shrewsbury, Massachusetts",(774) 329-7176
Affordable Contracting Services,1.5,8,Contractor,"664 S Rd, Templeton, MA 01468",N/A,N/A,affordablecontractingservicesoftempleton.com,"GW3M+6V Templeton, Massachusetts",(978) 939-5266
Walde's Siding Company,3.0,2,Siding contractor,"246 Millbury St, Auburn, MA 01501",N/A,N/A,N/A,"55XR+8W Auburn, Massachusetts",(774) 272-0329
Todd Boynton Roofing & Siding,3.0,8,Roofing contractor,"83 Silver St, Greenfield, MA 01301",N/A,N/A,N/A,"JC47+C9 Greenfield, Massachusetts",(413) 775-2775
Todd Boynton Roofing & Siding,3.0,8,Roofing contractor,"83 Silver St, Greenfield, MA 01301",N/A,N/A,N/A,"JC47+C9 Greenfield, Massachusetts",(413) 775-2775
Hamshaw Lumber Co,4.5,309,Hardware store,"68 New Athol Rd #2a, Orange, MA 01364",N/A,N/A,acehardware.com,"HPPG+2V Orange, Massachusetts",(978) 544-8211
Vista Home Improvement,4.7,468,Contractor,"2097 Riverdale St, West Springfield, MA 01089",N/A,N/A,vistahomeimprovement.com,"5968+4V West Springfield, Massachusetts",(413) 350-1219
Vista Home Improvement,4.7,468,Contractor,"2097 Riverdale St, West Springfield, MA 01089",N/A,N/A,vistahomeimprovement.com,"5968+4V West Springfield, Massachusetts",(413) 350-1219
Cedar Falls Roofing and Siding,3.0,2,Roofing contractor,"209 Prospect St, Chicopee, MA 01013",N/A,N/A,cedarfallsroofingandsiding.com,"5CV4+RJ Chicopee, Massachusetts",(413) 885-2852
Viveiros & Sons Home Improvements,5.0,14,Construction company,"16 Michelman Ave, Greenfield, MA 01301",N/A,N/A,vasbuilders.com,"JC69+MM Greenfield, Massachusetts",(978) 327-0239
Viveiros & Sons Home Improvements,5.0,14,Construction company,"16 Michelman Ave, Greenfield, MA 01301",N/A,N/A,vasbuilders.com,"JC69+MM Greenfield, Massachusetts",(978) 327-0239
Vinyl Siding and Vinyl Installation Company Worcester MA,N/A,N/A,Siding contractor,"152 Sutton Ave, Oxford, MA 01540",N/A,N/A,bettervinylsiding.com,"4567+X6 Oxford, Massachusetts",(508) 987-6900
Finyl Vinyl - Siding - Windows - Roofing,3.0,12,Siding contractor,"33 Grattan St, Chicopee, MA 01020",N/A,N/A,finyl-vinyl.com,"5C68+8Q Chicopee, Massachusetts",(413) 592-2376
D & S Roofing & Siding,3.2,9,Roofing contractor,"29 Hastings St, Chicopee, MA 01020",N/A,N/A,N/A,"5C48+2P Chicopee, Massachusetts",(413) 592-9490
D & S Roofing & Siding,3.2,9,Roofing contractor,"29 Hastings St, Chicopee, MA 01020",N/A,N/A,N/A,"5C48+2P Chicopee, Massachusetts",(413) 592-9490
McGrath Construction & Remodeling,N/A,N/A,General contractor,"369 Petersham Rd, New Salem, MA 01355",N/A,N/A,mcgrathconstructionremodeling.com,"GP6X+QM New Salem, Massachusetts",(978) 413-7737
Heyes Forest Products Inc,5.0,N/A,Saw mill,"34 Daniel Shays Hwy, Orange, MA 01364",N/A,N/A,heyesforest.com,"HP89+3G Orange, Massachusetts",(978) 544-8801
Heyes Forest Products Inc,5.0,N/A,Saw mill,"34 Daniel Shays Hwy, Orange, MA 01364",N/A,N/A,heyesforest.com,"HP89+3G Orange, Massachusetts",(978) 544-8801
Everlast Composite Siding,2.3,3,Siding contractor,"60 Pleasant St #1, Ashland, MA 01721",Located in: MetroWest Design Center,N/A,everlastsidingnewengland.com,"7G6J+C3 Ashland, Massachusetts",(877) 262-8807
Sheldon Construction,3.0,4,Siding contractor,"60 Crooked Ledge Rd, Southampton, MA 01073",N/A,N/A,sheldonconstructioninc.co,"66MW+JR Southampton, Massachusetts",(413) 527-4227
Sheldon Construction,3.0,4,Siding contractor,"60 Crooked Ledge Rd, Southampton, MA 01073",N/A,N/A,sheldonconstructioninc.co,"66MW+JR Southampton, Massachusetts",(413) 527-4227
Welmark Construction,2.5,6,Contractor,"2 Goodale St, West Boylston, MA 01583",N/A,N/A,facebook.com,"9698+XR West Boylston, Massachusetts",(508) 835-3533
Welmark Construction,2.5,6,Contractor,"2 Goodale St, West Boylston, MA 01583",N/A,N/A,facebook.com,"9698+XR West Boylston, Massachusetts",(508) 835-3533
Pepin Roofing & Siding Co,N/A,N/A,Roofing contractor,"52 Cottage St, Easthampton, MA 01027",N/A,N/A,N/A,"787M+M6 Easthampton, Massachusetts",(413) 527-3640
"Franca Services - Painting & Siding, Decks & Roofing, Windows & Doors",4.2,50,General contractor,"44 Bearfoot Rd Suite 100, Northborough, MA 01532",N/A,N/A,francaservices.com,"89R9+XW Northborough, Massachusetts",(508) 481-0150
"Ready Pros, Inc",1.0,2,Roofing contractor,"1 Mad Brook Rd, North Brookfield, MA 01535",N/A,N/A,N/A,"7WQR+5H North Brookfield, Massachusetts",(855) 544-7767
"Ready Pros, Inc",1.0,2,Roofing contractor,"1 Mad Brook Rd, North Brookfield, MA 01535",N/A,N/A,N/A,"7WQR+5H North Brookfield, Massachusetts",(855) 544-7767
Bill's Roofing & Siding,2.0,12,Roofing contractor,"62 Catharine St, Worcester, MA 01605",N/A,N/A,N/A,"76F6+MV Worcester, Massachusetts",(508) 753-9666
Bill's Roofing & Siding,2.0,12,Roofing contractor,"62 Catharine St, Worcester, MA 01605",N/A,N/A,N/A,"76F6+MV Worcester, Massachusetts",(508) 753-9666
Chaban Masonry,3.7,3,Construction and maintenance office,"1751 White Pond Rd, Athol, MA 01331",N/A,N/A,N/A,"GPWM+9W Athol, Massachusetts",(978) 503-8354
W.R. Robinson Lumber Co. Inc.,4.5,8,Lumber store,"145 Cleveland Rd, Wheelwright, MA 01094",N/A,N/A,wrrobinsonlumber.com,"9V98+4J Wheelwright, Hardwick, MA",(413) 477-6050
Dunn Rite Handyman Services LLC,4.8,18,Handyman/Handywoman/Handyperson,"264 Long Plain Rd, South Deerfield, MA 01373",N/A,N/A,dunnritehandymanservices.com,"C9XV+XJ South Deerfield, Deerfield, MA",(413) 695-1233
Cedar Falls Construction,4.8,23,General contractor,"209 Prospect St, Chicopee, MA 01013",N/A,N/A,cedarfallsconstructionllc.com,"5CV4+RJ Chicopee, Massachusetts",(413) 885-2852
RJ Allain Construction Services,5.0,N/A,Construction company,"869 Clark St, Gardner, MA 01440",N/A,N/A,N/A,"JX3C+X6 Gardner, Massachusetts",N/A
The Marc's siding inc,N/A,N/A,Construction company,"105 Hudson St, Northborough, MA 01532",N/A,N/A,N/A,"89G7+7F Northborough, Massachusetts",(508) 215-4891
The Marc's siding inc,N/A,N/A,Construction company,"105 Hudson St, Northborough, MA 01532",N/A,N/A,N/A,"89G7+7F Northborough, Massachusetts",(508) 215-4891
Supreme Gutters LLC,5.0,198,Gutter service,"66 Marlborough St, Chicopee, MA 01020",N/A,N/A,supremeguttersllc.com,"4CVC+GM Chicopee, Massachusetts",(413) 459-4688
Gregory Perchemlides Carpentry,5.0,5,Carpenter,"52 Sunderland Rd, Montague, MA 01351",N/A,N/A,N/A,"GF77+6F Montague, Massachusetts",(413) 559-0615
Ufema Contracting Inc,N/A,N/A,Contractor,"Barre Town, 73 Old E St, Petersham, MA 01366",N/A,N/A,ufemacontractinginc.com,"FVHM+GQ Petersham, Massachusetts",(978) 771-7936
Master Carpenter Inc,5.0,3,Contractor,"57 Amherst Rd, Leverett, MA 01054",N/A,N/A,N/A,"CFQV+Q3 Leverett, Massachusetts",(413) 657-8560
"Rodriguez landscaping. House siding replacement ,Power washing,",N/A,N/A,Landscaper,"462 Maple St #2l, Holyoke, MA 01040",N/A,N/A,N/A,"692M+2Q Holyoke, Massachusetts",(413) 693-4959
A.B Edmonds Construction,N/A,N/A,General contractor,"127 Shelburne Rd, Greenfield, MA 01301",N/A,N/A,abedmonds.com,"H9PJ+VW Greenfield, Massachusetts",(413) 535-8814
Eli Painting,4.9,89,Painter,"49 Silver St, Greenfield, MA 01301",N/A,N/A,elipaintingma.com,"JC48+58 Greenfield, Massachusetts",(413) 522-4255
tom kelliher homeimprovement,4.4,7,General contractor,"25 Beaudry Ave, Chicopee, MA 01020",N/A,N/A,N/A,"6C5G+Q4 Chicopee, Massachusetts",(413) 575-8428
"CORE Remodeling Services, Inc.",4.9,59,Kitchen remodeler,"41 Boylston St, Worcester, MA 01605",N/A,N/A,coreremodelingservices.com,"862M+9X Worcester, Massachusetts",(888) 959-2673
The Home Depot,4.1,614,Home improvement store,"350 Russell St, Hadley, MA 01035",N/A,Open ⋅ Closes 9PMSee more hours,homedepot.com,"9C5X+W5 Hadley, Massachusetts",(413) 587-2790
