name,rating,reviews_count,category,address,location,hours,website,plus_code,phone
Discover Surfaces,4.9,497,Granite supplier,"1 Latti Farm Rd, Millbury, MA 01527",N/A,N/A,discovermarble.com,"669G+V4 Millbury, Massachusetts",(508) 438-6900
Discover Surfaces,4.9,497,Granite supplier,"1 Latti Farm Rd, Millbury, MA 01527",N/A,N/A,discovermarble.com,"669G+V4 Millbury, Massachusetts",(508) 438-6900
Floor & Decor,4.5,24,Flooring store,"420 Boston Turnpike Bld 1, Shrewsbury, MA 01545",N/A,Open ⋅ Closes 7PMSee more hours,flooranddecor.com,"77GF+25 Shrewsbury, Massachusetts",(508) 925-1034
"Capital Granite & Marble, LLc",5.0,11,Granite supplier,"6 Ledge Rock Way unit 6, Acton, MA 01720",N/A,N/A,newcapitalgranite.com,"GH7Q+R4 Acton, Massachusetts",(617) 699-0114
"Capital Granite & Marble, LLc",5.0,11,Granite supplier,"6 Ledge Rock Way unit 6, Acton, MA 01720",N/A,N/A,newcapitalgranite.com,"GH7Q+R4 Acton, Massachusetts",(617) 699-0114
"Capital Granite & Marble, LLc",5.0,11,Granite supplier,"6 Ledge Rock Way unit 6, Acton, MA 01720",N/A,N/A,newcapitalgranite.com,"GH7Q+R4 Acton, Massachusetts",(617) 699-0114
Lighthouse Marble & Granite,4.9,19,Marble contractor,"184 Stone St #6, Clinton, MA 01510",N/A,N/A,lighthousegranite.com,"C8J8+27 Clinton, Massachusetts",(978) 612-6042
Lighthouse Marble & Granite,4.9,19,Marble contractor,"184 Stone St #6, Clinton, MA 01510",N/A,N/A,lighthousegranite.com,"C8J8+27 Clinton, Massachusetts",(978) 612-6042
Lighthouse Marble & Granite,4.9,19,Marble contractor,"184 Stone St #6, Clinton, MA 01510",N/A,N/A,lighthousegranite.com,"C8J8+27 Clinton, Massachusetts",(978) 612-6042
Mass Granite Inc,4.5,41,Countertop store,"49 Knox Trail, Acton, MA 01720",N/A,N/A,massgranite.com,"CHWG+XF Acton, Massachusetts",(978) 897-6405
Mass Granite Inc,4.5,41,Countertop store,"49 Knox Trail, Acton, MA 01720",N/A,N/A,massgranite.com,"CHWG+XF Acton, Massachusetts",(978) 897-6405
Mass Granite Inc,4.5,41,Countertop store,"49 Knox Trail, Acton, MA 01720",N/A,N/A,massgranite.com,"CHWG+XF Acton, Massachusetts",(978) 897-6405
Continental Stone Marble and Granite,4.4,68,Countertop store,"791 Research Dr, Leominster, MA 01453",N/A,N/A,continentalstone.com,"F6JR+HG Leominster, Massachusetts",(978) 422-8700
Continental Stone Marble and Granite,4.4,68,Countertop store,"791 Research Dr, Leominster, MA 01453",N/A,N/A,continentalstone.com,"F6JR+HG Leominster, Massachusetts",(978) 422-8700
L & M Marble & Granite Inc,N/A,N/A,Granite supplier,"120 Southbridge Rd, Hudson, MA 01749",N/A,N/A,N/A,N/A,(978) 568-0659
L & M Marble & Granite Inc,N/A,N/A,Granite supplier,"120 Southbridge Rd, Hudson, MA 01749",N/A,N/A,N/A,N/A,(978) 568-0659
L & M Marble & Granite Inc,N/A,N/A,Granite supplier,"120 Southbridge Rd, Hudson, MA 01749",N/A,N/A,N/A,N/A,(978) 568-0659
L & M Marble & Granite Inc,N/A,N/A,Granite supplier,"120 Southbridge Rd, Hudson, MA 01749",N/A,N/A,N/A,N/A,(978) 568-0659
AMB Countertops Inc,4.9,11,Countertop store,"175 Littleton Rd Suite C, Westford, MA 01886",N/A,N/A,ambcountertops.com,"HH9G+4Q Westford, Massachusetts",(978) 496-1811
AMB Countertops Inc,4.9,11,Countertop store,"175 Littleton Rd Suite C, Westford, MA 01886",N/A,N/A,ambcountertops.com,"HH9G+4Q Westford, Massachusetts",(978) 496-1811
AMB Countertops Inc,4.9,11,Countertop store,"175 Littleton Rd Suite C, Westford, MA 01886",N/A,N/A,ambcountertops.com,"HH9G+4Q Westford, Massachusetts",(978) 496-1811
SMB Marble & Granite,4.9,21,Countertop contractor,"312 Main St Suite #9, Hudson, MA 01749",N/A,N/A,smbstone.com,"9CRR+XC Hudson, Massachusetts",(978) 562-5188
"Shrewsbury Marble & Granite, Inc.",3.9,24,Granite supplier,"620 Boston Turnpike, Shrewsbury, MA 01545",N/A,N/A,shrewsburymarbleandgranite.com,"77GV+G2 Shrewsbury, Massachusetts",(508) 842-9800
"Shrewsbury Marble & Granite, Inc.",3.9,24,Granite supplier,"620 Boston Turnpike, Shrewsbury, MA 01545",N/A,N/A,shrewsburymarbleandgranite.com,"77GV+G2 Shrewsbury, Massachusetts",(508) 842-9800
"Shrewsbury Marble & Granite, Inc.",3.9,24,Granite supplier,"620 Boston Turnpike, Shrewsbury, MA 01545",N/A,N/A,shrewsburymarbleandgranite.com,"77GV+G2 Shrewsbury, Massachusetts",(978) 692-1312
Fletcher Granite,3.3,7,Granite supplier,"535 Groton Rd, Westford, MA 01886",N/A,N/A,fletchergranite.com,"JHGQ+84 Westford, Massachusetts",(978) 692-1312
Fletcher Granite,3.3,7,Granite supplier,"535 Groton Rd, Westford, MA 01886",N/A,N/A,fletchergranite.com,"JHGQ+84 Westford, Massachusetts",(978) 692-1312
Rosy's Marble & Granite,4.4,17,Granite supplier,"86 Billerica Ave Ste 5, North Billerica, MA 01862",N/A,N/A,N/A,"JP28+7M North Billerica, Billerica, MA",(978) 663-2723
Rosy's Marble & Granite,4.4,17,Granite supplier,"86 Billerica Ave Ste 5, North Billerica, MA 01862",N/A,N/A,N/A,"JP28+7M North Billerica, Billerica, MA",(978) 663-2723
Rosy's Marble & Granite,4.4,17,Granite supplier,"86 Billerica Ave Ste 5, North Billerica, MA 01862",N/A,N/A,N/A,"JP28+7M North Billerica, Billerica, MA",(978) 663-2723
Rosy's Marble & Granite,4.4,17,Granite supplier,"86 Billerica Ave Ste 5, North Billerica, MA 01862",N/A,N/A,N/A,"JP28+7M North Billerica, Billerica, MA",(978) 663-2723
Rosy's Marble & Granite,4.4,17,Granite supplier,"86 Billerica Ave Ste 5, North Billerica, MA 01862",N/A,N/A,N/A,"JP28+7M North Billerica, Billerica, MA",(978) 663-2723
"Pablo Marble and Granite, LLC",4.8,102,Countertop store,"10 Breed Ave, Woburn, MA 01801",N/A,N/A,pablomarbleandgranite.com,"GRCW+F3 Woburn, Massachusetts",(781) 696-2990
"Pablo Marble and Granite, LLC",4.8,102,Countertop store,"10 Breed Ave, Woburn, MA 01801",N/A,N/A,pablomarbleandgranite.com,"GRCW+F3 Woburn, Massachusetts",(781) 696-2990
"Pablo Marble and Granite, LLC",4.8,102,Countertop store,"10 Breed Ave, Woburn, MA 01801",N/A,N/A,pablomarbleandgranite.com,"GRCW+F3 Woburn, Massachusetts",(781) 696-2990
US-Quarry,N/A,N/A,Granite supplier,"540 Groton Rd, Westford, MA 01886",Located in: Newport Bituminous asphalt plant,N/A,N/A,"JHHP+FM Westford, Massachusetts",(877) 270-4007
US-Quarry,N/A,N/A,Granite supplier,"540 Groton Rd, Westford, MA 01886",Located in: Newport Bituminous asphalt plant,N/A,N/A,"JHHP+FM Westford, Massachusetts",(877) 270-4007
US-Quarry,N/A,N/A,Granite supplier,"540 Groton Rd, Westford, MA 01886",Located in: Newport Bituminous asphalt plant,N/A,N/A,"JHHP+FM Westford, Massachusetts",(877) 270-4007
US-Quarry,N/A,N/A,Granite supplier,"540 Groton Rd, Westford, MA 01886",Located in: Newport Bituminous asphalt plant,N/A,N/A,"JHHP+FM Westford, Massachusetts",(877) 270-4007
Feature Marble Granite,2.0,4,Granite supplier,"28 Piedmont St, Worcester, MA 01610",N/A,N/A,featuremarblegranite.com,N/A,(508) 779-7727
Granite Plus,4.8,88,Granite supplier,"9 Progress Ave, Chelmsford, MA 01824",N/A,N/A,granitepluscounters.com,"HMWH+V4 Chelmsford, Massachusetts",(978) 715-0217
Granite Plus,4.8,88,Granite supplier,"9 Progress Ave, Chelmsford, MA 01824",N/A,N/A,granitepluscounters.com,"HMWH+V4 Chelmsford, Massachusetts",(978) 715-0217
Granite Plus,4.8,88,Granite supplier,"9 Progress Ave, Chelmsford, MA 01824",N/A,N/A,granitepluscounters.com,"HMWH+V4 Chelmsford, Massachusetts",(978) 715-0217
Worcester Marble & Granite,4.7,38,Granite supplier,"315 N Main St, Middleton, MA 01949",N/A,N/A,wmgtops.com,"JWCX+66 Middleton, Massachusetts",(978) 767-8353
Worcester Marble & Granite,4.7,38,Granite supplier,"315 N Main St, Middleton, MA 01949",N/A,N/A,wmgtops.com,"JWCX+66 Middleton, Massachusetts",(978) 767-8353
ELITE Marble & Granite,5.0,9,Countertop store,"55 Summer St Unit B, Somerville, MA 02143",N/A,N/A,elite-marblegranite.com,"9WM2+H3 Somerville, Massachusetts",(617) 714-3376
ELITE Marble & Granite,5.0,9,Countertop store,"55 Summer St Unit B, Somerville, MA 02143",N/A,N/A,elite-marblegranite.com,"9WM2+H3 Somerville, Massachusetts",(617) 714-3376
ELITE Marble & Granite,5.0,9,Countertop store,"55 Summer St Unit B, Somerville, MA 02143",N/A,N/A,elite-marblegranite.com,"9WM2+H3 Somerville, Massachusetts",(617) 714-3376
ELITE Marble & Granite,5.0,9,Countertop store,"55 Summer St Unit B, Somerville, MA 02143",N/A,N/A,elite-marblegranite.com,"9WM2+H3 Somerville, Massachusetts",(617) 714-3376
ELITE Marble & Granite,5.0,9,Countertop store,"55 Summer St Unit B, Somerville, MA 02143",N/A,N/A,elite-marblegranite.com,"9WM2+H3 Somerville, Massachusetts",(617) 714-3376
Olympia Marble & Granite,3.9,14,Granite supplier,"60 Charles St, Needham, MA 02494",N/A,N/A,N/A,"8Q4H+CC Needham, Massachusetts",(781) 455-0199
Olympia Marble & Granite,3.9,14,Granite supplier,"60 Charles St, Needham, MA 02494",N/A,N/A,N/A,"8Q4H+CC Needham, Massachusetts",(781) 455-0199
Olympia Marble & Granite,3.9,14,Granite supplier,"60 Charles St, Needham, MA 02494",N/A,N/A,N/A,"8Q4H+CC Needham, Massachusetts",(781) 455-0199
Olympia Marble & Granite,3.9,14,Granite supplier,"60 Charles St, Needham, MA 02494",N/A,N/A,N/A,"8Q4H+CC Needham, Massachusetts",(781) 455-0199
StoneOne Marble & Granite,4.4,63,Countertop store,"75 Mystic St, Methuen, MA 01844",N/A,N/A,stoneonecorp.com,"PQGX+P3 Methuen, Massachusetts",(978) 681-7664
StoneOne Marble & Granite,4.4,63,Countertop store,"75 Mystic St, Methuen, MA 01844",N/A,N/A,stoneonecorp.com,"PQGX+P3 Methuen, Massachusetts",(978) 681-7664
StoneOne Marble & Granite,4.4,63,Countertop store,"75 Mystic St, Methuen, MA 01844",N/A,N/A,stoneonecorp.com,"PQGX+P3 Methuen, Massachusetts",(978) 681-7664
StoneOne Marble & Granite,4.4,63,Countertop store,"75 Mystic St, Methuen, MA 01844",N/A,N/A,stoneonecorp.com,"PQGX+P3 Methuen, Massachusetts",(978) 681-7664
"Vector Stone, LLC",3.4,5,Granite supplier,"174 Old Canal Dr, Lowell, MA 01851",N/A,N/A,vectorstone.com,"JMF4+36 Lowell, Massachusetts",(978) 656-0060
"Vector Stone, LLC",3.4,5,Granite supplier,"174 Old Canal Dr, Lowell, MA 01851",N/A,N/A,vectorstone.com,"JMF4+36 Lowell, Massachusetts",(978) 656-0060
"Vector Stone, LLC",3.4,5,Granite supplier,"174 Old Canal Dr, Lowell, MA 01851",N/A,N/A,vectorstone.com,"JMF4+36 Lowell, Massachusetts",(978) 656-0060
New View Marble and Granite,4.7,14,Countertop store,"1 Master Dr, Franklin, MA 02038",N/A,N/A,newviewgranite.com,"3HMQ+M3 Franklin, Massachusetts",(508) 541-3909
Buonato Granite & Marble,4.6,9,Granite supplier,"130 Maple St #3, Stoughton, MA 02072",N/A,N/A,N/A,"4WWH+62 Stoughton, Massachusetts",(781) 341-5888
Buonato Granite & Marble,4.6,9,Granite supplier,"130 Maple St #3, Stoughton, MA 02072",N/A,N/A,N/A,"4WWH+62 Stoughton, Massachusetts",(781) 341-5888
Finest Granite,5.0,9,Granite supplier,"353 Turnpike Rd, Southborough, MA 01772",N/A,N/A,finestgranite.net,"7CQV+W3 Southborough, Massachusetts",(508) 281-0076
Finest Granite,5.0,9,Granite supplier,"353 Turnpike Rd, Southborough, MA 01772",N/A,N/A,finestgranite.net,"7CQV+W3 Southborough, Massachusetts",(508) 281-0076
Finest Granite,5.0,9,Granite supplier,"353 Turnpike Rd, Southborough, MA 01772",N/A,N/A,finestgranite.net,"7CQV+W3 Southborough, Massachusetts",(508) 281-0076
Finest Granite,5.0,9,Granite supplier,"353 Turnpike Rd, Southborough, MA 01772",N/A,N/A,finestgranite.net,"7CQV+W3 Southborough, Massachusetts",(508) 281-0076
"Stonegate Marble & Granite, Inc.",4.5,16,Granite supplier,"75 Worcester-Providence Turnpike, Sutton, MA 01590",N/A,N/A,stonegatemarbleandgranite.com,"5792+HR Sutton, Massachusetts",(508) 865-9800
New Bridge Granite,5.0,37,Granite supplier,"329 W Main St, Northborough, MA 01532",N/A,N/A,newbridgegranite.com,"884Q+CQ Northborough, Massachusetts",(508) 351-6006
New Bridge Granite,5.0,37,Granite supplier,"329 W Main St, Northborough, MA 01532",N/A,N/A,newbridgegranite.com,"884Q+CQ Northborough, Massachusetts",(508) 351-6006
New Bridge Granite,5.0,37,Granite supplier,"329 W Main St, Northborough, MA 01532",N/A,N/A,newbridgegranite.com,"884Q+CQ Northborough, Massachusetts",(508) 351-6006
New Bridge Granite,5.0,37,Granite supplier,"329 W Main St, Northborough, MA 01532",N/A,N/A,newbridgegranite.com,"884Q+CQ Northborough, Massachusetts",(508) 351-6006
Revolution Granite,5.0,N/A,Granite supplier,"9 Progress Ave, Chelmsford, MA 01824",N/A,N/A,N/A,"HMWH+V4 Chelmsford, Massachusetts",(978) 863-0003
Revolution Granite,5.0,N/A,Granite supplier,"9 Progress Ave, Chelmsford, MA 01824",N/A,N/A,N/A,"HMWH+V4 Chelmsford, Massachusetts",(978) 863-0003
Revolution Granite,5.0,N/A,Granite supplier,"9 Progress Ave, Chelmsford, MA 01824",N/A,N/A,N/A,"HMWH+V4 Chelmsford, Massachusetts",(978) 863-0003
Revolution Granite,5.0,N/A,Granite supplier,"9 Progress Ave, Chelmsford, MA 01824",N/A,N/A,N/A,"HMWH+V4 Chelmsford, Massachusetts",(978) 863-0003
Ultimate Stone Surfaces,5.0,51,Granite supplier,"694 Mt Auburn St #2, Watertown, MA 02472",N/A,Closed ⋅ Opens 6AM MonUpdated by others 6 weeks agoSee more hours,ultimatestonessurfaces.com,"9RFV+4J Watertown, Massachusetts",(617) 744-9016
Ultimate Stone Surfaces,5.0,51,Granite supplier,"694 Mt Auburn St #2, Watertown, MA 02472",N/A,Closed ⋅ Opens 6AM MonUpdated by others 6 weeks agoSee more hours,ultimatestonessurfaces.com,"9RFV+4J Watertown, Massachusetts",(617) 744-9016
Ultimate Stone Surfaces,5.0,51,Granite supplier,"694 Mt Auburn St #2, Watertown, MA 02472",N/A,Closed ⋅ Opens 6AM MonUpdated by others 6 weeks agoSee more hours,ultimatestonessurfaces.com,"9RFV+4J Watertown, Massachusetts",(617) 744-9016
TBR Marble & Granite,3.7,3,Granite supplier,"9 Spring Brook Rd, Foxborough, MA 02035",N/A,N/A,tbrmarblegranite.com,N/A,(508) 543-9487
First Class Marble & Granite Inc,5.0,6,Marble contractor,"297 Auburn St, Auburndale, MA 02466",N/A,N/A,firstclassmarble.com,"8QW3+P4 Auburndale, Newton, MA",(617) 527-2558
First Class Marble & Granite Inc,5.0,6,Marble contractor,"297 Auburn St, Auburndale, MA 02466",N/A,N/A,firstclassmarble.com,"8QW3+P4 Auburndale, Newton, MA",(617) 527-2558
First Class Marble & Granite Inc,5.0,6,Marble contractor,"297 Auburn St, Auburndale, MA 02466",N/A,N/A,firstclassmarble.com,"8QW3+P4 Auburndale, Newton, MA",(617) 527-2558
Italmarble Co Inc,5.0,18,Countertop store,"500 Lynnway, Lynn, MA 01905",N/A,N/A,italmarble.com,"F24V+5F Lynn, Massachusetts",(781) 595-4859
Italmarble Co Inc,5.0,18,Countertop store,"500 Lynnway, Lynn, MA 01905",N/A,N/A,italmarble.com,"F24V+5F Lynn, Massachusetts",(781) 595-4859
Italmarble Co Inc,5.0,18,Countertop store,"500 Lynnway, Lynn, MA 01905",N/A,N/A,italmarble.com,"F24V+5F Lynn, Massachusetts",(781) 595-4859
All In Stone Inc,5.0,10,Granite supplier,"7 Turnpike Rd, Southborough, MA 01772",N/A,N/A,allinstoneinc.com,"7GW4+Q6 Southborough, Massachusetts",(508) 381-1901
All In Stone Inc,5.0,10,Granite supplier,"7 Turnpike Rd, Southborough, MA 01772",N/A,N/A,allinstoneinc.com,"7GW4+Q6 Southborough, Massachusetts",(508) 381-1901
All In Stone Inc,5.0,10,Granite supplier,"7 Turnpike Rd, Southborough, MA 01772",N/A,N/A,allinstoneinc.com,"7GW4+Q6 Southborough, Massachusetts",(508) 381-1901
Discover Surfaces,4.9,497,Granite supplier,"1 Latti Farm Rd, Millbury, MA 01527",N/A,N/A,discovermarble.com,"669G+V4 Millbury, Massachusetts",(508) 438-6900
Discover Surfaces,4.9,497,Granite supplier,"1 Latti Farm Rd, Millbury, MA 01527",N/A,N/A,discovermarble.com,"669G+V4 Millbury, Massachusetts",(508) 438-6900
Discover Surfaces,4.9,497,Granite supplier,"1 Latti Farm Rd, Millbury, MA 01527",N/A,N/A,discovermarble.com,"669G+V4 Millbury, Massachusetts",(508) 438-6900
Granite CountertopPro Inc.,4.9,75,Countertop store,"200 Andover St, Wilmington, MA 01887",N/A,N/A,granitecountertoppro.com,"HVQ3+R4 Wilmington, Massachusetts",(978) 203-0305
Granite CountertopPro Inc.,4.9,75,Countertop store,"200 Andover St, Wilmington, MA 01887",N/A,N/A,granitecountertoppro.com,"HVQ3+R4 Wilmington, Massachusetts",(978) 203-0305
Granite CountertopPro Inc.,4.9,75,Countertop store,"200 Andover St, Wilmington, MA 01887",N/A,N/A,granitecountertoppro.com,"HVQ3+R4 Wilmington, Massachusetts",(978) 203-0305
