name,rating,reviews_count,category,address,location,hours,website,plus_code,phone
LL Flooring - Store Liquidation,4.4,31,Flooring store,"10 West St, West Hatfield, MA 01088",N/A,N/A,llflooring.com,"9997+38 West Hatfield, Massachusetts",(413) 349-4064
Floor & Decor,4.5,24,Flooring store,"420 Boston Turnpike Bld 1, Shrewsbury, MA 01545",N/A,Closed ⋅ Opens 10AMSee more hours,flooranddecor.com,"77GF+25 Shrewsbury, Massachusetts",(508) 925-1034
The Granite Brothers,5.0,52,Countertop store,"43 Mason St, Worcester, MA 01610",N/A,N/A,thegranitebrothers.com,"755J+PC Worcester, Massachusetts",(508) 500-8739
The Granite Brothers,5.0,52,Countertop store,"43 Mason St, Worcester, MA 01610",N/A,N/A,thegranitebrothers.com,"755J+PC Worcester, Massachusetts",(508) 500-8739
STONELINK MARBLE & GRANITE,4.9,134,Countertop store,"70 Fremont St, Worcester, MA 01603",N/A,N/A,stonelinkcorp.com,"65RC+G8 Worcester, Massachusetts",(508) 393-0720
AGF Surfaces,4.9,70,Granite supplier,"10 Nashua St, Worcester, MA 01605",N/A,N/A,agfsurfaces.com,"76M2+9C Worcester, Massachusetts",(508) 757-2178
S.A DESIGN STONE,5.0,2,Countertop store,"521 Main St, Cherry Valley, MA 01611",N/A,N/A,sadesignstone.com,"64Q7+XM Cherry Valley, Leicester, MA",(774) 696-5549
Silva Stone,4.9,47,Marble contractor,"93A Worcester-Providence Turnpike, Millbury, MA 01527",N/A,N/A,silvastone.com,"56VH+HQ Millbury, Massachusetts",(508) 865-5111
"EpoxyArtist-Countertops, Tables, and More",5.0,4,Countertop contractor,"541 Reservoir St, Holden, MA 01520",N/A,N/A,epoxyartistcountertops.com,"84JF+VH Holden, Massachusetts",(508) 494-6367
"EpoxyArtist-Countertops, Tables, and More",5.0,4,Countertop contractor,"541 Reservoir St, Holden, MA 01520",N/A,N/A,epoxyartistcountertops.com,"84JF+VH Holden, Massachusetts",(508) 494-6367
Home Outlet,4.4,120,Home improvement store,"77 Southbridge St, Auburn, MA 01501",N/A,N/A,homeoutlet.com,"65FH+H2 Auburn, Massachusetts",(508) 791-9201
The Stone Cobblers Counters and Cabinets,4.8,40,Kitchen remodeler,"317 W Boylston St, West Boylston, MA 01583",N/A,N/A,thestonecobblers.com,"86R7+J3 West Boylston, Massachusetts",(774) 261-4445
Affordable Countertop Installers of Auburn,5.0,12,Countertop contractor,"319 Southbridge St, Auburn, MA 01501",N/A,N/A,N/A,"6549+V6 Auburn, Massachusetts",(508) 374-9867
Discover Surfaces,4.9,497,Granite supplier,"1 Latti Farm Rd, Millbury, MA 01527",N/A,N/A,discovermarble.com,"669G+V4 Millbury, Massachusetts",(508) 438-6900
"Galaxy Granite & Marble, Inc.",4.8,54,Countertop store,"370 Hartford Turnpike, Shrewsbury, MA 01545",N/A,N/A,galaxygranite.com,"67XR+X3 Shrewsbury, Massachusetts",(508) 660-2620
Northeast Kitchen and Bathroom,4.7,25,Contractor,"333 Pleasant St Suite 9, Worcester, MA 01609",N/A,N/A,northeastkandb.com,"757P+M8 Worcester, Massachusetts",(617) 650-8814
Universal Countertop,4.8,238,Countertop store,"161 Turnpike Rd, Westborough, MA 01581",N/A,N/A,universalcountertop.com,"79PP+4G Westborough, Massachusetts",(508) 329-5229
Universal Countertop,4.8,238,Countertop store,"161 Turnpike Rd, Westborough, MA 01581",N/A,N/A,universalcountertop.com,"79PP+4G Westborough, Massachusetts",(508) 329-5229
Universal Countertop,4.8,238,Countertop store,"161 Turnpike Rd, Westborough, MA 01581",N/A,N/A,universalcountertop.com,"79PP+4G Westborough, Massachusetts",(508) 329-5229
Stone Top Experts,5.0,2,Countertop contractor,"509 Washington St, Auburn, MA 01501",N/A,N/A,stonetopexperts.com,"55P7+FM Auburn, Massachusetts",(508) 713-5441
Stone Top Experts,5.0,2,Countertop contractor,"509 Washington St, Auburn, MA 01501",N/A,N/A,stonetopexperts.com,"55P7+FM Auburn, Massachusetts",(508) 713-5441
"Precision Stone Works - Marble, Granite, Quartz, Quartzite, Soapstone",5.0,14,Countertop store,"224 Cherry St Office C, Shrewsbury, MA 01545",N/A,N/A,precisionstone.works,"777X+PX Shrewsbury, Massachusetts",(508) 474-3020
"Precision Stone Works - Marble, Granite, Quartz, Quartzite, Soapstone",5.0,14,Countertop store,"224 Cherry St Office C, Shrewsbury, MA 01545",N/A,N/A,precisionstone.works,"777X+PX Shrewsbury, Massachusetts",(508) 474-3020
Granite Guy Inc,5.0,140,Granite supplier,"43 Turnpike Rd, Southborough, MA 01772",N/A,N/A,graniteguyinc.com,"7FWX+98 Southborough, Massachusetts",(508) 460-7900
Granite Guy Inc,5.0,140,Granite supplier,"43 Turnpike Rd, Southborough, MA 01772",N/A,N/A,graniteguyinc.com,"7FWX+98 Southborough, Massachusetts",(508) 460-7900
J&J GRANITE INC,4.9,32,Countertop store,"940 Boston Rd, Springfield, MA 01119",N/A,N/A,jjgranitema.com,"4FQP+7P Springfield, Massachusetts",(774) 578-8781
"L & R Sales, Inc.",4.6,16,Construction equipment supplier,"1040 Southbridge St, Worcester, MA 01610",N/A,N/A,landrsales.com,"65JJ+7M Worcester, Massachusetts",(800) 252-8671
Counter Revolution Inc,5.0,5,Countertop store,"218 Willard St, Leominster, MA 01453",N/A,N/A,google.com,"F7W7+79 Leominster, Massachusetts",(978) 337-1027
Counter Revolution Inc,5.0,5,Countertop store,"218 Willard St, Leominster, MA 01453",N/A,N/A,google.com,"F7W7+79 Leominster, Massachusetts",(978) 337-1027
Dominguez Stoneworks,5.0,79,Countertop store,"6 Old Palmer Rd, Brimfield, MA 01010",N/A,N/A,dominguezstoneworks.com,"4PCX+JR Brimfield, Massachusetts",(413) 245-1508
Floors & Kitchens Today,4.3,75,Flooring store,"470 Southbridge St, Auburn, MA 01501",N/A,N/A,floorsandkitchenstoday.com,"55X4+7Q Auburn, Massachusetts",(508) 762-1680
Floors & Kitchens Today,4.3,75,Flooring store,"470 Southbridge St, Auburn, MA 01501",N/A,N/A,floorsandkitchenstoday.com,"55X4+7Q Auburn, Massachusetts",(508) 762-1680
"Scott's Siding & Remodeling Co., Inc.",4.8,41,Siding contractor,"70 James St #127a, Worcester, MA 01603",N/A,N/A,scottssidingandremodeling.com,"65J2+Q3 Worcester, Massachusetts",(508) 752-3388
"Scott's Siding & Remodeling Co., Inc.",4.8,41,Siding contractor,"70 James St #127a, Worcester, MA 01603",N/A,N/A,scottssidingandremodeling.com,"65J2+Q3 Worcester, Massachusetts",(508) 752-3388
Cardona Builders,4.6,21,General contractor,"120 Stafford St #204, Worcester, MA 01603",N/A,N/A,cardonabuilders.com,"65Q4+Q6 Worcester, Massachusetts",(774) 276-9738
Sterling Surfaces,4.7,16,Countertop store,"76 Leominster Rd, Sterling, MA 01564",N/A,N/A,sterlingsurfaces.com,"C6WX+WH Sterling, Massachusetts",(978) 422-3321
Feature Marble Granite,2.0,4,Granite supplier,"28 Piedmont St, Worcester, MA 01610",N/A,N/A,featuremarblegranite.com,"755Q+58 Worcester, Massachusetts",(508) 779-7727
Feature Marble Granite,2.0,4,Granite supplier,"28 Piedmont St, Worcester, MA 01610",N/A,N/A,featuremarblegranite.com,"755Q+58 Worcester, Massachusetts",(508) 779-7727
Ideal Kitchens,4.7,15,Kitchen remodeler,"16 Lancaster St, West Boylston, MA 01583",N/A,N/A,ideal-kitchens.com,"96GG+R7 West Boylston, Massachusetts",(508) 835-6767
Ideal Kitchens,4.7,15,Kitchen remodeler,"16 Lancaster St, West Boylston, MA 01583",N/A,N/A,ideal-kitchens.com,"96GG+R7 West Boylston, Massachusetts",(508) 835-6767
Santo C. DeSpirt Marble & Granite,4.9,45,Granite supplier,"44 N Ramah Cir, Agawam, MA 01001",N/A,N/A,santocdespirt.com,"39P9+W7 Agawam, Massachusetts",(413) 786-7073
Santo C. DeSpirt Marble & Granite,4.9,45,Granite supplier,"44 N Ramah Cir, Agawam, MA 01001",N/A,N/A,santocdespirt.com,"39P9+W7 Agawam, Massachusetts",(413) 786-7073
Aparicio Kitchen Designs Inc,4.7,12,Kitchen remodeler,"509 Washington St, Auburn, MA 01501",N/A,N/A,akitchendesign.com,"55P7+FM Auburn, Massachusetts",(508) 459-2148
Aparicio Kitchen Designs Inc,4.7,12,Kitchen remodeler,"509 Washington St, Auburn, MA 01501",N/A,N/A,akitchendesign.com,"55P7+FM Auburn, Massachusetts",(508) 459-2148
Dimension Stone Inc,4.7,14,Marble supplier,"567 Hartford Turnpike, Shrewsbury, MA 01545",N/A,N/A,thedimensionstone.com,"7862+GM Shrewsbury, Massachusetts",(508) 845-8060
Dimension Stone Inc,4.7,14,Marble supplier,"567 Hartford Turnpike, Shrewsbury, MA 01545",N/A,N/A,thedimensionstone.com,"7862+GM Shrewsbury, Massachusetts",(508) 845-8060
Bridgers Construction,5.0,7,General contractor,"9 Boynton Pkwy, Paxton, MA 01612",N/A,N/A,N/A,"74P9+52 Paxton, Massachusetts",(774) 262-3904
Bridgers Construction,5.0,7,General contractor,"9 Boynton Pkwy, Paxton, MA 01612",N/A,N/A,N/A,"74P9+52 Paxton, Massachusetts",(774) 262-3904
"Shrewsbury Marble & Granite, Inc.",3.9,24,Granite supplier,"620 Boston Turnpike, Shrewsbury, MA 01545",N/A,N/A,shrewsburymarbleandgranite.com,"77GV+G2 Shrewsbury, Massachusetts",(508) 842-9800
"Shrewsbury Marble & Granite, Inc.",3.9,24,Granite supplier,"620 Boston Turnpike, Shrewsbury, MA 01545",N/A,N/A,shrewsburymarbleandgranite.com,"77GV+G2 Shrewsbury, Massachusetts",(508) 842-9800
Antonio's Marble and Granite,5.0,10,Countertop store,"43 Sun St, Waltham, MA 02453",N/A,N/A,N/A,"9QC3+CW Waltham, Massachusetts",(781) 603-9235
Antonio's Marble and Granite,5.0,10,Countertop store,"43 Sun St, Waltham, MA 02453",N/A,N/A,N/A,"9QC3+CW Waltham, Massachusetts",(781) 603-9235
Traditional Marble Granite & Cabinets,5.0,2,Granite supplier,"123 Paine St, Worcester, MA 01605",N/A,N/A,N/A,"76P5+G3 Worcester, Massachusetts",(774) 242-2645
Rocky's Ace Hardware,4.4,157,Hardware store,"393 Chandler St, Worcester, MA 01602",N/A,N/A,acehardware.com,"7579+C8 Worcester, Massachusetts",(774) 420-2688
Rocky's Ace Hardware,4.4,157,Hardware store,"393 Chandler St, Worcester, MA 01602",N/A,N/A,acehardware.com,"7579+C8 Worcester, Massachusetts",(774) 420-2688
Rocky's Ace Hardware,4.4,157,Hardware store,"393 Chandler St, Worcester, MA 01602",N/A,N/A,acehardware.com,"7579+C8 Worcester, Massachusetts",(774) 420-2688
Rocky's Ace Hardware,4.5,95,Hardware store,"160 Reservoir St, Holden, MA 01520",Located in: Holden Commons,N/A,rockys.com,"84VP+VW Holden, Massachusetts",(508) 210-0647
Rocky's Ace Hardware,4.5,95,Hardware store,"160 Reservoir St, Holden, MA 01520",Located in: Holden Commons,N/A,rockys.com,"84VP+VW Holden, Massachusetts",(508) 210-0647
F.W. Webb Company - Auburn,4.3,76,Plumbing supply store,"33 Sword St, Auburn, MA 01501",N/A,N/A,fwwebb.com,"65FC+34 Auburn, Massachusetts",(508) 757-9322
F.W. Webb Company - Auburn,4.3,76,Plumbing supply store,"33 Sword St, Auburn, MA 01501",N/A,N/A,fwwebb.com,"65FC+34 Auburn, Massachusetts",(508) 757-9322
Affordable Countertop Contractors of Worcester,N/A,N/A,Countertop contractor,"50 SW Cutoff, Worcester, MA 01604",Located in: Southwest Commons,N/A,N/A,"67Q2+QR Worcester, Massachusetts",(774) 341-5041
Affordable Countertop Contractors of Worcester,N/A,N/A,Countertop contractor,"50 SW Cutoff, Worcester, MA 01604",Located in: Southwest Commons,N/A,N/A,"67Q2+QR Worcester, Massachusetts",(774) 341-5041
Worcester Marble & Granite,4.7,38,Granite supplier,"315 N Main St, Middleton, MA 01949",N/A,N/A,wmgtops.com,"JWCX+66 Middleton, Massachusetts",(978) 767-8353
Ed Hyder's Mediterranean Marketplace,4.8,380,Gourmet grocery store,"408 Pleasant St, Worcester, MA 01609",N/A,N/A,edhyders.com,"757M+8M Worcester, Massachusetts",(508) 755-0258
Floor & Decor,4.5,24,Flooring store,"420 Boston Turnpike Bld 1, Shrewsbury, MA 01545",N/A,Closed ⋅ Opens 10AMSee more hours,flooranddecor.com,"77GF+25 Shrewsbury, Massachusetts",(508) 925-1034
Floor & Decor,4.5,24,Flooring store,"420 Boston Turnpike Bld 1, Shrewsbury, MA 01545",N/A,Closed ⋅ Opens 10AMSee more hours,flooranddecor.com,"77GF+25 Shrewsbury, Massachusetts",(508) 925-1034
Percy's TV & Appliances,4.8,1216,Appliance store,"19 Glennie St, Worcester, MA 01605",N/A,N/A,percys.com,"75PV+2J Worcester, Massachusetts",(508) 438-6800
Percy's TV & Appliances,4.8,1216,Appliance store,"19 Glennie St, Worcester, MA 01605",N/A,N/A,percys.com,"75PV+2J Worcester, Massachusetts",(508) 438-6800
Arts Marble & Granite,N/A,N/A,Countertop store,"279 Brigham St, Hudson, MA 01749",N/A,N/A,N/A,"9CC7+PX Hudson, Massachusetts",(508) 203-0064
Home Outlet,4.4,77,Home improvement store,"4 Airport Rd, Dudley, MA 01571",Located in: Dudley Plaza Shopping Center,N/A,homeoutlet.com,"23VQ+34 Dudley, Massachusetts",(508) 671-9121
Home Outlet,4.4,77,Home improvement store,"4 Airport Rd, Dudley, MA 01571",Located in: Dudley Plaza Shopping Center,N/A,homeoutlet.com,"23VQ+34 Dudley, Massachusetts",(508) 671-9121
