name,rating,reviews_count,category,address,location,hours,website,plus_code,phone
iKitchens Etc,4.7,32,Kitchen remodeler,"321 E Falmouth Hwy, East Falmouth, MA 02536",N/A,N/A,ikitchensetc.com,"HCHQ+C5 East Falmouth, Falmouth, MA",(508) 457-1530
"Rock Pond - Kitchens, Baths and Home Renovations.",5.0,10,Kitchen remodeler,"61 Pine St, Vineyard Haven, MA 02568",N/A,N/A,rockpondkitchens.com,"F94R+4H Vineyard Haven, Tisbury, MA",(774) 253-3828
H2o Kitchen & Bath Design Center,4.7,13,Bathroom remodeler,"79 Davis Straits Unit A, Falmouth, MA 02540",N/A,N/A,h2obathtilemore.com,"HC52+M8 Falmouth, Massachusetts",(508) 548-8453
Falmouth Kitchen Korner,4.9,7,Contractor,"205 Worcester Ct Ste 7B, Falmouth, MA 02540",N/A,N/A,falmouthkitchenkorner.com,"HC53+Q5 Falmouth, Massachusetts",(508) 540-6484
Bayside Kitchen & Bath,5.0,3,Kitchen remodeler,"118 Tanglewood Dr, East Falmouth, MA 02536",N/A,N/A,baysidekitchens.com,"HCMC+WH East Falmouth, Falmouth, MA",(508) 457-5900
Coastal Creations Kitchen and Bath,4.0,4,Kitchen remodeler,"395 State Rd, Vineyard Haven, MA 02568",N/A,N/A,coastalcreationskb.com,"C9WM+RH Vineyard Haven, Tisbury, MA",(508) 338-7106
French Accent Kitchen and Bath Martha's Vineyard,5.0,3,Kitchen remodeler,"79 Beach Rd, Vineyard Haven, MA 02568",Located in: Tisbury Market Place,N/A,frenchaccentmv.com,"FC22+MH Vineyard Haven, Tisbury, MA",(508) 687-9812
Cape Home Kitchen & Bath,5.0,17,Kitchen remodeler,"1379 MA-28A Unit A3, Cataumet, MA 02534",N/A,N/A,capehomekitchen.com,"M95R+QM Cataumet, Bourne, MA",(508) 566-8917
Octopus Home Improvements,5.0,15,Contractor,"192 Palmer Ave, Falmouth, MA 02540",N/A,N/A,octopushomepro.com,"H95H+8P Falmouth, Massachusetts",(781) 924-9535
Bayside Kitchen & Bath Center,N/A,N/A,Kitchen remodeler,"419 Palmer Ave, Falmouth, MA 02540",N/A,N/A,N/A,"H97J+MM Falmouth, Massachusetts",(508) 457-5900
Saltwater Woodworks,5.0,N/A,Kitchen remodeler,"360 Main St, Falmouth, MA 02540",N/A,N/A,N/A,"H92Q+W2 Falmouth, Massachusetts",(774) 255-1729
SETUP REMODELING INC | BATH & KITCHEN REMODELING,5.0,23,General contractor,"72 Cash St, Fall River, MA 02723",N/A,N/A,setupremodeling.com,"MVQ8+W4 Fall River, Massachusetts",(800) 530-4099
Landers Construction Company,5.0,N/A,General contractor,"75 Manchester Ave, Oak Bluffs, MA 02557",N/A,N/A,landersconstructioncompany.com,"CCQ9+P3 Oak Bluffs, Massachusetts",(508) 685-4628
Thomas Michaels Design Remodel,4.8,48,Kitchen remodeler,"3127 Cranberry Hwy, East Wareham, MA 02538",N/A,N/A,tmkitchens.com,"Q936+P6 East Wareham, Wareham, MA",(508) 295-1311
Kitchen & Bath Gallery,5.0,6,Plumbing supply store,"343 Dillingham Ave, Falmouth, MA 02540",N/A,N/A,kitchenbathgallery.com,"H94X+JF Falmouth, Massachusetts",(508) 457-9720
Longfellow Design Build Falmouth,4.4,62,Home builder,"367 Main St, Falmouth, MA 02540",N/A,N/A,longfellowdb.com,"H92Q+R3 Falmouth, Massachusetts",(774) 255-1709
Kitchen Tech Inc,4.6,12,Kitchen remodeler,"28 MA-6A, Sandwich, MA 02563",N/A,N/A,capecodkitchentech.com,"QF8M+5G Sandwich, Massachusetts",N/A
Sandwich Kitchens & Construction,5.0,15,Kitchen remodeler,"5 Winnies Way, East Sandwich, MA 02537",N/A,N/A,sandwichkitchens.com,"PHC8+PC East Sandwich, Sandwich, MA",(508) 574-2002
JR Construction & Sons Inc.,4.0,N/A,General contractor,"471 Edgartown-Vineyard Haven Rd, Edgartown, MA 02539",N/A,N/A,jrconstructionandsons.com,"CF22+69 Edgartown, Massachusetts",(617) 462-4137
Affordable Cabinets of Cape Cod,5.0,9,Kitchen remodeler,"300 Nathan Ellis Hwy #40, Mashpee, MA 02649",N/A,N/A,affordablecabinetsofcapecod.com,"JF7P+5J Mashpee, Massachusetts",(508) 215-8805
Pano's Home Pros,5.0,10,General contractor,"1913 Purchase St 2 floor, New Bedford, MA 02740",N/A,N/A,panoshomepros.com,"M32C+F5 New Bedford, Massachusetts",(774) 473-3221
Cape & Island Kitchens,4.9,113,Kitchen remodeler,"99 State Rd, Sagamore Beach, MA 02562",N/A,N/A,capekitchens.com,"QFR4+GC Sagamore Beach, Bourne, MA",(508) 888-4762
Kitchens By Design,N/A,N/A,Kitchen remodeler,"270 Huttleston Ave, Fairhaven, MA 02719",N/A,N/A,kbdsouthcoast.com,"J4VH+FH Fairhaven, Massachusetts",(508) 992-9200
George Sebesta Renovations,5.0,N/A,General contractor,"8 Longmeadow Rd, Dartmouth, MA 02747",N/A,N/A,georgesebesta.com,"HXQX+53 Dartmouth, Massachusetts",(508) 889-5678
Artisan Kitchens Inc.,5.0,10,Kitchen remodeler,"937A Main St, Osterville, MA 02655",N/A,N/A,artisankitchensinc.com,"JJJ6+4Q Osterville, Barnstable, MA",(508) 428-8828
B and B Home Improvements,5.0,19,General contractor,"61 Lagoon Pond Rd, Vineyard Haven, MA 02568",N/A,N/A,bandbhomeimprovements.com,"F92X+QH Vineyard Haven, Tisbury, MA",(774) 563-9798
Emerald City Kitchen & Bath,4.5,21,Kitchen remodeler,"2307 State Rd, Plymouth, MA 02360",N/A,N/A,emeraldcityllc.com,"RC8X+X2 Plymouth, Massachusetts",(774) 338-7453
"Cedrone Contracting, Inc.",4.8,13,Contractor,"13 Steeple St, Mashpee, MA 02649",Located in: Mashpee Commons,N/A,cedrone-contracting.com,"JG85+9V Mashpee, Massachusetts",(508) 544-0168
Cape Cod Renovation,4.8,48,Construction company,"1645 Falmouth Rd #4f, Centerville, MA 02632",Located in: Bayberry Square,N/A,capecodrenovation.com,"MM43+H7 Centerville, Barnstable, MA",(774) 234-7776
re:fab,4.8,44,Painter,"1167-1177 Ashley Blvd, New Bedford, MA 02745",N/A,N/A,refabpro.com,"M3V7+2W New Bedford, Massachusetts",(833) 807-3322
Magnos Carpentry,N/A,N/A,Carpenter,"26 Mares Pond Dr, East Falmouth, MA 02536",N/A,N/A,magnocarpentry.com,"HCP2+W4 East Falmouth, Falmouth, MA",(508) 656-4166
M Duffany Builders,4.4,9,General contractor,"200 Palmer Ave, Falmouth, MA 02540",N/A,N/A,duffanybuilders.com,"H95H+8W Falmouth, Massachusetts",(508) 540-3625
VINEYARD HOME IMPROVEMENTS,5.0,9,General contractor,"18 Martin Rd, Vineyard Haven, MA 02568",N/A,N/A,vhimprovements.com,"F92Q+7Q Vineyard Haven, Tisbury, MA",(508) 560-5054
Ocean Kitchen and Bathworks LLC,5.0,7,Remodeler,"802 MacArthur Blvd Suite 101, Pocasset, MA 02559",N/A,N/A,oceankitchenandbathworks.com,"MCQ5+7C Pocasset, Bourne, MA",(508) 566-8937
Cape & Island Kitchens,4.9,57,Kitchen remodeler,"153 Iyannough Rd, Hyannis, MA 02601",N/A,N/A,capekitchens.com,"MP5F+RJ Hyannis, Barnstable, MA",(508) 775-3664
White Wood Kitchens,5.0,14,Kitchen remodeler,"160 MA-6A, Sandwich, MA 02563",N/A,N/A,whitewoodkitchen.com,"QG46+55 Sandwich, Massachusetts",(774) 413-5065
"Russell Mill Remodeling, LLC",5.0,15,General contractor,"51R Old Bog Rd, Plymouth, MA 02360",N/A,N/A,russellmillremodeling.com,"V8WP+FC Plymouth, Massachusetts",(508) 524-3266
CPP Kitchen & Bath Design Showroom of Cape Cod,4.9,12,Kitchen remodeler,"394 Main St Ste 2, West Dennis, MA 02670",N/A,Closed ⋅ Opens 9AM TueSee more hours,cppkitchenbath.com,"MR8M+45 West Dennis, Dennis, MA",(508) 619-6130
The Finish Team,5.0,17,Custom home builder,"839 Shootflying Hill Rd, Centerville, MA 02632",N/A,N/A,finishteamcapecod.com,"MJCW+CX Centerville, Barnstable, MA",(774) 521-5613
Alton Barnes,5.0,6,Carpenter,"197 Palmer Ave Unit #125, Falmouth, MA 02540",N/A,N/A,paintingproject.com,"H95J+74 Falmouth, Massachusetts",N/A
Robert A. Furtado Carpenter-Contractor,5.0,N/A,Remodeler,"23 Bellevue St, Fairhaven, MA 02719",N/A,N/A,N/A,"J3VX+QQ Fairhaven, Massachusetts",(508) 992-6622
Duncan Kitchen & Bath,4.8,35,Kitchen remodeler,"239 Liberty St, Hanson, MA 02341",N/A,N/A,duncankitchenandbath.com,"34CF+3P Hanson, Massachusetts",(781) 293-1121
Kitchens And Baths,5.0,4,Contractor,"54 Nauset St, New Bedford, MA 02746",N/A,N/A,kitchensandbathsmattapoisett.com,"M366+Q8 New Bedford, Massachusetts",(508) 993-1748
Tigo Builders Inc.,4.7,13,Custom home builder,"230 Jones Rd Suite 7A, Falmouth, MA 02540",N/A,N/A,tigobuilders.com,"H96Q+FG Falmouth, Massachusetts",(774) 563-9865
Dream Kitchens And More,4.7,27,Kitchen remodeler,"217 Water St, Pembroke, MA 02359",N/A,N/A,dreamkitchensandmore.com,"4639+R3 Pembroke, Massachusetts",(781) 826-9663
Main Street Kitchen and Bath Design,5.0,2,Kitchen remodeler,"6 Bowdoin Rd, Mashpee, MA 02649",Located in: Botello Home Center,N/A,mainstreetbotellos.com,"JGMQ+6M Mashpee, Massachusetts",(508) 477-3132
Advanced Remodeling,4.9,11,Construction company,"583 Forest Rd #1, West Yarmouth, MA 02673",N/A,N/A,advbuilds.co,"MQMH+PW West Yarmouth, Yarmouth, MA",(508) 978-3232
Southcoast Kitchen Designs,5.0,7,Kitchen remodeler,"247 Tremont St Unit B, Carver, MA 02330",N/A,N/A,southcoastkitchens.com,"R7R3+97 Carver, Massachusetts",(508) 465-1476
Affordable Quality Kitchens & Stone,4.3,22,Kitchen remodeler,"625 County St, Taunton, MA 02780",N/A,N/A,affordablequalitykitchens.com,"VWPJ+5W Taunton, Massachusetts",(508) 823-3630
Hudson Home Renovation,4.9,15,Contractor,"80 Airline Rd, South Dennis, MA 02660",N/A,N/A,hudsonhomerenovation.com,"PR5X+XV South Dennis, Dennis, MA",(508) 694-5419
Synergy Home Improvements,N/A,N/A,Contractor,"70 E Falmouth Hwy, East Falmouth, MA 02536",N/A,N/A,synergyhomeimprovements.net,"HCHH+HJ East Falmouth, Falmouth, MA",(508) 564-1247
Santos Home Improvement Co Inc,3.5,2,Contractor,"480 Teaticket Hwy, Teaticket, MA 02536",N/A,N/A,N/A,"HCC6+99 Teaticket, Falmouth, MA",(508) 548-1217
Bayside Kitchens,N/A,N/A,Kitchen remodeler,"4 Whimbrel Dr, Bourne, MA 02532",N/A,N/A,N/A,"M95R+6Q Bourne, Massachusetts",(508) 457-5900
Bristol Kitchen Remodelers,N/A,N/A,Kitchen remodeler,"453 Somerset Ave, Taunton, MA 02780",N/A,N/A,bristolkitchenremodelerstaunton.com,"VWM3+VR Taunton, Massachusetts",(774) 504-2484
Kitchens And Bath,4.7,10,Contractor,"33 County Rd, Mattapoisett, MA 02739",Located in: Ropewalk Shops & Cafe,N/A,kitchensandbathsmattapoisett.com,"M57P+FH Mattapoisett, Massachusetts",(508) 758-8693
Capizzi Home Improvement,4.1,35,General contractor,"1645 Santuit-Newtown Rd, Cotuit, MA 02635",N/A,N/A,capizzihome.com,"JHQ3+GC Cotuit, Barnstable, MA",(508) 428-9518
Figueiredo Carpenter & Custom Builder,5.0,2,General contractor,"631 Point Rd, Marion, MA 02738",N/A,N/A,figbuilders.com,"P765+53 Marion, Massachusetts",(508) 509-3789
Dillon Creations Inc.,5.0,8,Cabinet maker,"35 Meshaket way, Oak Bluffs, MA 02557",N/A,N/A,dilloncabinetcompany.com,"CC97+XC Oak Bluffs, Massachusetts",(508) 939-0707
Budget Kitchen Cabinets Cape Cod,5.0,5,Kitchen remodeler,"40 Industry Rd STE 4, Marstons Mills, MA 02648",N/A,N/A,budgetkitchencabinetscapecod.com,"JHXH+X3 Marstons Mills, Barnstable, MA",(617) 955-5006
"Hamblin Homes, INC.",5.0,7,Custom home builder,"44 Scranton Ave, Falmouth, MA 02540",N/A,N/A,hamblinhomes.com,"H92X+X4 Falmouth, Massachusetts",(978) 375-1201
Rock Solid Kitchen and Bath,4.0,18,Kitchen remodeler,"53 Long Pond Rd, Plymouth, MA 02360",N/A,N/A,rocksolidkitchen.com,"W8JR+CC Plymouth, Massachusetts",(774) 404-7883
CPP Home Builders and Remodeling on Cape Cod,5.0,34,Remodeler,"394 Main St Unit 1, West Dennis, MA 02670",N/A,Closed ⋅ Opens 7AM TueSee more hours,cppbuilders.com,"MR8M+55 West Dennis, Dennis, MA",(508) 292-1562
Lewis & Weldon Custom Kitchens,4.4,21,Kitchen remodeler,"111 Airport Rd, Hyannis, MA 02601",N/A,N/A,lewisandweldon.com,"MPC3+VQ Hyannis, Barnstable, MA",(508) 778-5757
Beach House Kitchen & Bath,5.0,2,Kitchen remodeler,"1120 MA-28, South Yarmouth, MA 02664",N/A,N/A,beachhousekitchenandbath.com,"MQ7X+7W South Yarmouth, Yarmouth, MA",(508) 326-5700
Clogston Construction & Remodeling,4.7,19,General contractor,"75 Boatwright's Lp, Plymouth, MA 02360",N/A,N/A,clogstonconstructionandremodeling.com,"VCG4+VG Plymouth, Massachusetts",(339) 788-2214
Harding Builders,5.0,4,General contractor,"52 Ichabod Ln, Marion, MA 02738",N/A,N/A,hardingbuilders.net,"P6M9+C4 Marion, Massachusetts",(774) 263-2786
Phoenix Remodeling INC,5.0,7,Painter,"983 dighton woods circle, Dighton, MA 02715",N/A,N/A,g.page,"RV42+8H Dighton, Massachusetts",(617) 820-0216
Correia Kitchens,N/A,N/A,Remodeler,"9 Ventura Dr, Dartmouth, MA 02747",N/A,N/A,correiakitchens.com,"M296+63 Dartmouth, Massachusetts",N/A
"IHS Building and Remodeling, Inc",5.0,7,Remodeler,"32 Buckwood Dr, Hyannis, MA 02601",N/A,N/A,ihsbuilding.com,"MM8R+Q8 Hyannis, Barnstable, MA",(774) 836-6654
Tigo Builders LLC,5.0,3,Contractor,"64 Pine Valley Dr, Falmouth, MA 02540",Located in: Briarwood,N/A,tigobuilders.com,"H9FW+9C Falmouth, Massachusetts",(508) 560-1697
Wise Construction,5.0,2,Construction company,"42 Washington Ave, Vineyard Haven, MA 02568",N/A,N/A,wiseconstructionmv.com,"CCVF+44 Vineyard Haven, Tisbury, MA",(774) 521-8118
Sam Karam & Sons General Contractors Inc,4.7,52,General contractor,"6A Hathaway Rd, Dartmouth, MA 02747",N/A,N/A,samkaramandsons.com,"J2R9+29 Dartmouth, Massachusetts",(508) 997-4746
Sam Karam & Sons General Contractors Inc,4.7,52,General contractor,"6A Hathaway Rd, Dartmouth, MA 02747",N/A,N/A,samkaramandsons.com,"J2R9+29 Dartmouth, Massachusetts",(508) 997-4746
Crafted Design Build,5.0,9,Construction company,"18 Steeple St, Mashpee, MA 02649",N/A,N/A,crafteddesignbuild.org,"JG85+JP Mashpee, Massachusetts",(508) 274-3112
Organic Builders LLC,3.5,2,Kitchen remodeler,"475 Ship Pond Rd, Plymouth, MA 02360",N/A,N/A,organicbuilders.net,"VC9W+82 Plymouth, Massachusetts",(781) 632-3916
South Shore Cabinet & Appliance Center Inc.,5.0,8,Kitchen remodeler,"122 Tremont St, Duxbury, MA 02332",N/A,N/A,southshorecabinet.com,"278J+2Q Duxbury, Massachusetts",(781) 934-0502
"United Kitchen & Bath Designs, Inc",4.0,4,Kitchen remodeler,"1 Huntington Ave #1, South Yarmouth, MA 02664",N/A,N/A,unitedkbd.com,"MQQV+Q7 South Yarmouth, Yarmouth, MA",(508) 760-2023
Land Home Construction,5.0,N/A,General contractor,"1112 Bay St, Fall River, MA 02724",N/A,N/A,landhomeconstructions.com,"MRP8+QM Fall River, Massachusetts",(508) 678-7776
White Wood Kitchens,5.0,3,Kitchen remodeler,"56 Main St, Kingston, MA 02364",N/A,N/A,whitewoodkitchen.com,"X7MW+PR Kingston, Massachusetts",(774) 413-5065
"Kitchen Creations, Inc",3.7,11,Kitchen remodeler,"560 Higgins Crowell Rd, West Yarmouth, MA 02673",N/A,N/A,kitchencreationscc.com,N/A,(508) 775-5311
Woods Remodeling,N/A,N/A,Remodeler,"43 Matthew Way, Marstons Mills, MA 02648",N/A,N/A,N/A,"MHPG+H2 Marstons Mills, Barnstable, MA",(508) 419-7706
Blue Harbor Kitchens+Baths,1.0,N/A,Kitchen remodeler,"12 Hedge Rd, Plymouth, MA 02360",N/A,N/A,blueharborkb.com,"X8G7+VC Plymouth, Massachusetts",(508) 747-8982
Quality Woodworks Inc.,5.0,11,Construction company,"17 Patience Ln, Cotuit, MA 02635",N/A,N/A,qualitywworksinc.com,"JHR8+QR Cotuit, Barnstable, MA",(508) 292-2584
"Belport Building & Remodeling, LLC",4.6,10,Custom home builder,"60 Josiahs Path, West Barnstable, MA 02668",N/A,N/A,belportbuilders.com,"PH6W+H6 West Barnstable, Barnstable, MA",(508) 298-2523
WM Home Improvement,5.0,26,Remodeler,"1550 Falmouth Rd suite 26, Centerville, MA 02632",N/A,N/A,wmhomeimprovements.com,"MM54+4H Centerville, Barnstable, MA",(774) 836-2241
New Bedford Tile Contractors,N/A,N/A,Tile contractor,"1565 Acushnet Ave, New Bedford, MA 02746",N/A,N/A,N/A,"M37C+8G New Bedford, Massachusetts",(508) 905-6207
