name,rating,reviews_count,category,address,location,hours,website,plus_code,phone
KOHLER Signature Store by Supply New England,4.8,70,Bathroom supply store,"7 Tide St, Boston, MA 02210",N/A,N/A,kohlersignaturestoreboston.com,"8XW9+CV Boston, Massachusetts",(617) 202-0068
Public Restrooms,4.0,23,Public bathroom,"Christopher Columbus Park Path, Boston, MA 02110",N/A,N/A,N/A,"9W6X+4H Boston, Massachusetts",N/A
GT Home Improvement,5.0,79,Bathroom remodeler,"350 Lincoln St #2400, Hingham, MA 02043",N/A,N/A,gthomeimprovementma.com,"63XH+HQ Hingham, Massachusetts",(508) 493-2780
KOHLER Signature Store by Supply New England,4.8,70,Bathroom supply store,"7 Tide St, Boston, MA 02210",N/A,N/A,kohlersignaturestoreboston.com,"8XW9+CV Boston, Massachusetts",(617) 202-0068
Public Restroom,5.0,15,Public bathroom,"65 Pearl St, Boston, MA 02110",Located in: Norman B. Leventhal Park,N/A,posquare.com,"9W4V+CV Boston, Massachusetts",N/A
Mary Jeanette Murray Bath House,4.2,6,Public bathroom,"Nantasket Ave, Hull, MA 02045",N/A,N/A,mass.gov,"74CR+PW Hull, Massachusetts",(781) 925-1777
World's End Restroom,5.0,N/A,Public wheelchair-accessible bathroom,"18 Surry Rd, Hingham, MA 02043",Located in: World's End,N/A,N/A,"745G+JV Hingham, Massachusetts",N/A
Tivoli Bath House,4.3,3,Public bathroom,"176 Nantasket Ave, Hull, MA 02045",N/A,N/A,mass.gov,N/A,(781) 925-1777
Perfect Kitchens and Baths,4.5,2,Home goods store,"190 Willard St, Quincy, MA 02169",N/A,N/A,aperfectkitchen.com,"6XX8+M6 Quincy, Massachusetts",(617) 774-0237
Republic's Collection,3.8,19,Bathroom supply store,"286 Bridge St, Weymouth, MA 02191",N/A,N/A,republicscollection.com,"62VW+6C Weymouth, Massachusetts",(781) 331-4811
GF Kitchen & Bath,5.0,54,Kitchen remodeler,"9 School St, Quincy, MA 02169",N/A,N/A,bostoncabinetry.com,"6XWX+4P Quincy, Massachusetts",(617) 770-0090
Bathroom,4.3,22,Public bathroom,"Cambridgeside, 100 Cambridgeside Pl, Cambridge, MA 02141",N/A,N/A,N/A,"9W9F+8C Cambridge, Massachusetts",N/A
City Square Park Interpretive Center Public Restroom,4.8,16,Public bathroom,"City Square, Boston, MA 02129",N/A,N/A,N/A,"9WCQ+GJ Boston, Massachusetts",N/A
Norfolk Kitchen & Bath Braintree,4.4,48,Kitchen remodeler,"265 Wood Rd, Braintree, MA 02184",N/A,N/A,norfolkkitchenandbath.com,"6XC6+27 Braintree, Massachusetts",(781) 848-5333
Winthrop Bathroom Remodeling,5.0,N/A,Bathroom remodeler,"67 Woodside Ave Ste. 103, Winthrop, MA 02152",N/A,N/A,winthropbathroomremodeling.com,"92F7+M9 Winthrop, Massachusetts",(617) 634-8222
Public Restrooms,4.0,21,Public bathroom,"2 S Market St, Boston, MA 02109",Located in: Quincy Market,N/A,N/A,"9W6W+32 Boston, Massachusetts",N/A
Restroom,3.3,3,Public bathroom,"Castle Island, 2010 William J Day Blvd, South Boston, MA 02127",Located in: Castle Island,N/A,N/A,"8XQQ+33 South Boston, Boston, MA",N/A
Edward J. McCormack Bath House,3.6,5,Public bathroom,"165 HarborWalk, Boston, MA 02125",N/A,N/A,N/A,"8XG2+CM Boston, Massachusetts",N/A
2nd Chance Bathroom Remodeling Revere,5.0,N/A,Bathroom remodeler,"10 Sprague St, Revere, MA 02151",N/A,N/A,N/A,"CX5Q+M7 Revere, Massachusetts",(781) 399-8948
Lux Bathroom Remodeling Boston,4.9,12,Bathroom remodeler,"40 Court St, Boston, MA 02108",N/A,N/A,luxbathroomremodelingboston.com,"9W5R+G7 Boston, Massachusetts",(781) 633-6685
Boston Public Market Restrooms,3.9,8,Public bathroom,"Public Market, Hanover St, Boston, MA 02108",N/A,N/A,N/A,"9W6R+XR Boston, Massachusetts",N/A
Boston Public Market Restrooms,3.9,8,Public bathroom,"Public Market, Hanover St, Boston, MA 02108",N/A,N/A,N/A,"9W6R+XR Boston, Massachusetts",N/A
Frank Webb Home - Malden,4.1,13,Bathroom supply store,"700 Broadway, Malden, MA 02148",Located in: F.W. Webb Company - Malden,N/A,frankwebb.com,"CXVC+H2 Malden, Massachusetts",(781) 873-3444
Geos Reglaze,5.0,4,Bathroom remodeler,"124 Spencer Ave #02150, Chelsea, MA 02150",N/A,N/A,geosreglaze.com,"9XXG+5F Chelsea, Massachusetts",(857) 391-9919
Amici Remodeling inc,5.0,4,Bathroom remodeler,"181 Winthrop Shore Dr, Winthrop, MA 02152",N/A,N/A,amiciremodelinginc.com,"92HG+JX Winthrop, Massachusetts",(203) 360-4177
The Hub Remodeling Co,5.0,11,Bathroom remodeler,"68 Harrison Ave 5th Floor, Boston, MA 02111",N/A,N/A,boston-remodeling.com,"9W2Q+CH Boston, Massachusetts",(617) 826-8881
The Hub Remodeling Co,5.0,11,Bathroom remodeler,"68 Harrison Ave 5th Floor, Boston, MA 02111",N/A,N/A,boston-remodeling.com,"9W2Q+CH Boston, Massachusetts",(617) 826-8881
Blu's Shower Door,4.8,10,Window installation service,"814 Chief Justice Cushing Hwy, Cohasset, MA 02025",N/A,N/A,blusshowerdoor.com,"6692+R9 Cohasset, Massachusetts",(781) 424-1699
Scavolini Store Boston,5.0,N/A,Cabinet store,"The Innovation and Design Building, 1 Design Center Pl #237, Boston, MA 02210",N/A,N/A,cucinamoda.com,"8XV9+PQ Boston, Massachusetts",(857) 284-7334
Waterworks - Boston Showroom,1.0,N/A,Bathroom supply store,"1 Design Center Pl suite 19-120w, Boston, MA 02210",N/A,N/A,waterworks.com,"8XV9+Q2 Boston, Massachusetts",(617) 951-2496
Divine Design Center,5.0,61,Cabinet store,"2 Battery Wharf, Boston, MA 02109",N/A,N/A,divinedesigncenter.com,"9W8X+MC Boston, Massachusetts",(617) 443-0700
Murray Design,4.1,13,Bathroom supply store,"134 Mystic Ave, Medford, MA 02155",N/A,N/A,murraybath.com,"CV6V+6J Medford, Massachusetts",(781) 395-3333
Restroom in Boston Common Visitor Center,4.3,19,Public bathroom,"139 Tremont St, Boston, MA 02108",Located in: Boston Common Visitors Center,N/A,N/A,"9W4P+5C Boston, Massachusetts",N/A
Republic Plumbing Supply Co,3.7,35,Plumbing supply store,"20 Raymond St, Quincy, MA 02169",N/A,N/A,republicsupplyco.com,"7224+79 Quincy, Massachusetts",(617) 472-6345
In House Kitchen Design,4.9,39,Cabinet store,"415 Neponset Ave, Dorchester, MA 02122",N/A,N/A,inhousekitchendesign.com,"7XP4+CH Dorchester, Boston, MA",(617) 420-5421
In House Kitchen Design,4.9,39,Cabinet store,"415 Neponset Ave, Dorchester, MA 02122",N/A,N/A,inhousekitchendesign.com,"7XP4+CH Dorchester, Boston, MA",(617) 420-5421
Boston Bath- Buy Local Online,4.3,6,Bathroom supply store,"875 Morton St, Mattapan, MA 02126",N/A,N/A,bostonbath.com,"7WH7+QX Mattapan, Boston, MA",(617) 433-1261
Divine Design+Build,5.0,7,Kitchen remodeler,"2 Battery Wharf, Boston, MA 02109",N/A,N/A,divinedesignbuild.com,"9W8X+PC Boston, Massachusetts",(617) 749-0404
Frank Webb Home - Boston,3.1,8,Bathroom supply store,"101 Hampden St, Boston, MA 02119",N/A,N/A,frankwebb.com,"8WHF+WW Boston, Massachusetts",(617) 933-0666
David Cook Comfort Station,3.9,16,Public bathroom,"200 Hull Shore Dr, Hull, MA 02045",N/A,N/A,mass.gov,"74HM+RF Hull, Massachusetts",(781) 925-1777
Norfolk Kitchen & Bath Boston,4.4,44,Kitchen remodeler,"999 Morton St, Boston, MA 02126",N/A,N/A,norfolkkitchenandbath.com,"7WH9+9W Boston, Massachusetts",(617) 296-6600
Finishing Touch Building and remodeling,5.0,3,Bathroom remodeler,"45 Saning Rd, Weymouth, MA 02191",N/A,N/A,ftbuilt.com,"63P3+9Q Weymouth, Massachusetts",(781) 335-6567
Cabinets To Go,4.3,87,Cabinet store,"236 Wood Rd, Braintree, MA 02184",N/A,N/A,cabinetstogo.com,"6X96+XP Braintree, Massachusetts",(781) 267-7100
America Trust Builders Bathroom Remodeler and Renovation,5.0,3,Bathroom remodeler,"51 Overlook Ridge Dr, Malden, MA 02148",N/A,N/A,americatrustbuilders.com,"CXRF+FJ Malden, Massachusetts",(617) 756-4124
CJ Home Services Inc.,5.0,54,Painting,"250 Maverick St, Boston, MA 02128",N/A,Open ⋅ Closes 5PMSee more hours,cjhomeservicesboston.com,"9X98+77 Boston, Massachusetts",(339) 532-7870
Revere Beach Reservation - Shirley Avenue Bath House,4.3,12,Public bathroom,"350 Revere Beach Blvd, Revere, MA 02151",Located in: Revere Beach,N/A,mass.gov,"C245+FG Revere, Massachusetts",N/A
Ferguson Plumbing Supply,3.3,15,Bathroom supply store,"94 Liberty St, Quincy, MA 02169",N/A,N/A,ferguson.com,N/A,(617) 471-7003
Ferguson Plumbing Supply,3.3,15,Plumbing supply store,"94 Liberty St, Quincy, MA 02169",N/A,N/A,ferguson.com,"6XQR+3V Quincy, Massachusetts",(617) 471-7003
DK remodeling,5.0,2,Remodeler,"516 E 3rd St, Boston, MA 02127",N/A,N/A,N/A,"8XP6+J9 Boston, Massachusetts",(617) 894-1815
"Iwano and Sons Construction, Inc.",5.0,44,Kitchen remodeler,"399 Ferry St B, Everett, MA 02149",Located in: Samy's Convenience Store,N/A,iwanosons.com,"CX82+QF Everett, Massachusetts",(781) 435-2126
A-Z Finish Carpentry,4.8,23,Kitchen remodeler,"52 Crest Ave Suite 7A, Winthrop, MA 02152",N/A,N/A,azfinishcarpentry.com,"92PG+66 Winthrop, Massachusetts",(954) 621-5966
Bill Shea's Replacement Countertops,4.2,25,Countertop store,"11 Lebanon St, Quincy, MA 02169",N/A,N/A,billsheas.com,"62XC+54 Quincy, Massachusetts",(888) 267-4269
Dover Stone Granite,4.8,26,Granite supplier,"1247 N Shore Rd, Revere, MA 02151",Located in: Wonderland Convenience Store,N/A,doverstonegraniteinc.com,"C285+34 Revere, Massachusetts",(781) 629-7094
Ranierry Tile installation INC,5.0,32,Tile contractor,"3 Avalon Ave, Quincy, MA 02169",N/A,N/A,ranierrytile.com,"62XF+6X Quincy, Massachusetts",(781) 299-4598
"Sticks & Stones Kitchens, Bath and Interior Design",N/A,N/A,Kitchen remodeler,"344 Gannett Rd, Scituate, MA 02066",N/A,N/A,sticksandstoneskitchens.com,"6698+W8 Scituate, Massachusetts",(508) 789-7435
Orlando Home Improvement LLC | Remodeling | Painting | bathroom remodeling | Deck Builder | Boston MA,5.0,N/A,Remodeler,"204 Chestnut St, Chelsea, MA 02150",N/A,N/A,orlandohomeimprovement.us,"9XV7+28 Chelsea, Massachusetts",(857) 346-5826
JP Tile Installation Corp,5.0,7,Tile contractor,"27 Carleton St, Revere, MA 02151",N/A,N/A,jptileinstallationcorp.net,"CX8V+WG Revere, Massachusetts",(617) 959-9362
South Shore Granite,4.0,27,Countertop store,"29 Adams St, Braintree, MA 02184",N/A,N/A,southshoregranite.com,"62F3+RW Braintree, Massachusetts",(781) 927-9416
F&S Home Improvement,5.0,N/A,General contractor,"66 W Eagle St, East Boston, MA 02128",N/A,N/A,N/A,N/A,(617) 904-8866
Mavy Home Improvement LLC,5.0,18,General contractor,"32 East St, Boston, MA 02122",N/A,N/A,mavyhomeimprovement.com,N/A,(617) 909-3203
Naz Tile Service,N/A,N/A,Floor refinishing service,"25 Franklin St #2, Everett, MA 02149",N/A,N/A,N/A,"CX73+39 Everett, Massachusetts",(413) 406-4058
Aguirre Modern Tile (AMT),4.9,61,Tile contractor,"106 Pemberton St, Revere, MA 02151",N/A,N/A,aguirremoderntile.com,"CXGM+W8 Revere, Massachusetts",(617) 766-1259
Beacon Hill Remodeling,5.0,12,Construction company,"83 Ward St #504, Revere, MA 02151",N/A,N/A,sites.google.com,N/A,(774) 826-8348
Creative Design Interiors Kitchen and Bath,5.0,21,Cabinet store,"134 Mystic Ave, Medford, MA 02155",N/A,N/A,cdikitchens.com,"CV6V+3J Medford, Massachusetts",(781) 395-6300
New England Trust Services - Construction & Cleaning,4.9,19,Contractor,"34 Francis St, Everett, MA 02149",N/A,N/A,netrustservices.com,N/A,(617) 866-2408
"Crawford Construction, LLC",3.4,5,General contractor,"101 Holmes St #1d, North Quincy, MA 02171",N/A,N/A,N/A,"7XCF+WP North Quincy, Quincy, MA",(617) 420-8497
Boston Team - BauTeam Showroom,5.0,5,Cabinet store,"511 Tremont St, Boston, MA 02116",N/A,N/A,bostonteamgroup.com,N/A,(857) 350-3215
TruDesign Co. Inc.,5.0,18,General contractor,"20 Station St Unit A, Weymouth, MA 02189",N/A,N/A,trudesignco.com,"639F+CH Weymouth, Massachusetts",(781) 803-3355
The Home Depot,4.2,1270,Home improvement store,"1100 Revere Beach Pkwy, Chelsea, MA 02150",Located in: Chelsea Commons,Open ⋅ Closes 10PMSee more hours,homedepot.com,"CX3F+MR Chelsea, Massachusetts",(617) 887-9560
Chenette Plumbing & Heating,4.0,30,Heating contractor,"204 Washington St, Quincy, MA 02169",N/A,N/A,chenetteplumbing.com,"7224+25 Quincy, Massachusetts",(617) 479-7737
The Home Depot,4.1,1110,Home improvement store,"465 Centre St, Quincy, MA 02169",N/A,Open ⋅ Closes 10PMSee more hours,homedepot.com,"6XJR+F6 Quincy, Massachusetts",(617) 479-0707
Norfolk Floor Service,4.2,5,Flooring contractor,"29 Newton Ave, Quincy, MA 02170",N/A,N/A,N/A,"7X7P+37 Quincy, Massachusetts",(781) 363-9375
The Home Depot,4.2,1270,Home improvement store,"1100 Revere Beach Pkwy, Chelsea, MA 02150",Located in: Chelsea Commons,Open ⋅ Closes 10PMSee more hours,homedepot.com,"CX3F+MR Chelsea, Massachusetts",(617) 887-9560
The Home Depot,4.1,1110,Home improvement store,"465 Centre St, Quincy, MA 02169",N/A,Open ⋅ Closes 10PMSee more hours,homedepot.com,"6XJR+F6 Quincy, Massachusetts",(617) 479-0707
Tile Showcase,2.0,N/A,Bathroom supply store,"1 Design Center Pl Suite 204, Boston, MA 02210",N/A,N/A,tileshowcase.com,N/A,(617) 426-6515
"Boston Pro Quality Services, Inc.",5.0,16,Painter,"379 Fenno St APT#02, Revere, MA 02151",N/A,N/A,bostonproqualityservice.com,"CX5F+W8 Revere, Massachusetts",(857) 201-5771
The Home Depot,4.0,959,Home improvement store,"177 Willard St, Quincy, MA 02169",N/A,Open ⋅ Closes 10PMSee more hours,homedepot.com,"6XX7+HP Quincy, Massachusetts",(617) 376-0380
HomeGoods,4.5,444,Department store,"162 Everett Ave, Chelsea, MA 02150",Located in: Mystic Mall,N/A,homegoods.com,"9XV4+RR Chelsea, Massachusetts",(617) 889-9670
