name,rating,reviews_count,category,address,location,hours,website,plus_code,phone
Hayden Roofing,5.0,80,Roofing contractor,"70 Prentiss St, Orange, MA 01364",N/A,N/A,haydenroofingco.com,"HMMW+8P Orange, Massachusetts",(978) 544-3140
Gadarowski Construction,5.0,60,Roofing contractor,"1000 Riceville Rd, Athol, MA 01331",N/A,N/A,gadarowskiconstruction.com,N/A,(413) 207-1802
C L Services Roofing Co,5.0,N/A,Roofing contractor,"Phillipston, MA 01331",N/A,N/A,N/A,"GVX8+FV Phillipston, Massachusetts",(978) 249-6393
CL Services,5.0,N/A,Roofing contractor,"60 Secret Lake Rd, Phillipston, MA 01331",N/A,N/A,N/A,"HRCF+JV Phillipston, Massachusetts",(508) 479-5056
Barnes Rubber Roofing,4.0,N/A,Roofing contractor,"126 Prentiss St, Orange, MA 01364",N/A,N/A,N/A,"HMJW+MV Orange, Massachusetts",(978) 544-6703
Triumph Roofing,4.3,12,Roofing contractor,"46 Elm St, Baldwinville, MA 01436",N/A,N/A,triumphroofinginc.com,N/A,(978) 652-0448
Qualified Roofing LLC,4.9,82,Roofing contractor,"400 Matthews St #7, Gardner, MA 01440",N/A,Open 24 hoursSee more hours,qualifiedllc.com,"H2XH+4C Gardner, Massachusetts",(978) 413-5436
Onyx Roofing,5.0,12,Roofing contractor,"109 Main St, Gardner, MA 01440",N/A,N/A,onyxroofingma.com,"H2F4+98 Gardner, Massachusetts",(978) 894-6438
Milltown Construction,5.0,N/A,General contractor,"144 Wendell St, Athol, MA 01331",N/A,N/A,N/A,"HQM8+W4 Athol, Massachusetts",(978) 590-1404
Red Dog's Roofing LLC,5.0,125,Roofing contractor,"216 Daniels St Unit 1, Fitchburg, MA 01420",N/A,N/A,reddogsroofing.com,"H5GJ+QJ Fitchburg, Massachusetts",(978) 625-9150
Battistoni Eugene,5.0,N/A,Roofing contractor,"534 Market Hill Rd, Amherst, MA 01002",N/A,N/A,N/A,"CGG6+G3 Amherst, Massachusetts",(413) 549-2693
Valley Roofing and Restoration,5.0,157,Roofing contractor,"143 Parker Ln, Ludlow, MA 01056",N/A,N/A,valleyroofingandrestoration.net,"5HCC+F4 Ludlow, Massachusetts",(413) 599-3556
Seven Hills Roofing,4.7,91,Roofing contractor,"100 Canterbury St, Worcester, MA 01603",N/A,N/A,sevenhillsroofing.com,"65XM+28 Worcester, Massachusetts",(508) 414-8305
Shumway Roofing,5.0,N/A,Roofing contractor,"625 E Pleasant St, Amherst, MA 01002",N/A,N/A,shumwayroofing.com,N/A,(413) 549-4658
George J Croteau Roofing Co,5.0,N/A,Roofing contractor,"94 Gardner Rd, Templeton, MA 01468",N/A,N/A,N/A,"HX89+MH Templeton, Massachusetts",(978) 632-3181
"Adam Quenneville Roofing & Siding, Inc.",5.0,949,Roofing contractor,"160 Old Lyman Rd, South Hadley, MA 01075",N/A,N/A,1800newroof.net,"6C9P+GJ South Hadley, Massachusetts",(413) 536-5955
"Roof Clean Plus, LLC",5.0,2,Roofing contractor,"3 Harris St, Baldwinville, MA 01436",N/A,N/A,roofcleanplus.com,"JW6G+QP Baldwinville, Templeton, MA",(978) 340-2390
Complete Roofing Services,4.9,16,Roofing contractor,"10 Cuba Rd, Worcester, MA 01603",N/A,N/A,crsrooftop.com,"64JV+GR Worcester, Massachusetts",(774) 208-0667
Tom Quinlin Roofing Siding,5.0,N/A,Roofing contractor,"12 Bayberry Ln, Hadley, MA 01035",N/A,N/A,N/A,N/A,(413) 549-5474
Lively Builders Inc,4.9,13,Roofing contractor,"11 Hillside Rd, Montague, MA 01351",N/A,N/A,livelybuildersinc.com,"HFH5+X3 Montague, Massachusetts",(413) 863-5016
Hemlock Roofing,5.0,117,Roofing contractor,"2 Richmond Ave apt 2R, Worcester, MA 01602",N/A,N/A,hemlockroofingco.com,"75F9+9J Worcester, Massachusetts",(774) 418-3724
Sexton Roofing & Siding,4.8,58,Roofing contractor,"6 Church Ave, West Hatfield, MA 01038",N/A,N/A,sextonroofing.com,"99C8+87 West Hatfield, Massachusetts",(413) 534-1234
Florence Roofing,5.0,5,Roofing contractor,"228 Straits Rd, Hatfield, MA 01038",N/A,N/A,florenceroofingwm.com,"C97Q+C8 Hatfield, Massachusetts",(413) 585-9171
Stone Mountain Roofing LLC,5.0,42,Roofing contractor,"156 Northampton St, Easthampton, MA 01027",N/A,N/A,stonemountainroofingllc.com,N/A,(413) 998-9010
Dicky Matos Roofing Inc,4.7,79,Roofing contractor,"23 Hadley Mill Rd, Holyoke, MA 01040",N/A,N/A,dickymatosroofinginc.com,"6C52+VH Holyoke, Massachusetts",(413) 530-5335
"LaBelle Roofing, Inc",N/A,N/A,Roofing contractor,"3 Central St, Winchendon, MA 01475",N/A,N/A,labelleroofing.com,"MXJ2+9J Winchendon, Massachusetts",(978) 297-4400
"Brian M. LeBlanc Roofing, Inc.",4.9,169,Roofing contractor,"27 Cherry St, Leominster, MA 01453",N/A,N/A,brianleblancroofing.com,"G6HF+QQ Leominster, Massachusetts",(800) 761-4296
Tip Top Roofing,4.9,358,Roofing contractor,"245 W Boylston St, West Boylston, MA 01583",N/A,N/A,tiptoproofs.com,"86W7+HM West Boylston, Massachusetts",(508) 835-4777
Hawkins Roofing,5.0,3,Roofing contractor,"89 Crescent St, Greenfield, MA 01301",N/A,N/A,mitchellhawkins.com,"HCP5+PP Greenfield, Massachusetts",(413) 774-6834
Supreme Roofing,4.9,36,Roofing contractor,"788 Sheridan St, Chicopee, MA 01020",N/A,N/A,supremeroofing.com,"5CGM+XJ Chicopee, Massachusetts",(413) 331-4490
Eyles Contracting Inc,4.9,98,Roofing contractor,"65 Airport Rd, Fitchburg, MA 01420",N/A,N/A,eylescontracting.com,"H68F+C7 Fitchburg, Massachusetts",(978) 422-3342
Hawkins Roofing,4.0,N/A,Roofing contractor,"15 Sunrise Ave, Deerfield, MA 01342",N/A,N/A,mitchellhawkins.com,"GC8M+93 Deerfield, Massachusetts",(413) 374-8161
MTS Siding and Roofing LLC,5.0,3,Roofing contractor,"152 Paxton Rd, Spencer, MA 01562",N/A,N/A,mts-siding-roofing.com,N/A,(508) 217-7737
Roberts Roofs,4.2,5,Roofing contractor,"400 Franklin St, Belchertown, MA 01007",N/A,N/A,robertsroofsinc.com,"6JHQ+F5 Belchertown, Massachusetts",(413) 283-4395
Young Roofing Co Inc,5.0,4,Roofing contractor,"144 Texas Rd, Northampton, MA 01060",N/A,N/A,N/A,"8965+FR Northampton, Massachusetts",(413) 584-1367
Altitude Roofing,5.0,35,Roofing contractor,"241 Wildwood Ave, Worcester, MA 01603",N/A,N/A,altituderoofingma.com,"742V+99 Worcester, Massachusetts",(508) 963-7794
Reade Roofing,N/A,N/A,Roofing contractor,"429 Deerfield St, Greenfield, MA 01301",N/A,N/A,N/A,N/A,(413) 885-4445
Klaus Roofing Systems by J Smegal,5.0,74,Roofing contractor,"258 Old Lyman Rd, South Hadley, MA 01075",N/A,N/A,jsmegalroofing.com,"6C8Q+5Q South Hadley, Massachusetts",(413) 655-7663
Ashburnham Siding & Roofing,N/A,N/A,Roofing contractor,"234 Lincoln Ave, Winchendon, MA 01475",N/A,N/A,ashburnhamsidingandroofing.com,"MWRX+4V Winchendon, Massachusetts",(978) 297-4033
Quality Roofing,5.0,8,Roofing contractor,"31 Federal St, Belchertown, MA 01007",N/A,N/A,qualityroofingma.com,N/A,(413) 222-5854
Warren Roofers Inc,4.4,8,Roofing contractor,"69 Ware Rd, West Warren, MA 01092",N/A,N/A,warrenroofers.com,"6Q64+Q8 West Warren, Warren, MA",(413) 436-5279
Family Tree and Home,4.5,62,Roofing contractor,"PO Box 3699, Amherst, MA 01002",N/A,N/A,familytreeandhome.com,N/A,(413) 404-4110
Todd Boynton Roofing & Siding,3.0,8,Roofing contractor,"83 Silver St, Greenfield, MA 01301",N/A,N/A,N/A,"JC47+C9 Greenfield, Massachusetts",(413) 775-2775
"AllStar Roofing, Repairs and Installs Worcester",5.0,7,Roofing contractor,"38 Shelby St, Worcester, MA 01605",N/A,N/A,N/A,N/A,(508) 452-2254
MMC Specialty Roofing Inc.,4.7,3,Roofing contractor,"176 Pinevale St, Indian Orchard, MA 01151",N/A,N/A,mmcspecialtyroofing.com,"5F3X+JH Indian Orchard, Springfield, MA",(413) 642-3842
G&O Construction & Roofing,4.9,53,Roofing contractor,"25 Kansas St, Worcester, MA 01610",N/A,N/A,gandoconstruction.com,"65WV+CP Worcester, Massachusetts",(774) 243-9700
Classic Metal Roofs,4.8,87,Roofing contractor,"156 Northboro Rd A7, Southborough, MA 01772",N/A,N/A,classicmetalroofs.com,"8C7G+F2 Southborough, Massachusetts",(978) 562-7770
Green Earth Roofing Solutions LLC,5.0,6,Roofing contractor,"100 State St #110A, Ludlow, MA 01056",N/A,N/A,geroofingsolutions.com,"5G4F+G9 Ludlow, Massachusetts",(413) 324-6680
Steady Roofing & Home Improvment Inc.,5.0,N/A,Roofing contractor,"49 Grant St, Easthampton, MA 01027",N/A,N/A,facebook.com,"78CR+3X Easthampton, Massachusetts",(413) 640-7728
Rick's Roofing,5.0,N/A,Roofing contractor,"33 Shawna St, Fitchburg, MA 01420",N/A,N/A,N/A,"H6RG+M2 Fitchburg, Massachusetts",(978) 343-4946
Supreme Seal Roofing,N/A,N/A,Roofing contractor,"249 Russell St, Hadley, MA 01035",Located in: Readings by dorina,N/A,N/A,"8CXH+4V Hadley, Massachusetts",(413) 334-6131
Worcester Roofing Contractors,N/A,N/A,Roofing contractor,"75 Webster St # 54, Worcester, MA 01603",N/A,N/A,N/A,"65R8+RR Worcester, Massachusetts",(351) 239-1050
L & R Roofing,N/A,N/A,Roofing contractor,"29 Alden St, Greenfield, MA 01301",N/A,N/A,N/A,"H9XV+Q4 Greenfield, Massachusetts",(413) 376-4252
All Star Roofing Co,N/A,N/A,Roofing contractor,"2 Clegg St, Worcester, MA 01603",N/A,N/A,N/A,"64RQ+88 Worcester, Massachusetts",(800) 930-3605
Y&A Attic Insulation & Roofing Services,4.7,15,Roofing contractor,"340 Main St, Worcester, MA 01608",N/A,N/A,N/A,N/A,(339) 232-6413
Storozuk Roofing,N/A,N/A,Roofing contractor,"P.O. Box 261, Sunderland, MA 01375",N/A,N/A,N/A,"CFJ2+MF Sunderland, Massachusetts",(413) 244-2006
Francisco's Roofing Inc,3.5,4,Roofing contractor,"12 Townsend St, Worcester, MA 01609",N/A,N/A,franciscosroofinginc.com,"757M+WR Worcester, Massachusetts",(774) 535-2110
"Rockwell Roofing, Inc.",4.0,22,Roofing contractor,"44 Pond St, Leominster, MA 01453",N/A,N/A,rockwellroofing.com,"G6GM+C5 Leominster, Massachusetts",(978) 537-7825
Vanguard Roofing,5.0,4,Roofing contractor,"34 Front St, Springfield, MA 01151",N/A,N/A,vanguardroofing.com,"5F6V+5H Springfield, Massachusetts",(413) 443-7720
Rick Prefontaine Roofing/ Prefontaine Roofing,4.4,5,Roofing contractor,"11 City View St, Worcester, MA 01610",N/A,N/A,N/A,"65PR+G7 Worcester, Massachusetts",(508) 752-6811
US Metal Roofing,4.8,51,Roofing contractor,"740 High St, Holyoke, MA 01040",N/A,N/A,usmetalroofing.com,"59XM+GV Holyoke, Massachusetts",(800) 232-0399
Laflamme & Sons Roofing,5.0,2,Roofing contractor,"72 Elmore St, Holyoke, MA 01040",N/A,N/A,N/A,"59V4+CF Holyoke, Massachusetts",(413) 532-2280
McGrath Construction & Remodeling,N/A,N/A,General contractor,"369 Petersham Rd, New Salem, MA 01355",N/A,N/A,mcgrathconstructionremodeling.com,"GP6X+QM New Salem, Massachusetts",(978) 413-7737
All Star Roofing Co,N/A,N/A,Roofing contractor,"2 Clegg St, Worcester, MA 01603",N/A,N/A,N/A,"64RQ+88 Worcester, Massachusetts",(800) 930-3605
Y&A Attic Insulation & Roofing Services,4.7,15,Roofing contractor,"340 Main St, Worcester, MA 01608",N/A,N/A,N/A,N/A,(339) 232-6413
Storozuk Roofing,N/A,N/A,Roofing contractor,"P.O. Box 261, Sunderland, MA 01375",N/A,N/A,N/A,"CFJ2+MF Sunderland, Massachusetts",(413) 244-2006
The NorthFace Roofing Company - MA,5.0,12,Roofing contractor,"823 Little Rest Rd, Brimfield, MA 01010",N/A,N/A,northfaceroofingco.com,"5R55+JH Brimfield, Massachusetts",(774) 203-9998
Vanguard Roofing,5.0,4,Roofing contractor,"34 Front St, Springfield, MA 01151",N/A,N/A,vanguardroofing.com,"5F6V+5H Springfield, Massachusetts",(413) 443-7720
Francisco's Roofing Inc,3.5,4,Roofing contractor,"12 Townsend St, Worcester, MA 01609",N/A,N/A,franciscosroofinginc.com,"757M+WR Worcester, Massachusetts",(774) 535-2110
"Rockwell Roofing, Inc.",4.0,22,Roofing contractor,"44 Pond St, Leominster, MA 01453",N/A,N/A,rockwellroofing.com,"G6GM+C5 Leominster, Massachusetts",(978) 537-7825
"Tech Roofing Service, Inc.",5.0,8,Roofing contractor,"896 Sheridan St, Chicopee, MA 01020",N/A,N/A,techroofing.com,"5CHP+XQ Chicopee, Massachusetts",(413) 331-5667
Rick Prefontaine Roofing/ Prefontaine Roofing,4.4,5,Roofing contractor,"11 City View St, Worcester, MA 01610",N/A,N/A,N/A,"65PR+G7 Worcester, Massachusetts",(508) 752-6811
Worcester Roofing,N/A,N/A,Roofing contractor,"152 Paxton Rd, Spencer, MA 01562",N/A,N/A,mtsroofingandsiding.com,"72GJ+F2 Spencer, Massachusetts",(774) 772-5562
Roberts Roofing Inc.,5.0,N/A,Roofing contractor,"3090 Palmer St, Bondsville, MA 01009",N/A,N/A,robertsroofsinc.com,"6M33+2P Bondsville, Massachusetts",(413) 283-4395
EAW Roofing and Construction Inc.,4.5,44,Roofing contractor,"1042 Main St, Clinton, MA 01510",N/A,Closed ⋅ Opens 6AM ThuSee more hours,eawroofing.com,"C8M7+58 Clinton, Massachusetts",(978) 733-1435
Supreme Roofing and Home Improvement Llc.,5.0,8,Roofing contractor,"29 Miller St #2, Leominster, MA 01453",N/A,N/A,supremehomeimprovements.com,"G69V+7X Leominster, Massachusetts",(978) 828-5706
Roofing Service Pro's,4.9,15,Roofing contractor,"13 Mass Ave, Harvard, MA 01451",N/A,N/A,N/A,"FCX8+MV Harvard, Massachusetts",N/A
Worcester's Pro Roofing,5.0,6,Roofing contractor,"6 Lund St, Worcester, MA 01607",N/A,N/A,N/A,"66R4+H7 Worcester, Massachusetts",(508) 242-1597
Royal Construction and Roofing,4.1,14,Roofing contractor,"36 Stephens Rd, Leominster, MA 01453",N/A,N/A,N/A,"G66J+P5 Leominster, Massachusetts",(978) 846-6490
Dubay Brothers Roofing,5.0,3,Roofing contractor,"35 Edendale St, Springfield, MA 01104",N/A,N/A,N/A,"4CRR+VV Springfield, Massachusetts",(413) 781-2533
"R & H Roofing, LLP",3.6,7,Roofing contractor,"59 South St, Easthampton, MA 01027",N/A,N/A,rhroofing.org,"7858+P4 Easthampton, Massachusetts",(413) 527-9378
"R & H Roofing, LLP",3.6,7,Roofing contractor,"59 South St, Easthampton, MA 01027",N/A,N/A,rhroofing.org,"7858+P4 Easthampton, Massachusetts",(413) 527-9378
Kidd-Luukko Corporation,4.9,44,Roofing contractor,"23 North St, Worcester, MA 01605",N/A,N/A,kidd-luukko.com,"75JW+M8 Worcester, Massachusetts",(508) 799-9500
"Douglas K. Rau, LLC",N/A,N/A,Roofing contractor,"273 Lincoln Ave, Winchendon, MA 01475",N/A,N/A,N/A,"MXV2+W4 Winchendon, Massachusetts",(978) 786-1314
KTM Slate Roofing,5.0,27,Roofing contractor,"1002 High St, Palmer, MA 01069",N/A,N/A,ktmslateroofing.com,"5M5H+28 Palmer, Massachusetts",(413) 519-3752
LeBlanc And McCaie Siding And Window Company,5.0,8,Siding contractor,"92 Allen St, Gardner, MA 01440",N/A,N/A,leblancandmccaiesidingandwindows.com,"HXMX+FJ Gardner, Massachusetts",(978) 632-1132
"JPR Attic Insulation & Roofing Services Co, MA",4.8,58,Insulation contractor,"64 Haywood St, Greenfield, MA 01301",N/A,N/A,N/A,"HCX6+M2 Greenfield, Massachusetts",(413) 277-7542
Woolfrey Andrew Roofing Contractor,4.3,6,Roofing contractor,"28 Proctor Rd, Townsend, MA 01469",N/A,N/A,N/A,"M85Q+96 Townsend, Massachusetts",(978) 597-0454
D & S Roofing & Siding,3.2,9,Roofing contractor,"29 Hastings St, Chicopee, MA 01020",N/A,N/A,N/A,"5C48+2P Chicopee, Massachusetts",(413) 592-9490
