name,rating,reviews_count,category,address,location,hours,website,plus_code,phone
ERC Inc. - Egama Roofing Corp.,5.0,93,Roofing contractor,"769 Waverly St, Framingham, MA 01702",N/A,N/A,egamaroofing.net,"7HFC+32 Framingham, Massachusetts",(508) 808-3523
ERC Inc. - Egama Roofing Corp.,5.0,93,Roofing contractor,"769 Waverly St, Framingham, MA 01702",N/A,N/A,egamaroofing.net,"7HFC+32 Framingham, Massachusetts",(508) 808-3523
Cechinel Siding & Windows,4.9,65,Siding contractor,"35 Adams St, Somerville, MA 02145",N/A,N/A,cechinelrenovations.com,"9VVX+MW Somerville, Massachusetts",(617) 623-1100
Cechinel Siding & Windows,4.9,65,Siding contractor,"35 Adams St, Somerville, MA 02145",N/A,N/A,cechinelrenovations.com,"9VVX+MW Somerville, Massachusetts",(617) 623-1100
Everett Aluminum,4.3,38,Siding contractor,"10 Everett Ave, Everett, MA 02149",N/A,N/A,everettaluminum.com,"CX35+29 Everett, Massachusetts",(617) 389-3839
Everett Aluminum,4.3,38,Siding contractor,"10 Everett Ave, Everett, MA 02149",N/A,N/A,everettaluminum.com,"CX35+29 Everett, Massachusetts",(617) 389-3839
North Shore Window & Siding,5.0,3,General contractor,"46 Walker St, Somerville, MA 02144",N/A,N/A,northshorewindowandsiding.com,"CV2J+H3 Somerville, Massachusetts",(617) 628-7204
D&G Exteriors,5.0,12,Roofing contractor,"51 Pleasant St, Malden, MA 02148",N/A,N/A,dandgexteriors.com,"CWGJ+QH Malden, Massachusetts",(781) 328-4063
"Osgood Roofing, Siding, and Guttering Company",5.0,15,Roofing contractor,"111 Elm St, Marblehead, MA 01945",N/A,N/A,osgoodroofing.co,"G44W+7P Marblehead, Massachusetts",(978) 740-1885
"Osgood Roofing, Siding, and Guttering Company",5.0,15,Roofing contractor,"111 Elm St, Marblehead, MA 01945",N/A,N/A,osgoodroofing.co,"G44W+7P Marblehead, Massachusetts",(978) 740-1885
Stan's Aluminum & Home Inc,5.0,N/A,Siding contractor,"89 School St, Saugus, MA 01906",N/A,N/A,N/A,"FX2M+HW Saugus, Massachusetts",(781) 233-1868
ABC Supply Co. Inc.,4.8,57,Roofing supply store,"25 Sycamore Ave, Medford, MA 02155",N/A,N/A,abcsupply.com,"CW76+82 Medford, Massachusetts",(781) 391-0011
Roofing and Siding of Boston,5.0,6,Roofing contractor,"530 Atlantic Ave #606, Boston, MA 02210",Located in: Atlantic Wharf,N/A,bostonroofingandsiding.com,"9W3W+FQ Boston, Massachusetts",(855) 800-9080
NEWPRO,4.7,2823,Window installation service,"26 Cedar St, Woburn, MA 01801",N/A,Open ⋅ Closes 8PMSee more hours,newpro.com,"FVWG+HF Woburn, Massachusetts",(781) 933-4100
Malden's Roofing And Siding,5.0,N/A,Contractor,"11 Lowell Ave, Winchester, MA 01890",N/A,N/A,N/A,"FV88+HM Winchester, Massachusetts",(781) 678-8160
"AMC Quality Builders, LLC",5.0,N/A,General contractor,"7 Ferris Rd, Lynn, MA 01904",N/A,N/A,amcsiding.com,"F2QW+4X Lynn, Massachusetts",(781) 941-9196
A&A Services Home Improvement,4.9,411,Roofing contractor,"115 North St, Salem, MA 01970",N/A,N/A,a-aservices.com,"G3GX+V5 Salem, Massachusetts",(978) 354-7579
A&A Services Home Improvement,4.9,411,Roofing contractor,"115 North St, Salem, MA 01970",N/A,N/A,a-aservices.com,"G3GX+V5 Salem, Massachusetts",(978) 354-7579
Metro Siding & Roofing Distrs,5.0,2,Roofing contractor,"41 Atlantic Ave, Woburn, MA 01801",N/A,N/A,N/A,"GV95+4F Woburn, Massachusetts",(781) 935-2038
Metro Siding & Roofing Distrs,5.0,2,Roofing contractor,"41 Atlantic Ave, Woburn, MA 01801",N/A,N/A,N/A,"GV95+4F Woburn, Massachusetts",(781) 935-2038
Nolasco Home Pro,4.7,14,Contractor,"174 Lewis St, Lynn, MA 01902",N/A,N/A,nolascohomepro.com,"F389+43 Lynn, Massachusetts",(781) 513-8515
CAN Roof Construction,5.0,92,Roofing contractor,"75 Arlington St #500, Boston, MA 02116",Located in: The Arlington,N/A,canroofconstruction.com,"8WXJ+X4 Boston, Massachusetts",(857) 415-7727
"De La Rosa Deck, Siding & Fence",5.0,10,Deck builder,"62 Jefferson Ave, Salem, MA 01970",N/A,N/A,delarosadecksidingfence.com,"G36X+QH Salem, Massachusetts",(978) 723-5940
"De La Rosa Deck, Siding & Fence",5.0,10,Deck builder,"62 Jefferson Ave, Salem, MA 01970",N/A,N/A,delarosadecksidingfence.com,"G36X+QH Salem, Massachusetts",(978) 723-5940
ABC Supply Co. Inc.,4.1,43,Roofing supply store,"3 Wheeling Ave, Woburn, MA 01801",N/A,N/A,abcsupply.com,"FVX7+R6 Woburn, Massachusetts",(781) 938-8700
Harco Exteriors,4.4,17,Roofing contractor,"26 Manning St, Medford, MA 02155",N/A,N/A,harcoext.com,"CV8P+J7 Medford, Massachusetts",(617) 901-1650
FJM Construction Inc,5.0,11,Roofing contractor,"12 Acorn St, Lynn, MA 01902",N/A,N/A,N/A,"F3C3+43 Lynn, Massachusetts",(781) 731-4757
FJM Construction Inc,5.0,11,Roofing contractor,"12 Acorn St, Lynn, MA 01902",N/A,N/A,N/A,"F3C3+43 Lynn, Massachusetts",(781) 731-4757
Northeast Industrial Roof,5.0,114,Roofing contractor,"510 Riverside Ave, Medford, MA 02155",N/A,N/A,niroof.com,"CW67+2W Medford, Massachusetts",(781) 874-0248
RenoViso,4.7,91,Window installation service,"85 Devonshire St 5th floor, Boston, MA 02109",N/A,N/A,N/A,"9W5R+3X Boston, Massachusetts",(888) 392-4236
Revere Aluminum Window LLC,3.6,12,Window installation service,"163 Lincoln Ave, Saugus, MA 01906",N/A,N/A,reverealuminumwindow.com,"F225+X3 Saugus, Massachusetts",(781) 231-0000
DLM Remodeling,5.0,2,General contractor,"154 Boardman Ave, Melrose, MA 02176",N/A,N/A,dlm-remodeling.com,"FWCW+W9 Melrose, Massachusetts",(781) 789-8827
Preserve Services,4.9,48,General contractor,"203 Washington St #256, Salem, MA 01970",N/A,N/A,preserveservices.com,"G494+M3 Salem, Massachusetts",(978) 745-8745
C&K Roofing & General Contracting Inc,4.7,13,General contractor,"15 Cypress St #204, Newton, MA 02459",N/A,N/A,ckroofingne.com,"8RH3+CX Newton, Massachusetts",(781) 518-3456
Derek construction inc,5.0,12,Deck builder,"32 Rogers Ave, Lynn, MA 01902",N/A,N/A,derekconstructions.com,"F28X+VJ Lynn, Massachusetts",(781) 913-3999
Derek construction inc,5.0,12,Deck builder,"32 Rogers Ave, Lynn, MA 01902",N/A,N/A,derekconstructions.com,"F28X+VJ Lynn, Massachusetts",(781) 913-3999
Stormtite,4.8,25,Window installation service,"170 Belmont St, Watertown, MA 02472",N/A,N/A,stormtite.com,"9RGR+7X Watertown, Massachusetts",(617) 924-2254
MAC Construction & Remodeling Inc,5.0,7,Construction company,"133 Western Ave, Lynn, MA 01904",N/A,N/A,macconstructionma.com,"F3J3+6G Lynn, Massachusetts",(781) 953-2592
HausEx Home Solutions,5.0,5,Roofing contractor,"1 Marina Park Drive #1410, Boston, MA 02210",N/A,N/A,hausex.com,"9X33+8W Boston, Massachusetts",(617) 344-9989
American Team Contracting Inc,4.9,28,General contractor,"319 Lynnway Suite 310, Lynn, MA 01901",N/A,N/A,americanteamcontracting.com,"F352+97 Lynn, Massachusetts",(617) 674-0655
FRG Contractor Corporation,4.9,28,Roofing contractor,"800 W Cummings Park Suite 2300, 2nd Floor, Woburn, MA 01801",N/A,N/A,frgcontractor.com,"FVWF+FM Woburn, Massachusetts",(781) 851-4202
FRG Contractor Corporation,4.9,28,Roofing contractor,"800 W Cummings Park Suite 2300, 2nd Floor, Woburn, MA 01801",N/A,N/A,frgcontractor.com,"FVWF+FM Woburn, Massachusetts",(781) 851-4202
Diamond Edge Construction Inc,3.0,2,Siding contractor,"30 Cambria St, Somerville, MA 02143",N/A,N/A,N/A,N/A,(617) 625-4204
Burlingtons Roofing And Siding,N/A,N/A,Contractor,"8 Blanchard Rd, Burlington, MA 01803",N/A,N/A,N/A,"FRJ4+MM Burlington, Massachusetts",N/A
ELEVATED ROOFING AND SIDING CORP,5.0,34,Roofing contractor,"283 Walk Hill St, Boston, MA 02131",N/A,N/A,elevatedroofingma.com,"7VQR+8R Boston, Massachusetts",(617) 777-6852
ELEVATED ROOFING AND SIDING CORP,5.0,34,Roofing contractor,"283 Walk Hill St, Boston, MA 02131",N/A,N/A,elevatedroofingma.com,"7VQR+8R Boston, Massachusetts",(617) 777-6852
Storm Works Roofing & Restoration,4.8,123,Roofing contractor,"295 Belmont St, Belmont, MA 02478",N/A,N/A,stormworksroofing.com,"9RGP+RF Belmont, Massachusetts",(844) 786-7696
American Exterior & Window,5.0,N/A,Roofing contractor,"300 Commercial Street, Boston, MA 02113",N/A,N/A,americanexteriorma.com,"9W8X+29 Boston, Massachusetts",(888) 744-1756
AVERY'S GENERAL CONSTRUCTION,5.0,7,Roofing contractor,"18 Waverly St, Lynn, MA 01904",N/A,N/A,averysconstruction.com,"F29Q+J4 Lynn, Massachusetts",(781) 513-9903
Abacus Builders & General Contractors Inc.,4.9,44,Siding contractor,"190 Old Colony Ave, Boston, MA 02127",N/A,N/A,abacusbuilders.com,"8WMW+CC Boston, Massachusetts",(617) 269-1213
"Iwano and Sons Construction, Inc.",5.0,44,Kitchen remodeler,"399 Ferry St B, Everett, MA 02149",Located in: Samy's Convenience Store,N/A,iwanosons.com,"CX82+QF Everett, Massachusetts",(781) 435-2126
OJ Construction siding and tiling service,N/A,N/A,Siding contractor,"7 Ferry St, Everett, MA 02149",N/A,N/A,N/A,"CX32+PW Everett, Massachusetts",(617) 461-5480
OJ Construction siding and tiling service,N/A,N/A,Siding contractor,"7 Ferry St, Everett, MA 02149",N/A,N/A,N/A,"CX32+PW Everett, Massachusetts",(617) 461-5480
Melo's Construction,4.5,20,Roofing contractor,"8 Stevens St, Peabody, MA 01960",N/A,N/A,melosconstruction.com,"G3HC+FQ Peabody, Massachusetts",(978) 375-1958
Broadway Roofing & Siding,N/A,N/A,Contractor,"126 Tremont St, Everett, MA 02149",N/A,N/A,N/A,"CW6J+PR Everett, Massachusetts",(781) 227-8778
"MA Roofing and Siding, Chimney repairs, Gutter services",5.0,11,Roofing contractor,"72 Ash St, Waltham, MA 02453",N/A,N/A,maroofingsiding.com,"9Q86+G4 Waltham, Massachusetts",(781) 374-4011
Broadway Roofing & Siding,N/A,N/A,Roofing contractor,"157 Bow St, Everett, MA 02149",N/A,N/A,N/A,"9WXQ+CH Everett, Massachusetts",N/A
Broadway Roofing & Siding,N/A,N/A,Roofing contractor,"157 Bow St, Everett, MA 02149",N/A,N/A,N/A,"9WXQ+CH Everett, Massachusetts",N/A
Medfords Roofing And Siding,N/A,N/A,Roofing contractor,"13 Park St, Winchester, MA 01890",N/A,N/A,N/A,"FV36+7R Winchester, Massachusetts",N/A
Medfords Roofing And Siding,N/A,N/A,Roofing contractor,"13 Park St, Winchester, MA 01890",N/A,N/A,N/A,"FV36+7R Winchester, Massachusetts",N/A
Boston Best Construction,4.7,23,General contractor,"50 New Salem St, Wakefield, MA 01880",N/A,N/A,bostonbestconstruction.com,"GW5P+98 Wakefield, Massachusetts",(617) 918-7301
Boston Best Construction,4.7,23,General contractor,"50 New Salem St, Wakefield, MA 01880",N/A,N/A,bostonbestconstruction.com,"GW5P+98 Wakefield, Massachusetts",(617) 918-7301
QUEZADA CONSTRUCTION,5.0,4,General contractor,"27 Alison Way, Lynn, MA 01904",N/A,N/A,N/A,"F2XF+GH Lynn, Massachusetts",(781) 405-0726
New England Building Supply,4.1,48,Building materials store,"174 Hampden St, Boston, MA 02119",N/A,N/A,nebldgsupply.com,N/A,(617) 445-5900
Genova Construction,5.0,8,Construction company,"113 Adams St, Newton, MA 02458",N/A,N/A,N/A,"9Q6W+4Q Newton, Massachusetts",(617) 894-0200
Genova Construction,5.0,8,Construction company,"113 Adams St, Newton, MA 02458",N/A,N/A,N/A,"9Q6W+4Q Newton, Massachusetts",(617) 894-0200
Alside,4.4,13,Building materials supplier,"844 Woburn St, Wilmington, MA 01887",N/A,N/A,alside.com,"GVH2+3J Wilmington, Massachusetts",(978) 657-4306
Alside,4.4,13,Building materials supplier,"844 Woburn St, Wilmington, MA 01887",N/A,N/A,alside.com,"GVH2+3J Wilmington, Massachusetts",(978) 657-4306
Oliveira Painting & Siding,N/A,N/A,Painter,"955 Massachusetts Ave, Cambridge, MA 02139",N/A,N/A,N/A,"9V9R+M3 Cambridge, Massachusetts",(617) 299-1087
Oliveira Painting & Siding,N/A,N/A,Painter,"955 Massachusetts Ave, Cambridge, MA 02139",N/A,N/A,N/A,"9V9R+M3 Cambridge, Massachusetts",(617) 299-1087
"E.M. Snow, Inc.",4.2,39,Roofing contractor,"971 Main St, Waltham, MA 02451",N/A,N/A,emsnowinc.com,"9PGX+HQ Waltham, Massachusetts",(781) 893-4546
XTEND Contracting,4.9,25,General contractor,"165 Middlesex Ave, Somerville, MA 02145",Located in: Assembly Square Marketplace,N/A,xtendcontracting.com,"9WW8+CG Somerville, Massachusetts",(781) 363-2721
XTEND Contracting,4.9,25,General contractor,"165 Middlesex Ave, Somerville, MA 02145",Located in: Assembly Square Marketplace,N/A,xtendcontracting.com,"9WW8+CG Somerville, Massachusetts",(781) 363-2721
The Home Depot,4.2,1268,Home improvement store,"50 Traders Way, Salem, MA 01970",N/A,Open ⋅ Closes 10PMSee more hours,homedepot.com,"G32G+2M Salem, Massachusetts",(978) 741-9299
Green Mountain Painting & Carpentry .Corp.,4.9,67,Carpenter,"327 Reservoir Ave, Revere, MA 02151",N/A,N/A,sites.zing.work,"CX6F+HX Revere, Massachusetts",(617) 230-4557
