name,rating,reviews_count,category,address,location,hours,website,plus_code,phone
Boston Standard Company,4.9,207,HVAC contractor,"267 Libbey Pkwy, Weymouth, MA 02189",N/A,N/A,bostonstandardplumbing.com,"53R6+2H Weymouth, Massachusetts",(617) 203-8603
KOHLER Signature Store by Supply New England,4.8,70,Bathroom supply store,"7 Tide St, Boston, MA 02210",N/A,N/A,kohlersignaturestoreboston.com,"8XW9+CV Boston, Massachusetts",(617) 202-0068
South Shore Dream Bath,4.9,73,Bathroom remodeler,"199 Weymouth St #2, Rockland, MA 02370",N/A,N/A,southshoredreambath.com,"536R+83 Rockland, Massachusetts",(781) 733-5405
Transitions Kitchens and Bath,4.4,42,Kitchen remodeler,"433 Washington St, Norwell, MA 02061",N/A,N/A,transitionskbr.com,"546V+47 Norwell, Massachusetts",(781) 871-0881
GT Home Improvement,5.0,79,Bathroom remodeler,"350 Lincoln St #2400, Hingham, MA 02043",N/A,N/A,gthomeimprovementma.com,"63XH+HQ Hingham, Massachusetts",(508) 493-2780
Sports Complex Restroom,5.0,N/A,Public bathroom,"209 Houghton Rd, Weymouth, MA 02190",N/A,N/A,N/A,"5355+W9 Weymouth, Massachusetts",N/A
Mary Jeanette Murray Bath House,4.2,6,Public bathroom,"Nantasket Ave, Hull, MA 02045",N/A,N/A,mass.gov,"74CR+PW Hull, Massachusetts",(781) 925-1777
World's End Restroom,5.0,N/A,Public wheelchair-accessible bathroom,"18 Surry Rd, Hingham, MA 02043",Located in: World's End,N/A,N/A,"745G+JV Hingham, Massachusetts",N/A
Norfolk Kitchen & Bath Braintree,4.4,48,Kitchen remodeler,"265 Wood Rd, Braintree, MA 02184",N/A,N/A,norfolkkitchenandbath.com,"6XC6+27 Braintree, Massachusetts",(781) 848-5333
"Snow and Jones, Inc.",4.1,41,Bathroom supply store,"85 Accord Park Dr, Norwell, MA 02061",N/A,N/A,snowandjones.com,"5487+5R Norwell, Massachusetts",(781) 878-3312
Perfect Kitchens and Baths,4.5,2,Home goods store,"190 Willard St, Quincy, MA 02169",N/A,N/A,aperfectkitchen.com,"6XX8+M6 Quincy, Massachusetts",(617) 774-0237
Republic's Collection,3.8,19,Bathroom supply store,"286 Bridge St, Weymouth, MA 02191",N/A,N/A,republicscollection.com,"62VW+6C Weymouth, Massachusetts",(781) 331-4811
GF Kitchen & Bath,5.0,54,Kitchen remodeler,"9 School St, Quincy, MA 02169",N/A,N/A,bostoncabinetry.com,"6XWX+4P Quincy, Massachusetts",(617) 770-0090
JB Kitchens & Baths,4.6,31,Kitchen remodeler,"1202 Main St, Weymouth, MA 02190",N/A,N/A,jbkitchens.com,"527W+63 Weymouth, Massachusetts",(781) 335-3218
Martin Kitchen and Bath,5.0,N/A,Kitchen remodeler,"190 Willard St 2nd floor, Quincy, MA 02169",N/A,N/A,martinkitchenandbath.com,"6XX8+M6 Quincy, Massachusetts",(617) 847-3053
Oasis Shower Doors,4.8,32,Shower door shop,"50 Finnell Dr, Weymouth, MA 02188",N/A,N/A,oasisshowerdoors.com,"52QJ+MJ Weymouth, Massachusetts",(781) 340-2700
Bay State Bath,4.5,222,Bathroom remodeler,"55 Corporate Park Dr #8, Pembroke, MA 02359",N/A,N/A,baystatebath.com,"463J+6F Pembroke, Massachusetts",(781) 826-4141
Ardente Supply and Waterspot Showroom,5.0,4,Plumbing supply store,"11 Brooks Dr, Braintree, MA 02184",N/A,N/A,ardente.com,"6X67+C4 Braintree, Massachusetts",(781) 817-5444
Blu's Shower Door,4.8,10,Window installation service,"814 Chief Justice Cushing Hwy, Cohasset, MA 02025",N/A,N/A,blusshowerdoor.com,"6692+R9 Cohasset, Massachusetts",(781) 424-1699
Bathroom,4.3,22,Public bathroom,"Cambridgeside, 100 Cambridgeside Pl, Cambridge, MA 02141",N/A,N/A,N/A,"9W9F+8C Cambridge, Massachusetts",N/A
Comfort Station - Public Restroom,N/A,N/A,Public bathroom,"230 Nantasket Ave, Hull, MA 02045",N/A,N/A,mass.gov,"749V+XH Hull, Massachusetts",(781) 925-1777
KOHLER Signature Store by Supply New England,4.8,70,Bathroom supply store,"7 Tide St, Boston, MA 02210",N/A,N/A,kohlersignaturestoreboston.com,"8XW9+CV Boston, Massachusetts",(617) 202-0068
Jacuzzi Bath Remodel by Capital,4.6,212,Bathroom remodeler,"354 Turnpike St Suite 302, Canton, MA 02021",N/A,N/A,bathmo.com,"5VFR+C2 Canton, Massachusetts",(833) 888-0364
Boston Bath- Buy Local Online,4.3,6,Bathroom supply store,"875 Morton St, Mattapan, MA 02126",N/A,N/A,bostonbath.com,"7WH7+QX Mattapan, Boston, MA",(617) 433-1261
Republic Plumbing Supply Co,3.7,35,Plumbing supply store,"20 Raymond St, Quincy, MA 02169",N/A,N/A,republicsupplyco.com,"7224+79 Quincy, Massachusetts",(617) 472-6345
Norfolk Kitchen & Bath Boston,4.4,44,Kitchen remodeler,"999 Morton St, Boston, MA 02126",N/A,N/A,norfolkkitchenandbath.com,"7WH9+9W Boston, Massachusetts",(617) 296-6600
Renovisions,5.0,6,Kitchen remodeler,"150 Broadway, Hanover, MA 02339",N/A,N/A,renovisionsinc.com,"457P+7R Hanover, Massachusetts",(781) 826-0559
In House Kitchen Design,4.9,39,Cabinet store,"415 Neponset Ave, Dorchester, MA 02122",N/A,N/A,inhousekitchendesign.com,"7XP4+CH Dorchester, Boston, MA",(617) 420-5421
Good Life New England,5.0,N/A,Kitchen remodeler,"327 Washington St, Norwell, MA 02061",N/A,N/A,goodlifenewengland.com,N/A,(781) 545-1500
Good Life New England,5.0,N/A,Kitchen remodeler,"327 Washington St, Norwell, MA 02061",N/A,N/A,goodlifenewengland.com,"547P+53 Norwell, Massachusetts",(781) 545-1500
Cabinets To Go,4.3,87,Cabinet store,"236 Wood Rd, Braintree, MA 02184",N/A,N/A,cabinetstogo.com,"6X96+XP Braintree, Massachusetts",(781) 267-7100
Floor & Decor,4.3,507,Flooring store,"80 Stockwell Dr, Avon, MA 02322",N/A,Open ⋅ Closes 8PMSee more hours,flooranddecor.com,"4WMM+3F Avon, Massachusetts",(508) 513-1434
David Cook Comfort Station,3.9,16,Public bathroom,"200 Hull Shore Dr, Hull, MA 02045",N/A,N/A,mass.gov,"74HM+RF Hull, Massachusetts",(781) 925-1777
Frank Webb Home - Boston,3.1,8,Bathroom supply store,"101 Hampden St, Boston, MA 02119",N/A,N/A,frankwebb.com,"8WHF+WW Boston, Massachusetts",(617) 933-0666
Tile World Design Center,5.0,339,Tile store,"1595 Main St, Weymouth, MA 02190",N/A,N/A,tileworlddesign.com,"42XV+XQ Weymouth, Massachusetts",(781) 340-4450
Pearce Remodeling and Construction,5.0,19,Tile contractor,"E Water St, Rockland, MA 02370",N/A,N/A,pearceremodelingconstruction.com,"43MW+MM Rockland, Massachusetts",(781) 626-3003
AMS Home Renovation Boston,4.8,21,General contractor,"10 Young Terrace, Randolph, MA 02368",N/A,N/A,amshomerenovation.com,"5X7C+HM Randolph, Massachusetts",(508) 625-0590
Topnotch Design Studio,5.0,5,Kitchen remodeler,"965 Washington St, Hanover, MA 02339",N/A,N/A,topnotchds.com,"45J7+GG Hanover, Massachusetts",(508) 230-7082
Stella Kitchens,5.0,12,Kitchen remodeler,"428 Washington St, Norwell, MA 02061",N/A,N/A,stellakitchens.com,"545V+RQ Norwell, Massachusetts",(781) 659-2100
Finishing Touch Building and remodeling,5.0,3,Bathroom remodeler,"45 Saning Rd, Weymouth, MA 02191",N/A,N/A,ftbuilt.com,"63P3+9Q Weymouth, Massachusetts",(781) 335-6567
Lux Bathroom Remodeling Boston,4.9,12,Bathroom remodeler,"40 Court St, Boston, MA 02108",N/A,N/A,luxbathroomremodelingboston.com,"9W5R+G7 Boston, Massachusetts",(781) 633-6685
Tiles By Perfection,4.5,42,Flooring store,"190 Willard St, Quincy, MA 02169",N/A,N/A,tilesbyperfection.net,"6XX8+M5 Quincy, Massachusetts",(978) 874-9642
Ferguson Plumbing Supply,3.3,15,Plumbing supply store,"94 Liberty St, Quincy, MA 02169",N/A,N/A,ferguson.com,"6XQR+3V Quincy, Massachusetts",(617) 471-7003
Versatile Builders LLC,5.0,6,Tile contractor,"11 Bedford St, Quincy, MA 02169",N/A,N/A,versatilebuildersllc.com,"6XXQ+XC Quincy, Massachusetts",(617) 939-7995
Mavy Home Improvement LLC,5.0,18,General contractor,"32 East St, Boston, MA 02122",N/A,N/A,mavyhomeimprovement.com,"8W4Q+XX Boston, Massachusetts",(617) 909-3203
The Cabinetry,4.8,25,Kitchen remodeler,"25 Washington St, Norwell, MA 02061",N/A,N/A,thecabinetry.net,"54F8+PM Norwell, Massachusetts",(781) 749-6777
Bellew Tile & Marble Co,4.7,83,Tile store,"308 Hingham St, Rockland, MA 02370",N/A,N/A,bellewtile.com,"43WW+3G Rockland, Massachusetts",(781) 982-3030
"WP Construction Inc | Remodeling of kitchens, bathrooms, interior spaces, exteriors, and additions.",3.0,2,Construction company,"64 Welsford St, Brockton, MA 02302",N/A,N/A,wpconstructioninc.com,"4X7Q+25 Brockton, Massachusetts",(781) 252-9796
Bill Shea's Replacement Countertops,4.2,25,Countertop store,"11 Lebanon St, Quincy, MA 02169",N/A,N/A,billsheas.com,"62XC+54 Quincy, Massachusetts",(888) 267-4269
Stone Design Pro,4.9,57,Countertop store,"1235 Main St, Weymouth, MA 02190",N/A,N/A,stonedesignpro.com,"526V+VG Weymouth, Massachusetts",(781) 331-3000
Restroom in Boston Common Visitor Center,4.3,19,Public bathroom,"139 Tremont St, Boston, MA 02108",Located in: Boston Common Visitors Center,N/A,N/A,"9W4P+5C Boston, Massachusetts",N/A
Handyman Connection of South Shore,4.7,218,Handyman/Handywoman/Handyperson,"819 Washington St, Hanover, MA 02339",N/A,N/A,handymanconnection.com,"45H9+8M Hanover, Massachusetts",(781) 829-3030
Mister Tile Corp,5.0,17,Construction company,"59 James St, Holbrook, MA 02343",N/A,N/A,themistertile.com,"4XRW+97 Holbrook, Massachusetts",(857) 247-5102
Quintessential Interiors,5.0,3,Interior designer,"Naval Air Station, South Weymouth, 18 Dorset Park Ln, Weymouth, MA 02190",N/A,N/A,quintessentialinteriors.com,"5353+GF Weymouth, Massachusetts",(508) 801-9524
"Sticks & Stones Kitchens, Bath and Interior Design",N/A,N/A,Kitchen remodeler,"344 Gannett Rd, Scituate, MA 02066",N/A,N/A,sticksandstoneskitchens.com,"6698+W8 Scituate, Massachusetts",(508) 789-7435
Bath Fitter,3.7,16,Bathroom remodeler,"41 Elm St Ste 3, Stoneham, MA 02180",N/A,N/A,bathfitter.com,"FWP2+JX Stoneham, Massachusetts",(781) 435-7316
J. Kenneway / Awl Carpentry,4.9,30,Home builder,"4 Union St Unit 5, Scituate, MA 02066",N/A,N/A,awlcarpentry.com,"57J3+C6 Scituate, Massachusetts",(781) 389-2424
TruDesign Co. Inc.,5.0,18,General contractor,"20 Station St Unit A, Weymouth, MA 02189",N/A,N/A,trudesignco.com,"639F+CH Weymouth, Massachusetts",(781) 803-3355
Nardi Painting & Tile,5.0,21,Contractor,"2 Royal Lake Dr, Braintree, MA 02184",N/A,N/A,nardipainttile.com,"6X2M+5M Braintree, Massachusetts",(781) 228-9911
"Nailman Construction, LLC",5.0,2,Construction company,"970 Union St, Rockland, MA 02370",N/A,N/A,thenailman.com,"43XG+3C Rockland, Massachusetts",(781) 878-7999
da silva tile installation & Design Inc,4.9,47,Tile contractor,"143 Pleasant St, Rockland, MA 02370",N/A,N/A,N/A,"43WP+4H Rockland, Massachusetts",(781) 588-5390
Winthrop Bathroom Remodeling,5.0,N/A,Bathroom remodeler,"67 Woodside Ave Ste. 103, Winthrop, MA 02152",N/A,N/A,winthropbathroomremodeling.com,"92F7+M9 Winthrop, Massachusetts",(617) 634-8222
Classic Tile & Stone Inc,4.0,9,Tile store,"9 Whiting St, Hingham, MA 02043",N/A,N/A,classictile-stone.com,"54G7+3J Hingham, Massachusetts",(781) 741-5230
David St Germain Remodeling Co,5.0,2,Home builder,"290 Union St, Braintree, MA 02184",N/A,N/A,N/A,"6264+PV Braintree, Massachusetts",(617) 842-3853
Ranierry Tile installation INC,5.0,32,Tile contractor,"3 Avalon Ave, Quincy, MA 02169",N/A,N/A,ranierrytile.com,"62XF+6X Quincy, Massachusetts",(781) 299-4598
David St Germain Remodeling Co,5.0,2,Home builder,"290 Union St, Braintree, MA 02184",N/A,N/A,N/A,"6264+PV Braintree, Massachusetts",(617) 842-3853
C. J. Murphy Construction,5.0,19,General contractor,"48 Granger St, Dorchester, MA 02122",N/A,N/A,facebook.com,"8W3R+2W Dorchester, Boston, MA",(508) 216-5266
HomeGoods,4.5,276,Department store,"10 Washington St, Norwell, MA 02061",Located in: Queen Anne Plaza,N/A,homegoods.com,"54F8+3V Norwell, Massachusetts",(781) 878-0868
VOMA Construction Company,5.0,6,Construction company,"39 Baxter Ave, Quincy, MA 02169",N/A,N/A,N/A,"62X9+JH Quincy, Massachusetts",(857) 445-3765
Metropolitan Cabinets and Countertops,5.0,N/A,Cabinet maker,"1175 Dorchester Ave, Dorchester, MA 02125",N/A,N/A,metcabinet.com,"8W6R+7R Dorchester, Boston, MA",(781) 949-8970
Northeastern Marble & Granite,3.6,33,Countertop store,"29 Adams St, Braintree, MA 02184",N/A,N/A,northeasterngranite.com,"62F3+RW Braintree, Massachusetts",(781) 660-6151
Alex Construction - Home Remodeling- Bathroom & Kitchen Renovations,4.7,31,General contractor,"45 Dan Rd Suite 125, Canton, MA 02021",N/A,N/A,alexconstructionusa.com,"5V6P+5J Canton, Massachusetts",(617) 299-0531
Alex Construction - Home Remodeling- Bathroom & Kitchen Renovations,4.7,31,General contractor,"45 Dan Rd Suite 125, Canton, MA 02021",N/A,N/A,alexconstructionusa.com,"43MQ+7W Rockland, Massachusetts",(781) 654-7699
"Thom Cincotta Custom Renovation & Repair, LLC",5.0,N/A,Repair service,"167 Webster St, Rockland, MA 02370",N/A,N/A,cincottarenovation.com,"43MQ+7W Rockland, Massachusetts",(781) 654-7699
The Remodeled Bathroom Co.,N/A,N/A,Bathroom remodeler,"324 Harvard St, Brookline, MA 02446",N/A,N/A,N/A,"8VVG+8G Brookline, Massachusetts",(617) 604-1771
The Home Depot,4.0,1148,Home improvement store,"60 Stockwell Dr, Avon, MA 02322",N/A,Open ⋅ Closes 10PMSee more hours,homedepot.com,"4WJM+FX Avon, Massachusetts",(508) 580-0600
The Home Depot,4.0,1148,Home improvement store,"60 Stockwell Dr, Avon, MA 02322",N/A,Open ⋅ Closes 10PMSee more hours,homedepot.com,"4WJM+FX Avon, Massachusetts",(508) 580-0600
