name,rating,reviews_count,category,address,location,hours,website,plus_code,phone
LeafFilter Gutter Protection,4.1,194,Gutter cleaning service,"30 Commerce Way Suite 300A, Woburn, MA 01801",N/A,N/A,leaffilter.com,"GV59+23 Woburn, Massachusetts",(800) 290-6106
Ned Stevens Gutter Cleaning,4.5,1201,Gutter cleaning service,"150 Cross St, Winchester, MA 01890",N/A,N/A,nedstevens.com,"FV89+Q3 Winchester, Massachusetts",(781) 490-9410
East Coast Seamless Gutters,5.0,4,Gutter service,"7 Littleton Rd A2, Westford, MA 01886",N/A,Closed ⋅ Opens 7AM FriSee more hours,eastcoastseamless-gutters.com,"HJH2+HW Westford, Massachusetts",(978) 751-5736
"New England Gutter Kings, Inc.",4.2,164,Gutter cleaning service,"50 Boston Rd, Lowell, MA 01852",N/A,N/A,nedstevens.com,"JMFP+6J Lowell, Massachusetts",(978) 404-7473
Master Gutter Service,5.0,7,Gutter service,"430 Marrett Rd, Lexington, MA 02421",N/A,N/A,mastergutterservice.com,"CQM5+M2 Lexington, Massachusetts",(781) 691-2211
LeafFilter Gutter Protection,4.1,194,Gutter cleaning service,"30 Commerce Way Suite 300A, Woburn, MA 01801",N/A,N/A,leaffilter.com,"GV59+23 Woburn, Massachusetts",(800) 290-6106
K-Guard of Boston,5.0,2,Gutter cleaning service,"15 Cummings Park Dr, Woburn, MA 01801",N/A,N/A,kguardgutterofboston.com,"FVXG+G5 Woburn, Massachusetts",(781) 932-4805
"American Gutter Cleaning & Installations, Inc.",3.1,115,Gutter cleaning service,"1023 East St, Tewksbury, MA 01876",N/A,N/A,americangutter.net,"JR96+VR Tewksbury, Massachusetts",(978) 851-6045
HiCleaners,5.0,127,Gutter cleaning service,"907 Main St APT 5, Winchester, MA 01890",N/A,N/A,hicleaners.net,"FV64+XX Winchester, Massachusetts",(781) 333-8758
"Advanced Gutter Installations, LLC",N/A,N/A,Gutter cleaning service,"7 Littleton Rd STE B, Westford, MA 01866",N/A,N/A,N/A,"HJH2+HX Westford, Massachusetts",(978) 808-6913
John Scott Seamless Gutter Supply Inc,5.0,4,Contractor,"77 Alexander Rd, Billerica, MA 01821",N/A,N/A,johnscottgutters.com,"HQ4P+4X Billerica, Massachusetts",(888) 967-4771
CCC Seamless Gutters,N/A,N/A,Gutter cleaning service,"14 Princeton Rd, Burlington, MA 01803",N/A,N/A,N/A,"GQ6P+V8 Burlington, Massachusetts",(781) 933-5011
Mighty Dog Roofing,4.9,101,Roofing contractor,"66 Tadmuck Rd Suite 6, Westford, MA 01886",N/A,N/A,mightydogroofing.com,"HHFV+QJ Westford, Massachusetts",(978) 375-9847
"A WHOLESALE GUTTER SUPPLY,INC",3.6,7,Construction company,"7 Rolling Hill Rd, Billerica, MA 01821",N/A,N/A,N/A,"HP5X+28 Billerica, Massachusetts",(978) 815-6579
CloughContracting roofing an gutter service,5.0,N/A,Roofing contractor,"85 Church St, Wilmington, MA 01887",N/A,N/A,N/A,"HR2J+G6 Wilmington, Massachusetts",(617) 356-9679
Green Monster Gutters,4.9,38,Gutter cleaning service,"30 Spring St, Medford, MA 02155",N/A,N/A,greenmonstergutters.com,"CW74+58 Medford, Massachusetts",(617) 245-0202
Alo Seamless Gutters LLC,5.0,78,Gutter cleaning service,"210 Whitcomb Ave, Littleton, MA 01460",N/A,N/A,alogutters.com,"GFCC+VV Littleton, Massachusetts",(508) 572-5557
Alo Seamless Gutters LLC,5.0,78,Gutter cleaning service,"210 Whitcomb Ave, Littleton, MA 01460",N/A,N/A,alogutters.com,"GFCC+VV Littleton, Massachusetts",(508) 572-5557
Northeast Gutter,N/A,N/A,Gutter cleaning service,"186 Boylston St, Lowell, MA 01852",N/A,N/A,northeastgutter.com,"JPG7+WQ Lowell, Massachusetts",(978) 458-1804
Watertown Gutter Cleaning,4.3,19,Gutter cleaning service,"4 Cypress St, Watertown, MA 02472",N/A,N/A,watertownguttercleaning.com,"9R8J+76 Watertown, Massachusetts",(781) 777-3933
FRS Roofing + Gutters,4.9,516,Roofing contractor,"11 Salem St Suite 12, Medford, MA 02155",N/A,N/A,frsroof.com,"CV9R+79 Medford, Massachusetts",(781) 322-6252
Guthrie Home Improvement,3.9,7,Roofing contractor,"14 Belle Ave, Lowell, MA 01851",N/A,N/A,guthriehi.com,"JM9F+82 Lowell, Massachusetts",(978) 815-8723
MELENDEZ CONSTRUCTION,4.8,26,Roofing contractor,"100 Powder Mill Rd Suit 201, Acton, MA 01720",Located in: Powder Mill Plaza,N/A,angi.com,"CHRC+RV Acton, Massachusetts",(781) 330-4018
Gemini Roofing and Exteriors,5.0,6,Roofing contractor,"787 Boston Rd, Billerica, MA 01821",N/A,N/A,geminiroofingboston.com,"GQJC+2H Billerica, Massachusetts",(857) 232-0410
Northeast Maintenance Services,4.9,64,Gutter cleaning service,"4 Sherwood Dr, Bedford, MA 01730",N/A,N/A,northeastmaintenance.com,"GP2W+F8 Bedford, Massachusetts",(339) 221-7222
Allen Window & Gutter Cleaning,5.0,N/A,Gutter cleaning service,"130 Pine Hill Cir, Waltham, MA 02451",N/A,N/A,N/A,"CQ33+6R Waltham, Massachusetts",(781) 535-9585
A's Gutter Cleaning & Power Washing,5.0,N/A,Gutter cleaning service,"185 Stackpole St A, Lowell, MA 01852",N/A,N/A,N/A,"JPW2+49 Lowell, Massachusetts",(978) 918-8209
JM Exteriors Roofing Siding,5.0,69,Roofing contractor,"21 Wedge St, Lowell, MA 01851",N/A,N/A,jmroofingsiding.com,"JMG8+R8 Lowell, Massachusetts",(603) 966-8281
Skyline Gutters,5.0,17,Gutter service,"55 Brackenbury St, Malden, MA 02148",N/A,N/A,skyline-gutters.com,"CW9J+3H Malden, Massachusetts",(857) 248-7548
Golden Group Roofing & Solar,4.9,78,Roofing contractor,"76 Bedford St Suite 11, Lexington, MA 02420",Located in: Custance Place,N/A,goldengrouproofing.com,"FQ38+HH Lexington, Massachusetts",(508) 873-1884
Roofing Service Pro's,5.0,17,Roofing contractor,"35 Summer St, Tewksbury, MA 01876",N/A,N/A,roofingservicepro.com,"JQ67+P9 Tewksbury, Massachusetts",(978) 219-6162
UNIVERSE GUTTERS INC.,5.0,24,Gutter service,"2 Royal Crest Dr #12, Marlborough, MA 01752",N/A,Open 24 hoursSee more hours,universeguttersinc.com,"9F48+7H Marlborough, Massachusetts",(508) 904-8902
Daves Window and Gutter Cleaning,4.3,15,Gutter cleaning service,"8 Walnut St, Wakefield, MA 01880",N/A,N/A,daveswindowandguttercleaning.com,"GW29+GQ Wakefield, Massachusetts",(781) 662-9415
The Brothers that just do Gutters,5.0,58,Gutter service,"41 Brigham St #1, Marlborough, MA 01752",N/A,N/A,brothersgutters.com,"8FJ4+RR Marlborough, Massachusetts",(978) 243-0543
Northshore Gutter Cleaning,5.0,36,Gutter cleaning service,"4 Leonard Rd, Peabody, MA 01960",N/A,N/A,N/A,"G277+8G Peabody, Massachusetts",(978) 360-8445
Gutter Queen,4.8,17,Gutter cleaning service,"576 Boston Post Rd E Suite I-A, Marlborough, MA 01752",N/A,N/A,thegutterqueen.com,"8FXV+G2 Marlborough, Massachusetts",(978) 212-3004
Curb Appeal Power Wash-Soft Wash & Gutter Cleaning,5.0,77,Pressure washing service,"277 Foster Rd, Tewksbury, MA 01876",N/A,N/A,curbappeal978.com,"HQRG+QC Tewksbury, Massachusetts",(978) 876-0461
Fish Window Cleaning,4.9,295,Window cleaning service,"215 Salem St, Woburn, MA 01801",N/A,N/A,fishwindowcleaning.com,"FVP8+V7 Woburn, Massachusetts",(781) 932-5800
Manny Gutter Services Inc.,4.4,14,Gutter service,"165 Bow St, Everett, MA 02149",N/A,N/A,mannygutterservices.com,"9WXQ+HG Everett, Massachusetts",(617) 595-3392
Lima Gutters,5.0,2,Gutter cleaning service,"66 Woodlawn St, Everett, MA 02149",N/A,N/A,limagutters.com,"CX64+6H Everett, Massachusetts",(857) 888-1112
"ORE Attic Insulation & Roofing Services Woburn, MA",5.0,2,Contractor,"5 Orchard Park, Woburn, MA 01801",N/A,N/A,N/A,"FRJJ+H6 Woburn, Massachusetts",(339) 236-7849
Sudbury Seamless Gutters,4.6,19,Gutter cleaning service,"66 Farm Rd, Marlborough, MA 01752",N/A,N/A,godaddysites.com,N/A,(978) 440-7899
International Gutters,5.0,283,Gutter cleaning service,"17 Union Pl, Lynn, MA 01902",N/A,N/A,internationalgutters.com,"F396+R9 Lynn, Massachusetts",(855) 584-8883
"Reynolds Gutter, inc.",5.0,9,Gutter cleaning service,"54 W Dane St, Beverly, MA 01915",N/A,N/A,reynoldsgutter.com,"H428+H4 Beverly, Massachusetts",(978) 927-5732
"Patriot Attic Insulation & Roofing Service Dracut, MA",4.5,6,Gutter cleaning service,"45 Champlain St, Dracut, MA 01826",N/A,N/A,N/A,"MMCX+H6 Dracut, Massachusetts",(978) 209-4203
Roofing Plus Gutters,N/A,N/A,Roofing contractor,"95 Maple St #20, Malden, MA 02148",N/A,N/A,roofingplusgutters.com,"CWJC+2V Malden, Massachusetts",(781) 242-5566
Arrow Property Services Inc,4.9,33,Window cleaning service,"50 Concord St, Wilmington, MA 01887",N/A,N/A,arrowpropserv.com,"HV56+HG Wilmington, Massachusetts",(617) 322-0070
JACOB Sparkling,4.9,7,Cleaners,"31 Lindsay Rd, Billerica, MA 01821",N/A,N/A,N/A,"GPMV+PP Billerica, Massachusetts",(617) 921-3294
Elite Gutters,5.0,66,Gutter cleaning service,"149 Main St Unit B, Peabody, MA 01960",N/A,N/A,eliteguttersboston.com,"G3FH+5Q Peabody, Massachusetts",(857) 939-0911
Mass Roofing and Gutter,2.8,11,Roofing contractor,"470 Main St, Medford, MA 02155",N/A,N/A,massroofingandgutters.com,"CV2V+QM Medford, Massachusetts",(781) 874-0095
Shannon Gutter Services,5.0,4,Gutter cleaning service,"63 Franklin St, Watertown, MA 02472",N/A,N/A,N/A,"9R8G+H6 Watertown, Massachusetts",(617) 926-3064
All Gutters Inc,5.0,21,Gutter service,"X449, Boston Post Rd E, Marlborough, MA 01752",Located in: Longfellow Plaza Laundromat,N/A,allgutterinc.com,"8FXV+PF Marlborough, Massachusetts",(508) 970-5717
Billerica Roofing Pros,5.0,16,Roofing contractor,"5 Nickerson Dr, Billerica, MA 01821",N/A,N/A,N/A,"HQ34+X6 Billerica, Massachusetts",(351) 210-7676
Billerica Roofing Pros,5.0,16,Roofing contractor,"5 Nickerson Dr, Billerica, MA 01821",N/A,N/A,N/A,"HQ34+X6 Billerica, Massachusetts",(351) 210-7676
HiCleaners,4.9,213,Pressure washing service,"109 Medford St, Malden, MA 02148",N/A,N/A,hicleaners.net,"CW9H+8W Malden, Massachusetts",(781) 333-8758
Yellowtail Gutters,5.0,4,Gutter cleaning service,"2193 Commonwealth Ave #388, Brighton, MA 02135",N/A,N/A,yellowtailgutters.com,"8RRM+4F Brighton, Boston, MA",(617) 933-9354
Boston Roofing And Gutters,4.4,43,Roofing contractor,"277 Newport Ave, Quincy, MA 02170",N/A,N/A,bostonroofingandgutters.com,"7X8H+QC Quincy, Massachusetts",(781) 267-3778
SNS MOREY INC,5.0,8,Roofing contractor,"14 Governor Peabody Rd, Billerica, MA 01821",N/A,N/A,snsmoreyinc.com,"HQC6+38 Billerica, Massachusetts",(978) 857-9278
RB Farina Roofing Co,4.8,430,Roofing contractor,"1319 Massachusetts Ave, Arlington, MA 02476",N/A,N/A,farinaroof.com,"CRF8+QX Arlington, Massachusetts",(781) 394-9734
The Home Depot,4.1,1612,Home improvement store,"85 Main St, Tewksbury, MA 01876",N/A,Closes soon ⋅ 10PM ⋅ Opens 6AM FriSee more hours,homedepot.com,"JPGH+4M Tewksbury, Massachusetts",(978) 640-0400
Senco Home Services,4.6,36,Roofing contractor,"1150 Main St, Tewksbury, MA 01876",N/A,N/A,sencohomeservices.com,"JQ5C+GG Tewksbury, Massachusetts",(978) 647-3626
"King Window Cleaning / Power Washing - Lowell, MA",5.0,73,Pressure washing service,"119 Butterfield St, Lowell, MA 01854",N/A,Open 24 hoursSee more hours,kingwindowscleaning.com,"JMVF+RH Lowell, Massachusetts",(978) 648-0121
