name,rating,reviews_count,category,address,location,hours,website,plus_code,phone
ERC Inc. - Egama Roofing Corp.,5.0,93,Roofing contractor,"769 Waverly St, Framingham, MA 01702",N/A,N/A,egamaroofing.net,"7HFC+32 Framingham, Massachusetts",(508) 808-3523
ERC Inc. - Egama Roofing Corp.,5.0,93,Roofing contractor,"769 Waverly St, Framingham, MA 01702",N/A,N/A,egamaroofing.net,"7HFC+32 Framingham, Massachusetts",(508) 808-3523
Everett Aluminum,4.3,38,Siding contractor,"10 Everett Ave, Everett, MA 02149",N/A,N/A,everettaluminum.com,"CX35+29 Everett, Massachusetts",(617) 389-3839
DeFrancesco Construction,5.0,85,Siding contractor,"418 Brush Hill Rd, Milton, MA 02186",N/A,N/A,defrancescoconstruction.com,"7V3V+FX Milton, Massachusetts",(617) 365-1444
DeFrancesco Construction,5.0,85,Siding contractor,"418 Brush Hill Rd, Milton, MA 02186",N/A,N/A,defrancescoconstruction.com,"7V3V+FX Milton, Massachusetts",(617) 365-1444
Boston Exterior Remodeling,4.8,16,Siding contractor,"2095 Centre St, Boston, MA 02132",N/A,N/A,bostonexteriorremodeling.com,"7RHR+C2 Boston, Massachusetts",(617) 390-5434
Boston Exterior Remodeling,4.8,16,Siding contractor,"2095 Centre St, Boston, MA 02132",N/A,N/A,bostonexteriorremodeling.com,"7RHR+C2 Boston, Massachusetts",(617) 390-5434
ELEVATED ROOFING AND SIDING CORP,5.0,34,Siding contractor,"283 Walk Hill St, Boston, MA 02131",N/A,N/A,elevatedroofingma.com,N/A,(617) 777-6852
Stormtite,4.8,25,Window installation service,"170 Belmont St, Watertown, MA 02472",N/A,N/A,stormtite.com,"9RGR+7X Watertown, Massachusetts",(617) 924-2254
Stormtite,4.8,25,Window installation service,"170 Belmont St, Watertown, MA 02472",N/A,N/A,stormtite.com,"9RGR+7X Watertown, Massachusetts",(617) 924-2254
"Innovative Contracting Services, Inc.",5.0,6,Siding contractor,"699 Broadway, Somerville, MA 02144",N/A,N/A,innovativecontractingservices.com,"CV2Q+26 Somerville, Massachusetts",(781) 393-4427
"Innovative Contracting Services, Inc.",5.0,6,Siding contractor,"699 Broadway, Somerville, MA 02144",N/A,N/A,innovativecontractingservices.com,"CV2Q+26 Somerville, Massachusetts",(781) 393-4427
Roofing and Siding of Boston,5.0,6,Roofing contractor,"530 Atlantic Ave #606, Boston, MA 02210",Located in: Atlantic Wharf,N/A,bostonroofingandsiding.com,"9W3W+FQ Boston, Massachusetts",(855) 800-9080
Roofing and Siding of Boston,5.0,6,Roofing contractor,"530 Atlantic Ave #606, Boston, MA 02210",Located in: Atlantic Wharf,N/A,bostonroofingandsiding.com,"9W3W+FQ Boston, Massachusetts",(855) 800-9080
Secure Roofing,5.0,30,Roofing contractor,"141 Bayside Rd, Quincy, MA 02171",N/A,N/A,quincyroofing.com,"7XXV+8F Quincy, Massachusetts",(617) 770-9323
Fitzpatrick Roofing & Construction,5.0,3,Roofing contractor,"320 Adams St, Dorchester, MA 02122",N/A,N/A,N/A,"7WXV+C6 Dorchester, Boston, MA",(617) 288-4058
CAN Roof Construction,5.0,92,Roofing contractor,"75 Arlington St #500, Boston, MA 02116",Located in: The Arlington,N/A,canroofconstruction.com,"8WXJ+X4 Boston, Massachusetts",(857) 415-7727
CAN Roof Construction,5.0,92,Roofing contractor,"75 Arlington St #500, Boston, MA 02116",Located in: The Arlington,N/A,canroofconstruction.com,"62HH+WH Braintree, Massachusetts",(617) 472-4545
"Liberty Painting and Siding, LLC",5.0,8,Painting,"5 Pleasant View Ave, Braintree, MA 02184",N/A,N/A,libertypaintingandsiding.com,"62HH+WH Braintree, Massachusetts",(617) 472-4545
D&G Exteriors,5.0,12,Roofing contractor,"51 Pleasant St, Malden, MA 02148",N/A,N/A,dandgexteriors.com,"CWGJ+QH Malden, Massachusetts",(781) 328-4063
Roof Tops,5.0,101,Roofing contractor,"East St, Dedham, MA 02026",N/A,N/A,rooftopsllc.com,"6RQP+H6 Dedham, Massachusetts",(508) 524-1305
E B Window and Siding Co,4.5,55,Siding contractor,"330 Lynnway Suite 211, Lynn, MA 01901",N/A,N/A,ebwindow.com,"F342+X6 Lynn, Massachusetts",(781) 842-1056
E B Window and Siding Co,4.5,55,Siding contractor,"330 Lynnway Suite 211, Lynn, MA 01901",N/A,N/A,ebwindow.com,"F342+X6 Lynn, Massachusetts",(781) 842-1056
Brown Bros. Roofing,4.9,48,Roofing contractor,"1069 East St, Dedham, MA 02026",N/A,N/A,brownbrosroofing.net,"6RGP+Q8 Dedham, Massachusetts",(781) 329-2895
Brown Bros. Roofing,4.9,48,Roofing contractor,"1069 East St, Dedham, MA 02026",N/A,N/A,brownbrosroofing.net,"6RGP+Q8 Dedham, Massachusetts",(781) 329-2895
Northeast Industrial Roof,5.0,114,Roofing contractor,"510 Riverside Ave, Medford, MA 02155",N/A,N/A,niroof.com,"CW67+2W Medford, Massachusetts",(781) 874-0248
Northeast Industrial Roof,5.0,114,Roofing contractor,"510 Riverside Ave, Medford, MA 02155",N/A,N/A,niroof.com,"CW67+2W Medford, Massachusetts",(781) 874-0248
Absolute Construction Group LLC,5.0,18,Roofing contractor,"257 Willard St, Quincy, MA 02169",N/A,N/A,absoluteconstructiongroupllc.com,"6XW8+QM Quincy, Massachusetts",(617) 481-1725
Doherty Slate Roofing,4.9,39,Roofing contractor,"96 Sycamore St, Somerville, MA 02145",N/A,N/A,dohertyslateroofing.com,"9WR2+M6 Somerville, Massachusetts",(617) 595-1551
Doherty Slate Roofing,4.9,39,Roofing contractor,"96 Sycamore St, Somerville, MA 02145",N/A,N/A,dohertyslateroofing.com,"9WR2+M6 Somerville, Massachusetts",(617) 595-1551
Ferrara Roofing & Contracting Inc.,5.0,6,Roofing contractor,"16 Webster Street, Rockland, MA 02370",N/A,N/A,ferrararoofing.com,"64G8+VM Rockland, Massachusetts",(781) 925-5056
Ferrara Roofing & Contracting Inc.,5.0,6,Roofing contractor,"16 Webster Street, Rockland, MA 02370",N/A,N/A,ferrararoofing.com,"64G8+VM Rockland, Massachusetts",(781) 925-5056
Countryside Painting Company llc,5.0,21,Painter,"57 Cherry St, Somerville, MA 02144",N/A,N/A,countrysidepaintingcompany.com,"9VRP+V7 Somerville, Massachusetts",(617) 629-4820
Roof Hub,4.8,68,Roofing contractor,"240 E 8th St #1, Boston, MA 02127",N/A,N/A,myroofhub.com,"8WJX+XV Boston, Massachusetts",(857) 237-7648
Diamond Edge Construction Inc,3.0,2,Siding contractor,"30 Cambria St, Somerville, MA 02143",N/A,N/A,N/A,"9VQV+3P Somerville, Massachusetts",(617) 625-4204
J F Roofing,5.0,N/A,Roofing contractor,"34 Ocean Ave, Quincy, MA 02171",N/A,N/A,N/A,N/A,(617) 471-8216
Storm Works Roofing & Restoration,4.8,123,Roofing contractor,"295 Belmont St, Belmont, MA 02478",N/A,N/A,stormworksroofing.com,"9RGP+RF Belmont, Massachusetts",(844) 786-7696
American Exterior & Window,5.0,N/A,Roofing contractor,"300 Commercial Street, Boston, MA 02113",N/A,N/A,americanexteriorma.com,"9W8X+29 Boston, Massachusetts",(888) 744-1756
Abacus Builders & General Contractors Inc.,4.9,44,General contractor,"190 Old Colony Ave, Boston, MA 02127",N/A,N/A,abacusbuilders.com,"8WMW+CC Boston, Massachusetts",(617) 269-1213
"Iwano and Sons Construction, Inc.",5.0,44,Kitchen remodeler,"399 Ferry St B, Everett, MA 02149",Located in: Samy's Convenience Store,N/A,iwanosons.com,"CX82+QF Everett, Massachusetts",(781) 435-2126
OJ Construction siding and tiling service,N/A,N/A,Siding contractor,"7 Ferry St, Everett, MA 02149",N/A,N/A,N/A,"CX32+PW Everett, Massachusetts",(617) 461-5480
Capital Construction Contracting,4.3,282,Construction company,"3 Norwood St, Boston, MA 02122",N/A,N/A,capitalcons.com,"7XR4+73 Boston, Massachusetts",(617) 319-1225
Capital Construction Contracting,4.3,282,Construction company,"3 Norwood St, Boston, MA 02122",N/A,N/A,capitalcons.com,"7XR4+73 Boston, Massachusetts",(617) 319-1225
ABC Supply Co. Inc.,5.0,5,Roofing supply store,"115 E Howard St, Quincy, MA 02169",N/A,N/A,abcsupply.com,"62VF+29 Quincy, Massachusetts",(617) 691-1345
"Reliable Roofing, Siding & Windows",4.7,154,Roofing contractor,"194 Tosca Dr, Stoughton, MA 02072",N/A,N/A,reliablewindowandsiding.net,"4VPG+C4 Stoughton, Massachusetts",(781) 746-7333
C&K Roofing & General Contracting Inc,4.7,13,General contractor,"15 Cypress St #204, Newton, MA 02459",N/A,N/A,ckroofingne.com,"8RH3+CX Newton, Massachusetts",(781) 518-3456
C&K Roofing & General Contracting Inc,4.7,13,General contractor,"15 Cypress St #204, Newton, MA 02459",N/A,N/A,ckroofingne.com,"8RH3+CX Newton, Massachusetts",(781) 518-3456
"VAN's Attic Insulation & Roofing Services Inc, MA",4.8,5,Contractor,"557 Nantasket Ave, Hull, MA 02045",N/A,N/A,N/A,N/A,(781) 925-5087
"VAN's Attic Insulation & Roofing Services Inc, MA",4.8,5,Contractor,"557 Nantasket Ave, Hull, MA 02045",N/A,N/A,N/A,"74MF+RX Hull, Massachusetts",(781) 925-5087
"ZND-SAL Attic-Solution & Insulation's & Roofing Service Watertown, MA",5.0,3,Contractor,"1 Summer St, Watertown, MA 02472",N/A,N/A,N/A,"9R89+P4 Watertown, Massachusetts",(617) 485-1863
Lockwood Construction Company Inc,4.7,15,General contractor,"12 Davis Ct, Brookline, MA 02445",N/A,N/A,N/A,"8VJJ+W7 Brookline, Massachusetts",N/A
Lockwood Construction Company Inc,4.7,15,General contractor,"12 Davis Ct, Brookline, MA 02445",N/A,N/A,N/A,"8VJJ+W7 Brookline, Massachusetts",N/A
"ZND-ANG Attic-Solution & Insulation's & Roofing Service Milton, MA",5.0,2,Contractor,"75 Standish Rd, Milton, MA 02186",N/A,N/A,N/A,"7W69+C3 Milton, Massachusetts",(781) 210-9573
"ZND-ANG Attic-Solution & Insulation's & Roofing Service Milton, MA",5.0,2,Contractor,"75 Standish Rd, Milton, MA 02186",N/A,N/A,N/A,"7W69+C3 Milton, Massachusetts",(781) 210-9573
Bermudes Remodeling,N/A,N/A,Siding contractor,"76 Perkins St, Boston, MA 02130",N/A,N/A,N/A,"8VCP+CF Boston, Massachusetts",(781) 540-1680
Ramos Construction,4.9,53,General contractor,"18 N Bowditch St, Braintree, MA 02184",N/A,N/A,ramosconstructionus.com,"62H9+H9 Braintree, Massachusetts",(617) 259-4841
Ramos Construction,4.9,53,General contractor,"18 N Bowditch St, Braintree, MA 02184",N/A,N/A,ramosconstructionus.com,"62H9+H9 Braintree, Massachusetts",(617) 259-4841
Diaute Bros.,5.0,47,Railing contractor,"475 Quincy Ave, Braintree, MA 02184",N/A,N/A,diautebros.com,"62PC+2P Braintree, Massachusetts",(781) 848-0524
Oliveira Painting & Siding,N/A,N/A,Painter,"955 Massachusetts Ave, Cambridge, MA 02139",N/A,N/A,N/A,"9V9R+M3 Cambridge, Massachusetts",(617) 299-1087
Roofers Edge & Siding Inc,4.6,73,Roofing contractor,"2 Summer St #306, Natick, MA 01760",Located in: Clarks Block,N/A,roofersedgeinc.com,"7MM2+MW Natick, Massachusetts",(774) 273-7595
Riley Construction,4.7,3,Roofing contractor,"27 Beebe Rd, Quincy, MA 02169",N/A,N/A,N/A,"725F+3X Quincy, Massachusetts",(617) 472-3335
Riley Construction,4.7,3,Roofing contractor,"27 Beebe Rd, Quincy, MA 02169",N/A,N/A,N/A,"725F+3X Quincy, Massachusetts",(617) 472-3335
XTEND Contracting,4.9,25,General contractor,"165 Middlesex Ave, Somerville, MA 02145",Located in: Assembly Square Marketplace,N/A,xtendcontracting.com,"9WW8+CG Somerville, Massachusetts",(781) 363-2721
XTEND Contracting,4.9,25,General contractor,"165 Middlesex Ave, Somerville, MA 02145",Located in: Assembly Square Marketplace,N/A,xtendcontracting.com,"9WW8+CG Somerville, Massachusetts",(781) 363-2721
"MJM Vinyl Siding, Inc.",5.0,2,Siding contractor,"124 Lintric Dr, Weymouth, MA 02190",N/A,N/A,mjmvinylsidinginc.com,"5387+73 Weymouth, Massachusetts",(781) 340-3318
Cimino Brothers INC,5.0,N/A,General contractor,"143 Church St, Watertown, MA 02472",N/A,N/A,N/A,"9RC9+FR Watertown, Massachusetts",(617) 923-1412
Infinity Group,4.7,15,Construction company,"11 Intervale St, Quincy, MA 02169",N/A,N/A,infinitygroup.construction,"6XQQ+WW Quincy, Massachusetts",(401) 662-6064
Infinity Group,4.7,15,Construction company,"11 Intervale St, Quincy, MA 02169",N/A,N/A,infinitygroup.construction,"6XQQ+WW Quincy, Massachusetts",(401) 662-6064
J.L. Goode Roofing and Building Contractors,4.4,7,Siding contractor,"258 Common St, Braintree, MA 02184",N/A,N/A,joegooderoofing.com,N/A,(781) 963-7663
J.L. Goode Roofing and Building Contractors,4.4,7,Roofing contractor,"258 Common St, Braintree, MA 02184",N/A,N/A,joegooderoofing.com,"6XFM+P7 Braintree, Massachusetts",(781) 963-7663
Green Mountain Painting & Carpentry .Corp.,4.9,67,Carpenter,"327 Reservoir Ave, Revere, MA 02151",N/A,N/A,sites.zing.work,"CX6F+HX Revere, Massachusetts",(617) 230-4557
The Home Depot,4.1,1110,Home improvement store,"465 Centre St, Quincy, MA 02169",N/A,Open ⋅ Closes 10PMSee more hours,homedepot.com,"6XJR+F6 Quincy, Massachusetts",(617) 479-0707
"E.M. Snow, Inc.",4.2,39,Roofing contractor,"971 Main St, Waltham, MA 02451",N/A,N/A,emsnowinc.com,"9PGX+HQ Waltham, Massachusetts",(781) 893-4546
"E.M. Snow, Inc.",4.2,39,Roofing contractor,"971 Main St, Waltham, MA 02451",N/A,N/A,emsnowinc.com,"9PGX+HQ Waltham, Massachusetts",(781) 893-4546
Amazing Fence,5.0,9,Fence contractor,"42 Mayhew St, Dorchester, MA 02125",N/A,N/A,amazingfence.com,"8WCR+GH Dorchester, Boston, MA",(617) 532-0922
Amazing Fence,5.0,9,Fence contractor,"42 Mayhew St, Dorchester, MA 02125",N/A,N/A,amazingfence.com,"8WCR+GH Dorchester, Boston, MA",(617) 532-0922
Nova Roofing and Restorations,5.0,9,Roofing contractor,"29 McDonald St, Dedham, MA 02026",N/A,N/A,novarestorations.com,"6VJ6+XC Dedham, Massachusetts",(781) 407-9112
Adam Quenneville Roofing & Siding Greater Boston,5.0,22,Siding contractor,"396 Washington St #179, Wellesley, MA 02482",N/A,N/A,aqroofgreatboston.com,N/A,(508) 661-9916
Three Sons Window & Door,4.7,106,Window installation service,"481 Main St Ste A, Waltham, MA 02453",Located in: New World Gas,N/A,three-sons.net,"9QG9+XX Waltham, Massachusetts",(781) 899-6353
"Walsh Brothers, Incorporated",5.0,29,General contractor,"210 Commercial Street, Boston, MA 02109",N/A,N/A,walshbrothers.com,N/A,(617) 878-4800
AA Lamonica Construction,4.3,6,Roofing contractor,"23 Elcott Rd, Quincy, MA 02169",N/A,N/A,lamonica-roofing.com,"727F+52 Quincy, Massachusetts",(617) 479-9213
AA Lamonica Construction,4.3,6,Roofing contractor,"23 Elcott Rd, Quincy, MA 02169",N/A,N/A,lamonica-roofing.com,"727F+52 Quincy, Massachusetts",(617) 479-9213
Dependable Fence Co,5.0,4,General contractor,"3 Bonair St, Somerville, MA 02145",N/A,N/A,N/A,"9WQ7+56 Somerville, Massachusetts",(617) 625-8727
Dependable Fence Co,5.0,4,General contractor,"3 Bonair St, Somerville, MA 02145",N/A,N/A,N/A,"9WQ7+56 Somerville, Massachusetts",(617) 625-8727
