name,rating,reviews_count,category,address,location,hours,website,plus_code,phone
Designer Bath - Beverly,4.5,13,Home goods store,"97 River St, Beverly, MA 01915",N/A,N/A,designerbath.com,"G4X7+RR Beverly, Massachusetts",(800) 649-2284
Frank Webb Home - Gloucester,5.0,N/A,Bathroom supply store,"51 Great Republic Dr, Gloucester, MA 01930",N/A,N/A,frankwebb.com,"J9G3+JR Gloucester, Massachusetts",(978) 283-3355
Restroom Remodels,N/A,N/A,Bathroom remodeler,"15 Hammatt St, Ipswich, MA 01938",N/A,N/A,restroomremodels.com,"M5J6+52 Ipswich, Massachusetts",(617) 500-2554
Fazzio Construction,5.0,6,Bathroom remodeler,"11 Labor in Vain Rd, Ipswich, MA 01938",N/A,N/A,fazziollc.com,"M5JF+44 Ipswich, Massachusetts",(206) 593-7681
Salem Plumbing Supply Co,4.6,19,Plumbing supply store,"97 River St, Beverly, MA 01915",N/A,N/A,salemplumbing.com,"G4X7+WV Beverly, Massachusetts",(800) 649-2284
Public Restroom,4.7,13,Public bathroom,"3 T-Wharf, Rockport, MA 01966",N/A,N/A,N/A,"M95M+6Q Rockport, Massachusetts",N/A
IDEAL Shower Doors,4.9,323,Shower door shop,"9 Riverside Ave, Danvers, MA 01923",N/A,N/A,idealshowerdoors.com,"H369+JW Danvers, Massachusetts",(978) 777-9900
Central Wharf Restrooms,4.8,6,Public bathroom,"160 Derby St, Salem, MA 01970",Located in: Salem Maritime National Historic Site,N/A,salem.org,"G4C6+7W Salem, Massachusetts",N/A
Godfrey Design-Build,5.0,38,Kitchen remodeler,"100 Cummings Center Ste 428C, Beverly, MA 01915",N/A,N/A,godfreydesign-build.com,"H467+56 Beverly, Massachusetts",(978) 867-0400
F.W. Webb Company - Gloucester,4.5,12,Plumbing supply store,"51 Great Republic Dr, Gloucester, MA 01930",N/A,N/A,fwwebb.com,"J9G3+JW Gloucester, Massachusetts",(978) 283-7800
State Supply Corporation,4.6,10,Plumbing supply store,"195 High St, Ipswich, MA 01938",N/A,N/A,statesupplycorp.com,"M4VR+J4 Ipswich, Massachusetts",(978) 356-7950
GENROSE Stone and Tile | Ipswich MA,4.9,14,Flooring store,"78 Turnpike Rd, Ipswich, MA 01938",Located in: Linebrook Plaza,N/A,genrose.com,"M3PJ+QR Ipswich, Massachusetts",(978) 380-6268
JC Masonry,4.9,9,Kitchen remodeler,"15 Thorndike St #3f, Beverly, MA 01915",N/A,N/A,jcmasonryma.com,"G4WC+JX Beverly, Massachusetts",(978) 225-5922
Seacoast Cabinet - Custom Cabinet Designer,4.8,23,Cabinet store,"300 Newburyport Turnpike, Rowley, MA 01969",N/A,N/A,seacoastcabinetne.com,"P37R+6W Rowley, Massachusetts",(978) 350-1040
"NorthShore Kitchens Plus, Inc.",5.0,N/A,Kitchen remodeler,"100 Cummings Center #108d, Beverly, MA 01915",N/A,N/A,northshorekitchensplus.com,"H457+8J Beverly, Massachusetts",(781) 631-1060
Halyard Services,5.0,13,Kitchen remodeler,"2 Lee St, Salem, MA 01970",N/A,N/A,halyard.services,"G4J2+G8 Salem, Massachusetts",(978) 594-3824
"Kitchen Tune-Up Peabody, MA",4.9,73,Kitchen remodeler,"12 Lenox Rd, Peabody, MA 01960",N/A,N/A,kitchentuneup.com,"G3QJ+24 Peabody, Massachusetts",(978) 587-7957
Peabody Supply,4.1,26,Plumbing supply store,"58 Pulaski Rear St, Peabody, MA 01960",N/A,N/A,peabodysupply.com,"G3RC+4J Peabody, Massachusetts",(978) 532-2200
Grand Banks Building Products,4.7,27,Building materials store,"7 Crafts Rd, Gloucester, MA 01930",N/A,N/A,grandbanksbp.com,"J8F3+WG Gloucester, Massachusetts",(978) 281-2421
NE Cabinet,4.8,32,Kitchen remodeler,"58 Pulaski St Building D, Peabody, MA 01960",N/A,N/A,necabinet.com,"G3RG+86 Peabody, Massachusetts",(978) 839-3909
WORKS by Jesse DeBenedictis,4.8,25,General contractor,"90 Park St, Beverly, MA 01915",N/A,N/A,worksbyjd.com,"H428+98 Beverly, Massachusetts",(978) 360-2710
Salem Plumbing Supply,5.0,5,Plumbing supply store,"105R Maplewood Ave, Gloucester, MA 01930",N/A,N/A,salemplumbing.com,"J8CJ+HJ Gloucester, Massachusetts",(866) 986-7473
Restrooms,2.8,4,Public bathroom,"Salem, MA 01970",Located in: Forest River Park,N/A,N/A,"G447+FG Salem, Massachusetts",N/A
Superior Marble & Granite LLC,5.0,42,Countertop contractor,"31 Turnpike Rd, Ipswich, MA 01938",N/A,N/A,stonesuperior.com,"M3FG+PV Ipswich, Massachusetts",(978) 539-8746
Tim MK Remodeling,5.0,6,Construction company,"87 Water St #3746, Danvers, MA 01923",N/A,N/A,N/A,"G3XH+X5 Danvers, Massachusetts",(978) 601-6476
EF Granite,5.0,137,Countertop store,"58 Pulaski Rear St Unit 112, Peabody, MA 01960",N/A,N/A,efgranite.com,"G3RC+G4 Peabody, Massachusetts",(781) 558-5872
NPB Improvements LLC,N/A,N/A,Flooring contractor,"12 Hillside St, Rowley, MA 01969",N/A,N/A,npbimprovements.com,"P3HJ+2J Rowley, Massachusetts",(978) 580-0693
Beverly Glass Company,4.7,111,Shower door shop,"33 Tozer Rd Unit 3, Beverly, MA 01915",N/A,N/A,beverlyglass.com,"H4C8+FF Beverly, Massachusetts",(978) 922-2123
Tedford's Building Materials And Hardware,4.6,37,Hardware store,"10 Brown Square, Ipswich, MA 01938",N/A,N/A,stores.truevalue.com,"M5J5+29 Ipswich, Massachusetts",(978) 356-4387
"Innovation Tile, Inc",5.0,6,Tile contractor,"46 N Shore Ave, Danvers, MA 01923",N/A,Open ⋅ Closes 7PMSee more hours,innovationtileinc.com,"G3VQ+87 Danvers, Massachusetts",(978) 987-0150
Hales Plumbing & Heating,5.0,2,Plumber,"11 Pigeon Hill St, Rockport, MA 01966",N/A,N/A,N/A,"M9GC+4J Rockport, Massachusetts",(978) 546-3282
Bath and Company,1.7,3,Home improvement store,"Inside Liberty Tree Mall, 100 Independence Way, Danvers, MA 01923",Located in: Liberty Tree Mall,N/A,N/A,"H336+38 Danvers, Massachusetts",N/A
Custom Bath Step - Saugus Bathroom Remodeler - feat. The TUBCUT and Grab Bars,5.0,15,Bathroom remodeler,"6 Cedar Glen Cir, Saugus, MA 01906",N/A,N/A,custombathstep.com,"FXXC+8V Saugus, Massachusetts",(781) 579-7700
Classic Rock Marble & Granite,4.8,91,Granite supplier,"110c Park St, Beverly, MA 01915",N/A,N/A,classicrockstones.com,"H428+M9 Beverly, Massachusetts",(978) 304-7777
Ipswich Bay Builders,N/A,N/A,Contractor,"2 Burrage Ln, Ipswich, MA 01938",N/A,N/A,ipswichbaybuilders.com,"M5CM+C7 Ipswich, Massachusetts",(978) 356-5050
Wells & Company Builders,5.0,10,General contractor,"5 Burley St, Wenham, MA 01984",N/A,N/A,wellsandcompany.com,"H3WF+WW Wenham, Massachusetts",(617) 848-8890
Cranney Home Services,4.8,3040,Furnace repair service,"33 Cherry Hill Dr, Danvers, MA 01923",N/A,N/A,cranneyhomeservices.com,"H3HM+8W Danvers, Massachusetts",(978) 716-5703
America Trust Builders Bathroom Remodeler and Renovation,5.0,3,Bathroom remodeler,"51 Overlook Ridge Dr, Malden, MA 02148",N/A,N/A,americatrustbuilders.com,"CXRF+FJ Malden, Massachusetts",(617) 756-4124
Cape Ann Floor Covering & Tile Center,4.8,11,Flooring store,"43 Gloucester Ave, Gloucester, MA 01930",N/A,N/A,capeannfloorcovering.com,"J8CH+V5 Gloucester, Massachusetts",(978) 283-9990
Strong Stone Marble and Granite,5.0,11,Countertop store,"58 Pulaski St Building D, Peabody, MA 01960",N/A,N/A,strongstonegranitecountertops.com,"G3RG+86 Peabody, Massachusetts",(978) 798-4624
Sought,5.0,2,Home goods store,"11 Center St, Gloucester, MA 01930",N/A,N/A,soughtinteriors.com,"J87P+5C Gloucester, Massachusetts",(781) 953-9641
TLC General Contractors Inc,5.0,37,General contractor,"58 Pulaski St, Peabody, MA 01960",N/A,N/A,tlcconstructionpros.com,"G3RG+CG Peabody, Massachusetts",(978) 506-1210
Open Meadow Builders LLC,5.0,3,Custom home builder,"89 Turnpike Rd, Ipswich, MA 01938",N/A,N/A,openmeadow.com,"M3QM+JQ Ipswich, Massachusetts",(978) 887-2196
JM Tile Services,5.0,37,Construction company,"Peabody, MA 01961",N/A,N/A,linktr.ee,"G3GC+VR Peabody, Massachusetts",(781) 724-6655
A & S Stone Fabricators Inc,5.0,8,Countertop store,"78D Turnpike Rd, Ipswich, MA 01938",Located in: Linebrook Plaza,N/A,aandsstone.com,"M3PJ+RQ Ipswich, Massachusetts",(978) 312-1543
"Bach Builders, LLC",4.7,40,General contractor,"38 Pleasant Street, Gloucester, MA 01930",N/A,N/A,bachbuilders.com,"M9H4+WC Gloucester, Massachusetts",(978) 491-7159
Final Art Finish Carpentry,5.0,3,Kitchen remodeler,"8 Old Ford Rd, Gloucester, MA 01930",N/A,N/A,finalart.org,N/A,(978) 871-7736
JOHN H. CURTIS REMODELING,N/A,N/A,Construction company,"13 Kennedy Dr, Beverly, MA 01915",N/A,N/A,johnhcurtisremodeling.com,"H33R+28 Beverly, Massachusetts",(617) 699-6791
MLJ General Contractors,5.0,26,General contractor,"29 Bow St, Salem, MA 01970",N/A,N/A,mljgeneralcontractors.com,"G3CJ+4M Salem, Massachusetts",(978) 274-4691
First Choice Construction,5.0,32,Siding contractor,"88 Elliott St, Beverly, MA 01915",N/A,N/A,firstchoiceconstruction.com,"H438+VW Beverly, Massachusetts",(978) 922-3949
Aubuchon Hardware,4.7,150,Hardware store,"114 County Rd, Ipswich, MA 01938",N/A,N/A,hardwarestore.com,"M5C7+25 Ipswich, Massachusetts",(978) 312-2100
Walczak Design and Build LLC,4.8,16,Remodeler,"25 S Main St, Ipswich, MA 01938",N/A,N/A,walczakdesignbuild.com,N/A,(978) 238-0325
M F Roberts Co.,N/A,N/A,Hardware store,"35 Fernald St, Gloucester, MA 01930",N/A,N/A,stihldealer.net,N/A,(978) 281-8355
Strong Hands Construction Pro Inc,5.0,21,Contractor,"58 Pulaski St #7b, Peabody, MA 01960",N/A,N/A,stronghandsusa.com,"G3RG+FG Peabody, Massachusetts",(978) 210-4769
C & M Woodworking,N/A,N/A,Cabinet maker,"106 Western Ave, Essex, MA 01929",N/A,N/A,carpentermacneille.com,"J6F4+MH Essex, Massachusetts",(978) 768-7900
Saints Pro Service Home Improvement,4.9,54,Painter,"17 Mineral St, Ipswich, MA 01938",N/A,N/A,saintsproservice.com,"M5J4+JX Ipswich, Massachusetts",N/A
"JP Remodeling & Construction, Inc.",5.0,N/A,Contractor,"220 Massachusetts 128 Danvers, Danvers, MA 01923",N/A,N/A,jpremodelingandconstructioninc.com,"H39J+84 Danvers, Massachusetts",(978) 777-7637
HomeGoods,4.3,88,Department store,"350 Gloucester Crossing Rd, Gloucester, MA 01930",Located in: Gloucester Crossing,N/A,homegoods.com,"J8FV+CG Gloucester, Massachusetts",(978) 515-7109
goodlinens studio,4.9,14,Home goods store,"130 Main St, Gloucester, MA 01930",N/A,N/A,goodlinensstudio.com,"J87P+3M Gloucester, Massachusetts",(978) 515-7646
"Dorald Design & Construction, LLC",4.9,38,General contractor,"101 Central St, Peabody, MA 01960",N/A,N/A,doraldconstruction.com,"G3MC+7X Peabody, Massachusetts",(978) 854-5555
New England Design Works,N/A,N/A,Kitchen remodeler,"13 Elm St, Manchester-by-the-Sea, MA 01944",N/A,N/A,ne-dw.com,"H6GH+F3 Manchester-by-the-Sea, Massachusetts",(978) 500-1096
Finn-Martens Design,5.0,5,Interior designer,"100 Cummings Center Suite 322-D, Beverly, MA 01915",N/A,N/A,finn-martensdesign.com,"H457+8J Beverly, Massachusetts",(978) 927-9959
Perfect Choice Tile Installation,5.0,18,Flooring contractor,"23 Peabody St, Middleton, MA 01949",N/A,N/A,perfectchoicetile.com,"JX7W+92 Middleton, Massachusetts",(617) 202-1254
Savory Homes,5.0,3,Contractor,"18 Story St, Essex, MA 01929",N/A,N/A,savoryhomesco.com,"J6M5+5V Essex, Massachusetts",(978) 852-6866
Pionarch Design and Construction,4.9,46,Architect,"501 Cabot St #8c, Beverly, MA 01915",N/A,N/A,pionarch.com,"H487+GP Beverly, Massachusetts",(978) 887-2900
The Home Depot,4.1,695,Home improvement store,"235 Independence Way, Danvers, MA 01923",Located in: Liberty Tree Mall,Open ⋅ Closes 10PMSee more hours,homedepot.com,"H337+XV Danvers, Massachusetts",(978) 750-8883
Heritage Custom Builders,N/A,N/A,Home builder,"7 Adeline Rd, Beverly, MA 01915",N/A,N/A,theheritagecustombuilders.com,"H5FM+F7 Beverly, Massachusetts",N/A
Calacatte & Marble,4.3,9,Granite supplier,"58 Pulaski St, Peabody, MA 01960",N/A,N/A,newenglandmarble.com,"G3RC+MV Peabody, Massachusetts",(617) 778-8974
Boston Kitchen Designs,4.5,42,Kitchen remodeler,"215 S Main St, Middleton, MA 01949",N/A,N/A,bostonkitchen.com,"HXHX+QF Middleton, Massachusetts",(978) 750-1403
O'verlays,4.6,11,Home improvement store,"58 Mills, 58 Pulaski St Building B, Peabody, MA 01960",N/A,N/A,myoverlays.com,"G3RG+FG Peabody, Massachusetts",(844) 968-3752
The Remodeling Company,3.7,3,General contractor,"100 Cummings Center, Beverly, MA 01915",N/A,N/A,theremodelingco.com,"H467+JF Beverly, Massachusetts",(978) 921-9111
Rocky's Ace Hardware,4.3,163,Hardware store,"231 Gloucester Crossing Rd, Gloucester, MA 01930",Located in: Gloucester Crossing,N/A,acehardware.com,"J8FW+76 Gloucester, Massachusetts",(978) 283-8223
"Kontseptual, Inc.",5.0,3,Interior designer,"685 Hale St, Beverly, MA 01915",N/A,N/A,kontseptual.com,"H56M+C7 Beverly, Massachusetts",(857) 209-8596
Walter Ewaschuk & Son,5.0,N/A,Deck builder,"229 Western Ave A, Essex, MA 01929",N/A,N/A,ewaschuk.com,"J5FM+4X Essex, Massachusetts",(978) 768-6700
Frontier Construction Co Inc,N/A,N/A,General contractor,"198 Common Ln, Beverly, MA 01915",N/A,N/A,N/A,"H575+H2 Beverly, Massachusetts",(978) 922-2900
Artist Row Public Restroom,3.0,12,Public bathroom,"24 New Derby St, Salem, MA 01970",Located in: Artists' Row,N/A,N/A,"G4C4+25 Salem, Massachusetts",N/A
Public Bathrooms,N/A,N/A,Public bathroom,"N Reservation Terrace, Newburyport, MA 01950",N/A,N/A,N/A,"R58J+CV Newburyport, Massachusetts",N/A
