name,rating,reviews_count,category,address,location,hours,website,plus_code,phone
Richfield Roofing,4.9,30,Roofing contractor,"281 Andover St, Danvers, MA 01923",N/A,N/A,N/A,"H288+X6 Danvers, Massachusetts",(978) 361-6177
DECARNEY ROOFING LLC,5.0,241,Roofing contractor,"385 Cabot St, Beverly, MA 01915",N/A,N/A,decarneyroofing.com,"H45C+42 Beverly, Massachusetts",(978) 304-6147
North Shore Roofing,4.8,34,Roofing contractor,"281 Andover St, Danvers, MA 01923",N/A,N/A,northshoreroofingma.com,"H288+X6 Danvers, Massachusetts",(978) 977-3816
Greater Boston Roofing,4.9,719,Roofing contractor,"221 Chandler Rd, Andover, MA 01810",N/A,N/A,greaterbostonroofing.com,"MQJV+24 Andover, Massachusetts",(617) 941-3901
Greater Boston Roofing,4.9,719,Roofing contractor,"221 Chandler Rd, Andover, MA 01810",N/A,N/A,greaterbostonroofing.com,"MQJV+24 Andover, Massachusetts",(617) 941-3901
Patriot Contractors - Commercial Flat Roofing Services,5.0,25,Roofing contractor,"301 Newbury St #152, Danvers, MA 01923",Located in: Stop & Shop,N/A,patriotflatroofcontractors.com,"H2MP+X8 Danvers, Massachusetts",(888) 787-8766
Stella Roofing Services,5.0,48,Roofing contractor,"21 Westdale Ave, Wilmington, MA 01887",N/A,N/A,stellaroofingservices.com,"GVR6+JH Wilmington, Massachusetts",(781) 999-1572
DaSilva Roofing LLC,4.9,58,Roofing contractor,"21 Robert Rd, Danvers, MA 01923",N/A,N/A,dasilvaroofing.com,"H29V+J4 Danvers, Massachusetts",(978) 304-6341
PKM General contracting,5.0,54,Roofing contractor,"35 Village Rd Suite 100, Middleton, MA 01949",N/A,Closed ⋅ Opens 7AM ThuSee more hours,pkmgeneralcontracting.com,"J22H+65 Middleton, Massachusetts",(978) 798-5047
Duval Roofing North Reading MA,4.3,36,Roofing contractor,"184 Park St, North Reading, MA 01864",N/A,N/A,duvalroofing.com,"HWF8+8G North Reading, Massachusetts",(978) 664-2557
Aspen Roofing Services,4.8,62,Roofing contractor,"58R Pulaski St, Peabody, MA 01960",N/A,N/A,aspenroofing.com,"G3RC+MQ Peabody, Massachusetts",(978) 531-7663
O'Keefe Roofing,5.0,10,Roofing contractor,"21 Francis St, North Reading, MA 01864",N/A,N/A,okeefe-roofing.net,"HVPR+24 North Reading, Massachusetts",(978) 276-3043
O'Keefe Roofing,5.0,10,Roofing contractor,"21 Francis St, North Reading, MA 01864",N/A,N/A,okeefe-roofing.net,"HVPR+24 North Reading, Massachusetts",(978) 276-3043
"Prestige Roofers, LLC. Roofing , Siding & General Construction",4.8,17,Roofing contractor,"6 Broadway, Lawrence, MA 01840",N/A,N/A,N/A,"PR2M+W9 Lawrence, Massachusetts",(978) 390-8617
"Prestige Roofers, LLC. Roofing , Siding & General Construction",4.8,17,Roofing contractor,"6 Broadway, Lawrence, MA 01840",N/A,N/A,N/A,"PR2M+W9 Lawrence, Massachusetts",(978) 390-8617
Roofing Service Pro's,5.0,12,Roofing contractor,"13 Elm St, Boxford, MA 01921",N/A,N/A,N/A,"M262+RV Boxford, Massachusetts",N/A
Danvers Roofing,4.2,5,Roofing contractor,"15 Andrews St, Danvers, MA 01923",N/A,N/A,danversroofingma.com,"H395+33 Danvers, Massachusetts",(978) 777-2059
A&M Roofing Services,4.4,7,Roofing contractor,"123 Tewksbury St, Andover, MA 01810",N/A,N/A,amroofing.net,"JR9G+9M Andover, Massachusetts",(978) 475-4500
"Sml Roofing & Roof Repairs, LLC",5.0,2,Roofing contractor,"6 Felton St, Peabody, MA 01960",N/A,N/A,smlroofing.com,"G2RW+PW Peabody, Massachusetts",(978) 531-9557
Bay State Roofers,2.8,4,Roofing contractor,"240 Park St, North Reading, MA 01864",N/A,N/A,N/A,"HWC4+XR North Reading, Massachusetts",(978) 664-0668
Olympic Roofing,4.4,71,Roofing contractor,"462 Boston St, Topsfield, MA 01983",N/A,N/A,olympicroofing.com,"M37C+C2 Topsfield, Massachusetts",(800) 535-4312
Commonwealth Roofing and Siding,5.0,6,Roofing contractor,"7 High Plain Rd, Andover, MA 01810",N/A,N/A,cwroofandside.com,"MR6J+MQ Andover, Massachusetts",(800) 672-7497
Family Roofing & Painting,5.0,2,Roofing contractor,"30 River St, Methuen, MA 01844",N/A,N/A,familyroofers.net,"PRG6+67 Methuen, Massachusetts",(978) 683-5127
"Nugent Roofing, Inc.",5.0,12,Roofing contractor,"58 Ashwood Ave, Wilmington, MA 01887",N/A,N/A,nugentroofinginc.com,"HRXV+V6 Wilmington, Massachusetts",(978) 987-2998
Over The Top Roofing,4.9,136,Roofing contractor,"15 Spring St #4, Peabody, MA 01960",N/A,N/A,overthetoproofing.pro,"G3FC+FX Peabody, Massachusetts",(617) 618-6723
Uni Ply Roofing Inc,5.0,6,Roofing contractor,"3 Forms Way, Middleton, MA 01949",N/A,N/A,uniplyroofing.com,"HXHW+QQ Middleton, Massachusetts",(978) 774-8111
Uni Ply Roofing Inc,5.0,6,Roofing contractor,"3 Forms Way, Middleton, MA 01949",N/A,N/A,uniplyroofing.com,"HXHW+QQ Middleton, Massachusetts",(978) 774-8111
Roy Roofing,4.0,4,Roofing contractor,"1 Campbell Rd, North Andover, MA 01845",N/A,N/A,royroofingnorthandover.com,"JWRW+49 North Andover, Massachusetts",(978) 726-5062
Stanley Roofing Co Inc,4.2,5,Roofing contractor,"42 Mitchell Rd, Ipswich, MA 01938",N/A,N/A,N/A,"M4XW+5J Ipswich, Massachusetts",(978) 356-7958
Damphousse Roofing LLP,4.7,3,Roofing contractor,"87 Belmont St Suite B, North Andover, MA 01845",N/A,N/A,damphousseroofingllp.com,"PR8R+FC North Andover, Massachusetts",(978) 683-4588
Damphousse Roofing LLP,4.7,3,Roofing contractor,"87 Belmont St Suite B, North Andover, MA 01845",N/A,N/A,damphousseroofingllp.com,"PR8R+FC North Andover, Massachusetts",(978) 683-4588
CloughContracting roofing an gutter service,5.0,N/A,Roofing contractor,"85 Church St, Wilmington, MA 01887",N/A,N/A,N/A,"HR2J+G6 Wilmington, Massachusetts",(617) 356-9679
United Home Experts,5.0,69,Roofing contractor,"20 Garden St, Danvers, MA 01923",N/A,N/A,unitedhomeexperts.com,"H25P+86 Danvers, Massachusetts",(978) 226-4761
jbo construction llc,4.0,4,Roofing contractor,"139 Berkeley St, Lawrence, MA 01841",N/A,N/A,N/A,"PRCP+8X Lawrence, Massachusetts",(978) 943-3047
AMK Construction Inc,4.3,6,Roofing contractor,"9 Otis Rd #5, Beverly, MA 01915",N/A,N/A,amkroofs.com,"H4FG+9Q Beverly, Massachusetts",(978) 927-7765
"RJ Talbot Roofing & Contracting, Inc",5.0,68,Roofing contractor,"2 Haymeadow Cir, Haverhill, MA 01835",N/A,N/A,talbotroofing.com,"QW48+P5 Haverhill, Massachusetts",(978) 361-6129
"RJ Talbot Roofing & Contracting, Inc",5.0,68,Roofing contractor,"2 Haymeadow Cir, Haverhill, MA 01835",N/A,N/A,talbotroofing.com,"QW48+P5 Haverhill, Massachusetts",(978) 361-6129
AB Carnes Roofing,5.0,N/A,Roofing contractor,"30 Arrowhead Farm Rd, Boxford, MA 01921",N/A,N/A,abcarnesroofing.com,"J2X7+G3 Boxford, Massachusetts",(978) 887-1431
ALL PRO PHOENIX ROOFING,5.0,4,Roofing contractor,"139 High St, Danvers, MA 01923",N/A,N/A,allprophoenixcontractor.com,"H34F+R3 Danvers, Massachusetts",(978) 972-0949
Lion Roofing,5.0,N/A,Roofing contractor,"1 Powers St #2, Lawrence, MA 01843",N/A,N/A,lionservicesllc.com,"MRJC+C7 Lawrence, Massachusetts",(978) 965-3551
Lion Roofing,5.0,N/A,Roofing contractor,"1 Powers St #2, Lawrence, MA 01843",N/A,N/A,lionservicesllc.com,"MRJC+C7 Lawrence, Massachusetts",(978) 965-3551
Northeast Roofing Services,N/A,N/A,Roofing contractor,"214 Andover St, Wilmington, MA 01887",N/A,N/A,neroofingservices.com,"HVR2+7P Wilmington, Massachusetts",(978) 658-6535
A J Walsh & Sons,4.3,10,Roofing contractor,"55 Pleasant St, North Andover, MA 01845",N/A,N/A,N/A,"MVXG+9F North Andover, Massachusetts",(978) 688-6737
Top-Notch Roofing,N/A,N/A,Roofing contractor,"286 Newbury St Lot 7 #2, Peabody, MA 01960",N/A,N/A,topnotchroofingpros.com,"H249+F8 Peabody, Massachusetts",(978) 819-8801
Action Roofing,5.0,77,Roofing contractor,"19 Hamilton Ave, Billerica, MA 01821",N/A,N/A,theactionroofing.com,"GQF8+XJ Billerica, Massachusetts",(978) 726-9709
Andover Roofers LLC,N/A,N/A,Roofing contractor,"43 High St, Andover, MA 01810",N/A,N/A,N/A,"MV65+5G Andover, Massachusetts",(978) 474-0064
Melo's Construction,4.5,20,Roofing contractor,"8 Stevens St, Peabody, MA 01960",N/A,N/A,melosconstruction.com,"G3HC+FQ Peabody, Massachusetts",(978) 375-1958
Smith Roofing,5.0,3,Roofing contractor,"22 Winthrop Ave, Beverly, MA 01915",N/A,N/A,N/A,"G4X5+85 Beverly, Massachusetts",(978) 473-0191
Andover Roofing & Gutter Llc,N/A,N/A,Roofing contractor,"Andover, MA 01810",Located in: Law Office of Patrick Mead,N/A,N/A,"MV57+97 Andover, Massachusetts",(978) 494-6465
J White Construction Inc.,4.2,15,Roofing contractor,"8 Lee St, Wilmington, MA 01887",N/A,N/A,jw.construction,"HR7G+27 Wilmington, Massachusetts",(617) 596-3403
Oliveira Construction,4.4,5,Roofing contractor,"10 Mill St, North Reading, MA 01864",N/A,N/A,oliveiraconstructionma.com,"HV6P+QG North Reading, Massachusetts",(978) 664-5633
Rapid Roofing,4.4,8,Roofing contractor,"22 May St, Peabody, MA 01960",N/A,N/A,gorapidtoday.com,"G385+4J Peabody, Massachusetts",(978) 223-7740
"DSN Roofing Services & Attic Insulation Inc , MA",5.0,N/A,Roofing contractor,"55 Chase St, Methuen, MA 01844",N/A,N/A,N/A,"PR98+4H Methuen, Massachusetts",(978) 207-4791
Bonn Construction Co,3.7,3,Roofing contractor,"100 Ferncroft Rd STE 208, Danvers, MA 01923",N/A,N/A,N/A,"H2WH+7G Danvers, Massachusetts",(978) 750-8881
Greylock Roofing,N/A,N/A,Roofing contractor,"30 Willow St, North Andover, MA 01845",Located in: Berberian & Associates Inc,N/A,greylockrfg.com,"MV5R+4Q North Andover, Massachusetts",(978) 203-0584
Caesar's Roofing Inc,5.0,9,Roofing contractor,"36 Alexandra Rd, Lynnfield, MA 01940",N/A,N/A,caesarsroofing.com,"GX8G+5M Lynnfield, Massachusetts",(781) 860-0800
T.J.Roofing,3.0,6,Roofing contractor,"143 Linebrook Rd, Ipswich, MA 01938",N/A,N/A,N/A,"M4QP+67 Ipswich, Massachusetts",(978) 356-4716
T.J.Roofing,3.0,6,Roofing contractor,"143 Linebrook Rd, Ipswich, MA 01938",N/A,N/A,N/A,"M4QP+67 Ipswich, Massachusetts",(978) 356-4716
Billerica Roofing Pros,5.0,16,Roofing contractor,"5 Nickerson Dr, Billerica, MA 01821",N/A,N/A,N/A,"HQ34+X6 Billerica, Massachusetts",(351) 210-7676
Billerica Roofing Pros,5.0,16,Roofing contractor,"5 Nickerson Dr, Billerica, MA 01821",N/A,N/A,N/A,"HQ34+X6 Billerica, Massachusetts",(351) 210-7676
"Osgood Roofing, Siding, and Guttering Company",N/A,N/A,Roofing contractor,"309 Dodge St, Beverly, MA 01915",N/A,N/A,osgoodroofing.co,"H4QM+FG Beverly, Massachusetts",(978) 768-7077
Wooster Roofing,4.9,197,Roofing contractor,"525 Woburn St #4, Tewksbury, MA 01876",N/A,Closed ⋅ Opens 7AM ThuSee more hours,wooster-roofing.com,"JP57+WG Tewksbury, Massachusetts",(978) 851-7663
US Home Improvement,4.3,65,Roofing contractor,"27 Hamilton Rd, Peabody, MA 01960",N/A,N/A,ushomeimprovementboston.com,"HX5J+W8 Peabody, Massachusetts",(781) 574-8482
Best Roofing Andover,N/A,N/A,Roofing contractor,"89 S Union St Unit 1, North Andover, MA 01845",N/A,N/A,N/A,"MRXW+RH North Andover, Massachusetts",(978) 465-7800
Boston Roofing & Construction Solutions,N/A,N/A,Roofing contractor,"35 Village Rd Suite 100, Middleton, MA 01949",N/A,N/A,N/A,"H2XH+93 Middleton, Massachusetts",(857) 384-8097
Professional Roofing Contractors,5.0,4,Roofing contractor,"11 Franklin St B, Salem, MA 01970",N/A,N/A,proroofingboston.com,"G4G2+H9 Salem, Massachusetts",(978) 744-6888
López general Contracting Roofing siding decks Remodeling,4.8,41,Construction company,"114 Walnut St #1, Lawrence, MA 01841",N/A,N/A,N/A,"PR8H+JM Lawrence, Massachusetts",(603) 275-9391
Le Clair Roofing Inc,4.3,3,Roofing contractor,"830 Livingston St #13, Tewksbury, MA 01876",N/A,N/A,N/A,"JQ9M+8H Tewksbury, Massachusetts",(978) 851-8304
MIK Remodeling,5.0,9,Roofing contractor,"12 Stone St, Danvers, MA 01923",N/A,N/A,mikremodeling.com,"H26V+VC Danvers, Massachusetts",(617) 908-1646
De La Rosa Roofing Company Lynn - Commercial & Residential Roofing Services,4.9,107,Roofing contractor,"90 Allen Ave, Lynn, MA 01902",N/A,N/A,delarosaroofingllc.com,"F3F2+3R Lynn, Massachusetts",(978) 979-7865
Patriot Industrial Roofing,N/A,N/A,Roofing contractor,"800 Turnpike St #300, North Andover, MA 01845",Located in: Jefferson Workspace,N/A,N/A,"MV6V+73 North Andover, Massachusetts",(978) 699-7663
"MUMP Attic Insulation & Roofing Services Peabody, MA",5.0,N/A,Contractor,"484 Lowell St, Peabody, MA 01960",N/A,N/A,N/A,"G2RG+J3 Peabody, Massachusetts",(978) 207-2650
Ralph J Burke Roofing Co,5.0,10,Roofing contractor,"27 Byron St, Wakefield, MA 01880",N/A,N/A,ralphburkeroofing.com,"FWW8+QW Wakefield, Massachusetts",(781) 245-1110
Roofing Service Pro's,5.0,17,Roofing contractor,"35 Summer St, Tewksbury, MA 01876",N/A,N/A,roofingservicepro.com,"JQ67+P9 Tewksbury, Massachusetts",(978) 219-6162
"Osgood Roofing, Siding, and Guttering Company",5.0,15,Roofing contractor,"111 Elm St, Marblehead, MA 01945",N/A,N/A,osgoodroofing.co,"G44W+7P Marblehead, Massachusetts",(978) 740-1885
Zenith Roofing,N/A,N/A,Roofing contractor,"8 Railroad Ave #2, Beverly, MA 01915",N/A,N/A,zenithroofco.com,"G4W9+FQ Beverly, Massachusetts",(720) 575-2628
"A&Q Attic Insulation Services & Roofing Services Of Lawrence, MA",5.0,N/A,Electrician,"59 Ames St, Lawrence, MA 01841",N/A,N/A,N/A,"PR4Q+XG Lawrence, Massachusetts",(978) 685-6145
"A&Q Attic Insulation Services & Roofing Services Of Lawrence, MA",5.0,N/A,Electrician,"59 Ames St, Lawrence, MA 01841",N/A,N/A,N/A,"PR4Q+XG Lawrence, Massachusetts",(978) 685-6145
Harman Roofing Services,5.0,3,Roofing contractor,"51 Walton Ave, Methuen, MA 01844",N/A,N/A,N/A,"PVQC+G7 Methuen, Massachusetts",(351) 240-0016
RB Farina Roofing Co,4.8,429,Roofing contractor,"1319 Massachusetts Ave, Arlington, MA 02476",N/A,N/A,farinaroof.com,"CRF8+QX Arlington, Massachusetts",(781) 394-9734
Northeast Industrial Roof,5.0,114,Roofing contractor,"510 Riverside Ave, Medford, MA 02155",N/A,N/A,niroof.com,"CW67+2W Medford, Massachusetts",(781) 874-0248
Witch City Roofing,2.3,3,Roofing contractor,"35 Norman St, Salem, MA 01970",N/A,N/A,witchcityroofing.com,"G493+W3 Salem, Massachusetts",(978) 745-8562
Lambert Roofing Co,4.7,38,Roofing contractor,"265 Winter St, Haverhill, MA 01830",N/A,N/A,lambertroofing.com,"QWH6+6W Haverhill, Massachusetts",(978) 374-9224
"Precision Roofing Services Of New England, Inc.",4.8,48,Roofing contractor,"35 John Wise Ave, Essex, MA 01929",N/A,N/A,precisionroofingservicesne.com,"J6QC+P2 Essex, Massachusetts",(978) 281-3340
"Precision Roofing Services Of New England, Inc.",4.8,48,Roofing contractor,"35 John Wise Ave, Essex, MA 01929",N/A,N/A,precisionroofingservicesne.com,"J6QC+P2 Essex, Massachusetts",(978) 281-3340
Golini Roofing,5.0,12,Roofing contractor,"46 Nahant St, Wakefield, MA 01880",N/A,N/A,goliniroofing.com,"FWWM+QM Wakefield, Massachusetts",(781) 246-0141
Ranch Roofing,5.0,82,Roofing contractor,"1191 Massachusetts Ave, Arlington, MA 02476",N/A,N/A,ranchroofing.com,"CRFF+FQ Arlington, Massachusetts",(866) 298-4393
Gemini Roofing and Exteriors,5.0,6,Roofing contractor,"787 Boston Rd, Billerica, MA 01821",N/A,N/A,geminiroofingboston.com,"GQJC+2H Billerica, Massachusetts",(857) 232-0410
Master Seal Roofing,4.4,78,Roofing contractor,"58 Brentwood St, Malden, MA 02148",N/A,N/A,mastersealroofing.com,"CXMF+R8 Malden, Massachusetts",(781) 941-6119
Roofs Corporation,4.2,5,Roofing contractor,"566 Boston Rd #3799, Billerica, MA 01821",N/A,N/A,tmroofsinc.com,"GPXV+92 Billerica, Massachusetts",(978) 663-3701
Northern Roofing Contractors LLC,1.0,N/A,Roofing contractor,"80 Cambridge St, Methuen, MA 01844",N/A,N/A,N/A,"PVH5+W4 Methuen, Massachusetts",(978) 682-5661
Northern Roofing Contractors LLC,1.0,N/A,Roofing contractor,"80 Cambridge St, Methuen, MA 01844",N/A,N/A,N/A,"PVH5+W4 Methuen, Massachusetts",(978) 682-5661
"MA Roofing and Siding, Chimney repairs, Gutter services",5.0,11,Roofing contractor,"72 Ash St, Waltham, MA 02453",N/A,N/A,maroofingsiding.com,"9Q86+G4 Waltham, Massachusetts",(781) 374-4011
Faustino Melo,N/A,N/A,Roofing contractor,"34 Jennings Cir, Peabody, MA 01960",N/A,N/A,melosconstruction.com,"GXRM+9Q Peabody, Massachusetts",(978) 326-9475
Mighty Dog Roofing,4.9,101,Roofing contractor,"66 Tadmuck Rd Suite 6, Westford, MA 01886",N/A,N/A,mightydogroofing.com,"HHFV+QJ Westford, Massachusetts",(978) 375-9847
Mighty Dog Roofing,4.9,101,Roofing contractor,"66 Tadmuck Rd Suite 6, Westford, MA 01886",N/A,N/A,mightydogroofing.com,"HHFV+QJ Westford, Massachusetts",(978) 375-9847
Heating and Air Conditioning,4.8,11,HVAC contractor,"74 Swan St, Methuen, MA 01844",N/A,N/A,N/A,"PRFR+8R Methuen, Massachusetts",N/A
Metro Siding & Roofing Distrs,5.0,2,Roofing contractor,"41 Atlantic Ave, Woburn, MA 01801",N/A,N/A,N/A,"GV95+4F Woburn, Massachusetts",(781) 935-2038
Manny's Roofing,5.0,13,Roofing contractor,"1480 Bridge St, Dracut, MA 01826",N/A,N/A,mannysroofing.com,"MMFV+8M Dracut, Massachusetts",(978) 703-3167
Manny's Roofing,5.0,13,Roofing contractor,"1480 Bridge St, Dracut, MA 01826",N/A,N/A,mannysroofing.com,"MMFV+8M Dracut, Massachusetts",(978) 703-3167
Beverly's Roofing & Masonry,N/A,N/A,Contractor,"805 Waverly Rd, North Andover, MA 01845",N/A,N/A,N/A,"MVG8+W7 North Andover, Massachusetts",N/A
Trahant Roofing,4.1,35,Roofing contractor,"215 Verona St, Lynn, MA 01902",N/A,N/A,N/A,"F2RX+GH Lynn, Massachusetts",(781) 844-1069
Trahant Roofing,4.1,35,Roofing contractor,"215 Verona St, Lynn, MA 01902",N/A,N/A,N/A,"F2RX+GH Lynn, Massachusetts",(781) 844-1069
"The Aulson Company, Inc.",4.1,25,Roofing contractor,"49 Danton Dr, Methuen, MA 01844",N/A,N/A,aulson.com,"PQFQ+X9 Methuen, Massachusetts",(978) 688-9100
"The Aulson Company, Inc.",4.1,25,Roofing contractor,"49 Danton Dr, Methuen, MA 01844",N/A,N/A,aulson.com,"PQFQ+X9 Methuen, Massachusetts",(978) 688-9100
Michael Nugent,5.0,9,Roofing contractor,"20 Montvale Ave, Stoneham, MA 02180",N/A,N/A,N/A,"FVJX+R9 Stoneham, Massachusetts",(978) 987-2998
Michael Nugent,5.0,9,Roofing contractor,"20 Montvale Ave, Stoneham, MA 02180",N/A,N/A,N/A,"FVJX+R9 Stoneham, Massachusetts",(978) 987-2998
Absolute Roofing & Sheet Metal,5.0,N/A,Roofing contractor,"559 Boston Rd, Billerica, MA 01821",N/A,N/A,N/A,"GPWV+HQ Billerica, Massachusetts",(978) 667-0236
Absolute Roofing & Sheet Metal,5.0,N/A,Roofing contractor,"559 Boston Rd, Billerica, MA 01821",N/A,N/A,N/A,"GPWV+HQ Billerica, Massachusetts",(978) 667-0236
