name,rating,reviews_count,category,address,location,hours,website,plus_code,phone
Turcios General Contracting Inc.,5.0,10,General contractor,"202 N Brookfield Rd, East Brookfield, MA 01515",N/A,N/A,tgcontractinginc.com,"6WHP+75 East Brookfield, Massachusetts",(508) 816-5339
Luxury Makeover,5.0,21,Kitchen remodeler,"22 N Main St, Leominster, MA 01453",N/A,N/A,luxurymakeover.com,"G6MV+2G Leominster, Massachusetts",(888) 897-8558
Kitchen Associates,4.6,25,Kitchen remodeler,"76 Leominster Rd, Sterling, MA 01564",Located in: Sterling Surfaces,N/A,kitchenassociates.com,"C6XX+28 Sterling, Massachusetts",(978) 422-3322
S&S Custom Kitchens,4.7,19,Kitchen remodeler,"3 West St, Leominster, MA 01453",N/A,N/A,sscustomkitchens.com,"G6GR+M2 Leominster, Massachusetts",(978) 795-4922
SRB Signature Kitchen & Bath,4.8,24,Kitchen remodeler,"555 Chase Rd, Lunenburg, MA 01462",N/A,N/A,srbsignaturekandb.com,"J784+MC Lunenburg, Massachusetts",(978) 582-7500
"Dream Kitchens & Baths by Nelson, Inc.",4.0,25,Kitchen remodeler,"44 Mead St Suite A, Leominster, MA 01453",N/A,N/A,dreamkitchens.net,"G7P5+WM Leominster, Massachusetts",(978) 466-9600
"Dream Kitchens & Baths by Nelson, Inc.",4.0,25,Kitchen remodeler,"44 Mead St Suite A, Leominster, MA 01453",N/A,N/A,dreamkitchens.net,"G7P5+WM Leominster, Massachusetts",(978) 466-9600
P23 Home Improvement inc,5.0,37,Contractor,"42 Old Mill Rd, Leominster, MA 01453",N/A,N/A,p23homeimprovements.com,N/A,(508) 816-4079
American Dream Design,4.8,44,Kitchen remodeler,"20 Main St 2nd Floor - B, Leominster, MA 01453",N/A,N/A,americandreamdesign.net,"G6GR+R5 Leominster, Massachusetts",(978) 537-3786
"Kitchens By Design, Inc.",4.2,5,Kitchen remodeler,"57 Old Princeton Rd W, Sterling, MA 01564",N/A,N/A,N/A,"C6Q9+7P Sterling, Massachusetts",(978) 422-6008
Brian's Home Repair and Remodeling,4.2,5,Construction company,"305 Great Rd, Shirley, MA 01464",N/A,N/A,N/A,"H8RP+85 Shirley, Massachusetts",(978) 425-4548
Brian's Home Repair and Remodeling,4.2,5,Construction company,"305 Great Rd, Shirley, MA 01464",N/A,N/A,N/A,"H8RP+85 Shirley, Massachusetts",(978) 425-4548
Homestead Kitchens,4.5,2,Kitchen remodeler,"19 Taylor St, Littleton, MA 01460",N/A,N/A,homesteadkitchens.net,"GFPP+QX Littleton, Massachusetts",(978) 486-8989
Homestead Kitchens,3.7,3,Kitchen remodeler,"765 N Main St, Leominster, MA 01453",N/A,N/A,qualityhomesolutions.net,"H64H+MV Leominster, Massachusetts",(978) 840-6400
Quality Home Solutions LLC,3.7,3,Kitchen remodeler,"765 N Main St, Leominster, MA 01453",N/A,N/A,qualityhomesolutions.net,"H64H+MV Leominster, Massachusetts",(978) 840-6400
Custom Bath and Kitchens,4.7,115,Bathroom remodeler,"14 Brent Dr, Marlborough, MA 01752",N/A,N/A,custombathremodeling.com,"9FQR+5V Marlborough, Massachusetts",(508) 202-0017
Ideal Kitchens,4.7,15,Kitchen remodeler,"16 Lancaster St, West Boylston, MA 01583",N/A,N/A,ideal-kitchens.com,"96GG+R7 West Boylston, Massachusetts",(508) 835-6767
Elite Bath & Kitchen,5.0,87,Bathroom remodeler,"40 Mechanic St suite 201, Marlborough, MA 01752",N/A,N/A,elitebathkitchen.net,"8CWW+Q2 Marlborough, Massachusetts",(508) 561-3754
Elite Bath & Kitchen,5.0,87,Bathroom remodeler,"40 Mechanic St suite 201, Marlborough, MA 01752",N/A,N/A,elitebathkitchen.net,"8CWW+Q2 Marlborough, Massachusetts",(508) 561-3754
Inspired Design,5.0,N/A,Kitchen remodeler,"125 Ayer Rd, Harvard, MA 01451",N/A,N/A,inspired-dzine.com,"GC98+35 Harvard, Massachusetts",(978) 501-0585
Inspired Design,5.0,N/A,Kitchen remodeler,"125 Ayer Rd, Harvard, MA 01451",N/A,N/A,inspired-dzine.com,"GC98+35 Harvard, Massachusetts",(978) 501-0585
"CORE Remodeling Services, Inc.",4.9,59,Kitchen remodeler,"41 Boylston St, Worcester, MA 01605",N/A,N/A,coreremodelingservices.com,"862M+9X Worcester, Massachusetts",(888) 959-2673
"CORE Remodeling Services, Inc.",4.9,59,Kitchen remodeler,"41 Boylston St, Worcester, MA 01605",N/A,N/A,coreremodelingservices.com,"862M+9X Worcester, Massachusetts",(888) 959-2673
McNamara Contracting LLC,4.9,43,Home builder,"87 Roosevelt St, Fitchburg, MA 01420",N/A,N/A,mcnamarabuilds.com,"H593+FH Fitchburg, Massachusetts",(978) 354-7557
McNamara Contracting LLC,4.9,43,Home builder,"87 Roosevelt St, Fitchburg, MA 01420",N/A,N/A,mcnamarabuilds.com,"H593+FH Fitchburg, Massachusetts",(978) 354-7557
Great Spaces Inc.,4.7,6,Kitchen remodeler,"245 Arlington St, Acton, MA 01720",N/A,N/A,greatspacesinc.com,"FGGG+WJ Acton, Massachusetts",(978) 263-8035
Great Spaces Inc.,4.7,6,Kitchen remodeler,"245 Arlington St, Acton, MA 01720",N/A,N/A,greatspacesinc.com,"FGGG+WJ Acton, Massachusetts",(978) 263-8035
QUICK Bath & kitchen,5.0,14,Bathroom remodeler,"59 Apsley St #5, Hudson, MA 01749",N/A,N/A,quickbath.net,"9CWF+26 Hudson, Massachusetts",(978) 333-0684
Handy Lou's Home Improvement Services,5.0,4,Painter,"4 Hall St, Leominster, MA 01453",N/A,N/A,N/A,"G6MG+4M Leominster, Massachusetts",(508) 331-5050
Handy Lou's Home Improvement Services,5.0,4,Painter,"4 Hall St, Leominster, MA 01453",N/A,N/A,N/A,"G6MG+4M Leominster, Massachusetts",(508) 331-5050
RK & Associates,5.0,8,Kitchen remodeler,"10 Martin Ln, Stow, MA 01775",N/A,N/A,rkassociates.net,"CF5W+H2 Stow, Massachusetts",N/A
Wayside Kitchens,4.8,26,Kitchen remodeler,"448 King St, Littleton, MA 01460",N/A,N/A,waysidekitchens.com,N/A,(978) 800-1711
Brittivia Homes & Construction,4.9,57,Deck builder,"913 Northfield Rd, Lunenburg, MA 01462",N/A,N/A,brittivia.com,N/A,(978) 736-6304
"Precision Home Renovations, LLC",5.0,19,Bathroom remodeler,"53 Overlook Dr, Framingham, MA 01701",N/A,N/A,phr4u.com,N/A,(617) 817-7081
"Custom Concepts, LLC",4.8,22,General contractor,"83 Wilder Rd Unit C, Bolton, MA 01740",N/A,N/A,customconceptshomes.com,N/A,(774) 277-0228
AK General Services,5.0,31,Contractor,"28 Gerry Drive, Hudson, MA 01749",N/A,N/A,ak-generalservices.com,N/A,(978) 760-1278
Mr. Gomes Remodeling,4.5,11,Kitchen remodeler,"329 W Main St, Northborough, MA 01532",N/A,N/A,mrgomes.com,N/A,(508) 304-3447
"Brothers Remodeling & Design, Inc.",4.9,66,Remodeler,"213 School St, Gardner, MA 01440",N/A,N/A,brothersremodeling.net,"H2F7+FH Gardner, Massachusetts",(978) 602-4506
Bay State Remodeling,4.8,161,Kitchen remodeler,"121b Tremont St suite 24, Boston, MA 02135",N/A,N/A,baystateremodeling.com,"9R2G+JH Boston, Massachusetts",(617) 397-5158
Bay State Remodeling,5.0,6,Construction company,"228 Sterling Rd, Princeton, MA 01541",N/A,N/A,mycompassbuilder.com,"C5R8+W4 Princeton, Massachusetts",(978) 821-6345
Compass Builders,5.0,6,Construction company,"228 Sterling Rd, Princeton, MA 01541",N/A,N/A,mycompassbuilder.com,"C5R8+W4 Princeton, Massachusetts",(978) 821-6345
Signature Homes Inc,5.0,2,Contractor,"624 Old Harvard Rd, Boxborough, MA 01719",N/A,N/A,signaturehomesma.com,"FF94+CQ Boxborough, Massachusetts",(978) 263-4318
Signature Homes Inc,5.0,2,Contractor,"624 Old Harvard Rd, Boxborough, MA 01719",N/A,N/A,signaturehomesma.com,"FF94+CQ Boxborough, Massachusetts",(978) 263-4318
Kitchens Plus Flooring,4.4,7,Kitchen remodeler,"50 Main St, Gardner, MA 01440",N/A,N/A,kitchensplusflooring.net,"H2G3+7W Gardner, Massachusetts",(978) 218-8039
Kitchens Plus Flooring,4.4,7,Kitchen remodeler,"50 Main St, Gardner, MA 01440",N/A,N/A,kitchensplusflooring.net,"H2G3+7W Gardner, Massachusetts",(978) 218-8039
Kitchens Plus Flooring,4.4,7,Kitchen remodeler,"50 Main St, Gardner, MA 01440",N/A,N/A,kitchensplusflooring.net,"H2G3+7W Gardner, Massachusetts",(978) 218-8039
Masters Touch Design Build,4.9,60,Custom home builder,"77 Main St, Medway, MA 02053",N/A,N/A,masterstouchweb.com,"5H2R+G3 Medway, Massachusetts",(508) 359-5900
Golden Hammer Remodeling,5.0,32,General contractor,"17 William Ave, Woburn, MA 01801",N/A,N/A,goldenhammerremodeling.com,"FVJC+CH Woburn, Massachusetts",(617) 991-4914
Golden Hammer Remodeling,5.0,32,General contractor,"17 William Ave, Woburn, MA 01801",N/A,N/A,goldenhammerremodeling.com,"FVJC+CH Woburn, Massachusetts",(617) 991-4914
Golden Hammer Remodeling,5.0,32,General contractor,"17 William Ave, Woburn, MA 01801",N/A,N/A,goldenhammerremodeling.com,"FVJC+CH Woburn, Massachusetts",(617) 991-4914
Thomas Buckborough & Associates,5.0,14,Remodeler,"525 Main St, Acton, MA 01720",N/A,N/A,tbadesigns.com,"FHQC+PQ Acton, Massachusetts",(978) 263-3850
Thomas Buckborough & Associates,5.0,14,Remodeler,"525 Main St, Acton, MA 01720",N/A,N/A,tbadesigns.com,"FHQC+PQ Acton, Massachusetts",(978) 263-3850
Affordable Kitchen Remodeling Saugus,5.0,N/A,Kitchen remodeler,"34 Taylor St, Saugus, MA 01906",N/A,N/A,N/A,"FX8Q+4J Saugus, Massachusetts",(339) 293-1628
Sudbury Kitchens,4.8,19,Kitchen remodeler,"22 Union Ave, Sudbury, MA 01776",N/A,N/A,sudburykitchens.com,"9H6H+V7 Sudbury, Massachusetts",(978) 443-8288
Sudbury Kitchens,4.8,19,Kitchen remodeler,"22 Union Ave, Sudbury, MA 01776",N/A,N/A,sudburykitchens.com,"9H6H+V7 Sudbury, Massachusetts",(978) 443-8288
CRC Renovation Kitchen and Bathroom,4.9,8,Construction and maintenance office,"113 Brigham St, Hudson, MA 01749",N/A,N/A,crctile.com,"9CF8+QW Hudson, Massachusetts",(352) 613-0293
CRC Renovation Kitchen and Bathroom,4.9,8,Construction and maintenance office,"113 Brigham St, Hudson, MA 01749",N/A,N/A,crctile.com,"9CF8+QW Hudson, Massachusetts",(352) 613-0293
Lighthouse Marble & Granite,4.9,19,Marble contractor,"184 Stone St #6, Clinton, MA 01510",N/A,N/A,lighthousegranite.com,"C8J8+27 Clinton, Massachusetts",(978) 612-6042
Lighthouse Marble & Granite,4.9,19,Marble contractor,"184 Stone St #6, Clinton, MA 01510",N/A,N/A,lighthousegranite.com,"C8J8+27 Clinton, Massachusetts",(978) 612-6042
Lighthouse Marble & Granite,4.9,19,Marble contractor,"184 Stone St #6, Clinton, MA 01510",N/A,N/A,lighthousegranite.com,"C8J8+27 Clinton, Massachusetts",(978) 612-6042
Lighthouse Marble & Granite,4.8,19,Kitchen remodeler,"216R Newton St Suite 2A, Waltham, MA 02453",N/A,N/A,watchcitykitchens.com,"9Q9C+V5 Waltham, Massachusetts",(781) 893-3234
KITCHENS BY LOMBCO,5.0,11,General contractor,"311 Marrett Rd, Lexington, MA 02421",N/A,N/A,kitchensbylombco.com,"CQP8+CG Lexington, Massachusetts",(978) 858-0700
KITCHENS BY LOMBCO,5.0,11,General contractor,"311 Marrett Rd, Lexington, MA 02421",N/A,N/A,sleekrenovations.com,"9CVF+JP Hudson, Massachusetts",(781) 760-4524
Sleek Renovations,4.0,4,Contractor,"16 Franklin St, Hudson, MA 01749",N/A,N/A,sleekrenovations.com,"9CVF+JP Hudson, Massachusetts",(781) 760-4524
Kitchen & Bath Center,5.0,14,Kitchen remodeler,"2 Central St Suite 111, Framingham, MA 01701",N/A,N/A,kitchennbathcenter.com,"8HFX+XV Framingham, Massachusetts",(617) 934-8330
Kitchen & Bath Center,5.0,14,Kitchen remodeler,"2 Central St Suite 111, Framingham, MA 01701",N/A,N/A,kitchennbathcenter.com,"8HFX+XV Framingham, Massachusetts",(617) 934-8330
Boston Kitchen Remodeling Pros,5.0,N/A,Kitchen remodeler,"655 Tremont St, Boston, MA 02118",N/A,N/A,N/A,"8WRF+RP Boston, Massachusetts",(617) 272-7400
Boston Kitchen Remodeling Pros,5.0,N/A,Kitchen remodeler,"655 Tremont St, Boston, MA 02118",N/A,N/A,N/A,"8WRF+RP Boston, Massachusetts",(617) 272-7400
McGuire + Co. Kitchen & Bath,5.0,34,Kitchen remodeler,"239 North Ave, Wakefield, MA 01880",N/A,N/A,mcguirekitchenbath.com,"GW2F+XR Wakefield, Massachusetts",(781) 243-4141
McGuire + Co. Kitchen & Bath,5.0,34,Kitchen remodeler,"239 North Ave, Wakefield, MA 01880",N/A,N/A,musedesignstudio.net,"9CRR+XC Hudson, Massachusetts",(617) 869-7116
"Muse Design Studio, LLC",5.0,5,Kitchen remodeler,"312 Main St, Hudson, MA 01749",N/A,N/A,musedesignstudio.net,"9CRR+XC Hudson, Massachusetts",(617) 869-7116
"Fine Line Kitchen Designs, LLC",3.7,3,Kitchen remodeler,"544 Merrimack Ave, Dracut, MA 01826",N/A,N/A,finelinekitchendesign.com,"MP5M+G8 Dracut, Massachusetts",(978) 453-3553
"Fine Line Kitchen Designs, LLC",3.7,3,Kitchen remodeler,"217 School St, Franklin, MA 02038",N/A,N/A,boudreaucustomkitchens.com,"3HPV+2R Franklin, Massachusetts",(508) 520-9806
Boudreau Custom Kitchens & Remodeling,5.0,5,Kitchen remodeler,"217 School St, Franklin, MA 02038",N/A,N/A,boudreaucustomkitchens.com,"3HPV+2R Franklin, Massachusetts",(508) 520-9806
Capertown Kitchen and Bath,4.8,4,Kitchen remodeler,"207 West St, Milford, MA 01757",N/A,N/A,capertownkb.com,"4FV3+GC Milford, Massachusetts",(508) 473-7100
Capertown Kitchen and Bath,4.8,4,Kitchen remodeler,"207 West St, Milford, MA 01757",N/A,N/A,capertownkb.com,"4FV3+GC Milford, Massachusetts",(508) 473-7100
RemodelWerks,4.6,10,General contractor,"621 Main St, Shrewsbury, MA 01545",N/A,N/A,remodelwerksllc.com,"77WQ+R8 Shrewsbury, Massachusetts",(508) 925-8895
RemodelWerks,4.6,10,General contractor,"621 Main St, Shrewsbury, MA 01545",N/A,N/A,remodelwerksllc.com,"77WQ+R8 Shrewsbury, Massachusetts",(508) 925-8895
Pro One Remodeling Services,5.0,8,Kitchen remodeler,"210 Felton St, Waltham, MA 02453",N/A,N/A,bertolacustom.com,"9QC3+JR Waltham, Massachusetts",(781) 975-1809
Bertola Custom Homes & Remodeling Massachusetts,4.6,8,Kitchen remodeler,"210 Felton St, Waltham, MA 02453",N/A,N/A,bertolacustom.com,"9QC3+JR Waltham, Massachusetts",(781) 975-1809
"John S. Giaimo, Inc",1.0,N/A,Home builder,"19 Westford Rd, Ayer, MA 01432",N/A,N/A,giaimobuilders.com,"HF66+QQ Ayer, Massachusetts",(978) 877-1617
Design 1 Kitchen & Bath,4.6,9,Kitchen remodeler,"363 Great Rd, Bedford, MA 01730",N/A,N/A,design1kb.com,N/A,(781) 275-0311
"Feinmann, Inc.",4.9,21,Kitchen remodeler,"27 Muzzey St 1st floor, Lexington, MA 02421",N/A,N/A,feinmann.com,"CQW9+JV Lexington, Massachusetts",(781) 860-9800
"Feinmann, Inc.",4.9,21,Kitchen remodeler,"27 Muzzey St 1st floor, Lexington, MA 02421",N/A,N/A,feinmann.com,"CQW9+JV Lexington, Massachusetts",(781) 860-9800
Ribeiro Pro Services Corp,5.0,40,General contractor,"4 Mt Royal Ave Unit 4-110 I, Marlborough, MA 01752",Located in: knowledge park,N/A,rpsus.com,"8CQC+WJ Marlborough, Massachusetts",(412) 526-7643
Ribeiro Pro Services Corp,5.0,40,General contractor,"4 Mt Royal Ave Unit 4-110 I, Marlborough, MA 01752",Located in: knowledge park,N/A,rpsus.com,"8CQC+WJ Marlborough, Massachusetts",(412) 526-7643
Marbella Design Studio,5.0,22,Kitchen remodeler,"473 Summer St, Arlington, MA 02474",N/A,Open ⋅ Closes 5PMSee more hours,marbellakb.com,"CRGG+WC Arlington, Massachusetts",(781) 316-8011
VS Remodeling Boston,5.0,19,Bathroom remodeler,"23 Washington Ave, Ashland, MA 01721",N/A,N/A,vsremodelingboston.com,"7H5F+WC Ashland, Massachusetts",(617) 612-5631
VS Remodeling Boston,5.0,19,Bathroom remodeler,"23 Washington Ave, Ashland, MA 01721",N/A,N/A,vsremodelingboston.com,"7H5F+WC Ashland, Massachusetts",(617) 612-5631
VS Remodeling Boston,5.0,19,Bathroom remodeler,"23 Washington Ave, Ashland, MA 01721",N/A,N/A,construsty.com,"CW67+QR Medford, Massachusetts",(857) 285-1105
Kitchen Magic,3.0,4,Kitchen remodeler,"41 Brigham St, Marlborough, MA 01752",N/A,N/A,kitchenmagic.com,"8FJ4+PP Marlborough, Massachusetts",N/A
