name,rating,reviews_count,category,address,location,hours,website,plus_code,phone
IGA General Construction,5.0,5,General contractor,"48 Cushing St #2, Waltham, MA 02453",N/A,N/A,igageneralconst.com,"9Q98+P3 Waltham, Massachusetts",(857) 257-8006
Cheverie Seamless Gutters,4.9,27,Construction company,"1375 Main St, Hanson, MA 02341",N/A,N/A,cheverieseamlessgutters.com,"24R5+FJ Hanson, Massachusetts",(781) 844-7216
Gutter Pro Enterprises,4.9,77,Gutter cleaning service,"190 S Meadow Rd, Plymouth, MA 02360",N/A,N/A,gutterpro.com,"W78F+PM Plymouth, Massachusetts",(508) 746-0400
Gutter Pro Enterprises,4.9,77,Gutter cleaning service,"190 S Meadow Rd, Plymouth, MA 02360",N/A,N/A,gutterpro.com,"W78F+PM Plymouth, Massachusetts",(508) 746-0400
Macs Gutter Works Inc.,4.0,4,Gutter cleaning service,"405 Elm St, Hanson, MA 02341",N/A,N/A,N/A,"24J6+76 Hanson, Massachusetts",(781) 413-7295
South Shore Gutter Gurus,5.0,18,Gutter cleaning service,"28 Riverside Dr SUITE 140, Pembroke, MA 02359",N/A,N/A,southshoreguttergurus.com,"466F+2V Pembroke, Massachusetts",(781) 431-1111
JRT Seamless Inc.,3.9,7,Gutter cleaning service,"12 Santos Ct, Hanson, MA 02341",N/A,N/A,jrtseamless.com,"25F3+PX Hanson, Massachusetts",(781) 252-0568
JRT Seamless Inc.,3.9,7,Gutter cleaning service,"12 Santos Ct, Hanson, MA 02341",N/A,N/A,jrtseamless.com,"25F3+PX Hanson, Massachusetts",(781) 252-0568
Up The Gutter,5.0,34,Gutter cleaning service,"0 Snow Rd # 3, Marshfield, MA 02050",N/A,N/A,upthegutter.com,"37RV+3Q Marshfield, Massachusetts",(781) 204-1248
SG Window Cleaning & Gutter Cleaning,4.9,9,Gutter cleaning service,"124 Carriage Hill Dr, Raynham, MA 02767",N/A,N/A,sgwindowguttercleaning.com,"WX9F+Q2 Raynham, Massachusetts",(617) 875-6400
SG Window Cleaning & Gutter Cleaning,4.9,9,Gutter cleaning service,"124 Carriage Hill Dr, Raynham, MA 02767",N/A,N/A,sgwindowguttercleaning.com,"WX9F+Q2 Raynham, Massachusetts",(617) 875-6400
On the Spot Wholesale Gutter Supply,5.0,5,Manufacturer,"120 S Main St, West Bridgewater, MA 02379",N/A,N/A,otsgutter.com,"2X8X+FH West Bridgewater, Massachusetts",(508) 583-6070
On the Spot Wholesale Gutter Supply,5.0,5,Manufacturer,"120 S Main St, West Bridgewater, MA 02379",N/A,N/A,otsgutter.com,"2X8X+FH West Bridgewater, Massachusetts",(508) 583-6070
Castro Home Improvement Inc,5.0,2,Roofing contractor,"3 Goddard Rd Apt 1, Brockton, MA 02301",N/A,N/A,N/A,"3XMG+F5 Brockton, Massachusetts",(508) 326-3047
Castro Home Improvement Inc,5.0,2,Roofing contractor,"3 Goddard Rd Apt 1, Brockton, MA 02301",N/A,N/A,N/A,"3XMG+F5 Brockton, Massachusetts",(508) 326-3047
Shine Thru Inc,4.9,270,Window cleaning service,"4 Ricketts Pond Dr Unit 2, Carver, MA 02330",N/A,N/A,shinethruwindowcleaning.com,"W6VM+W8 Carver, Massachusetts",(781) 812-9189
Shine Thru Inc,4.9,270,Window cleaning service,"4 Ricketts Pond Dr Unit 2, Carver, MA 02330",N/A,N/A,shinethruwindowcleaning.com,"W6VM+W8 Carver, Massachusetts",(781) 812-9189
"Beantown Home Improvements, Inc.",5.0,321,Roofing contractor,"53 Plain St, Middleborough, MA 02346",N/A,N/A,beantownhi.com,"W3MV+QQ Middleborough, Massachusetts",(781) 390-9690
"Beantown Home Improvements, Inc.",5.0,321,Roofing contractor,"53 Plain St, Middleborough, MA 02346",N/A,N/A,beantownhi.com,"W3MV+QQ Middleborough, Massachusetts",(781) 390-9690
Southeast Softwash LLC,5.0,63,Pressure washing service,"91 Pheasant Ln, Raynham, MA 02767",N/A,N/A,N/A,"WXFM+CP Raynham, Massachusetts",(774) 406-9383
Southeast Softwash LLC,5.0,63,Pressure washing service,"91 Pheasant Ln, Raynham, MA 02767",N/A,N/A,N/A,"WXFM+CP Raynham, Massachusetts",(774) 406-9383
Ocean State Gutters,5.0,25,Gutter cleaning service,"99 South St, Randolph, MA 02368",N/A,N/A,oceanstategutter.com,"5X56+C9 Randolph, Massachusetts",(508) 440-4402
Ocean State Gutters,5.0,25,Gutter cleaning service,"99 South St, Randolph, MA 02368",N/A,N/A,oceanstategutter.com,"5X56+C9 Randolph, Massachusetts",(508) 440-4402
New England GutterDome,N/A,N/A,Gutter cleaning service,"722 Washington St, Pembroke, MA 02359",N/A,N/A,N/A,"369F+9F Pembroke, Massachusetts",(781) 826-3711
New England GutterDome,N/A,N/A,Gutter cleaning service,"722 Washington St, Pembroke, MA 02359",N/A,N/A,N/A,"369F+9F Pembroke, Massachusetts",(781) 826-3711
Mighty Dog Roofing,5.0,87,Roofing contractor,"448 Turnpike St b-2, South Easton, MA 02375",Located in: Village Place,N/A,mightydogroofing.com,"2W7M+2H South Easton, Easton, MA",(508) 928-3755
Mighty Dog Roofing,5.0,87,Roofing contractor,"448 Turnpike St b-2, South Easton, MA 02375",Located in: Village Place,N/A,mightydogroofing.com,"2W7M+2H South Easton, Easton, MA",(508) 928-3755
Levi Gutter Solution,4.8,54,Gutter cleaning service,"36 Clapboardtree St, Norwood, MA 02062",N/A,N/A,leviguttersolutions.com,"6R75+C3 Norwood, Massachusetts",(617) 404-5192
Superior Exteriors Roofing,4.8,37,Roofing contractor,"835 Plain St Unit 21, Marshfield, MA 02050",N/A,N/A,superiorexteriorsma.com,"464X+99 Marshfield, Massachusetts",(617) 922-6062
Superior Exteriors Roofing,4.8,37,Roofing contractor,"835 Plain St Unit 21, Marshfield, MA 02050",N/A,N/A,superiorexteriorsma.com,"464X+99 Marshfield, Massachusetts",(617) 922-6062
Packard Power Washing LLC,5.0,7,Gutter cleaning service,"67 East St, East Bridgewater, MA 02333",N/A,N/A,N/A,N/A,(774) 226-5906
JLM Gutter Cleaning,3.0,9,Gutter cleaning service,"130 Connie Ln, Stoughton, MA 02072",N/A,N/A,jlmguttercleaningservice.com,"4WW8+JR Stoughton, Massachusetts",(800) 362-0933
JLM Gutter Cleaning,3.0,9,Gutter cleaning service,"130 Connie Ln, Stoughton, MA 02072",N/A,N/A,jlmguttercleaningservice.com,"4WW8+JR Stoughton, Massachusetts",(800) 362-0933
The Powerwash Company,5.0,61,Pressure washing service,"851 Pleasant St, Raynham, MA 02767",N/A,N/A,thepowerwashco.com,"WXPF+FQ Raynham, Massachusetts",(508) 823-9274
Kleer-Vu Cleaning Services,5.0,N/A,Window cleaning service,"38 Landing Rd, Kingston, MA 02364",N/A,N/A,N/A,"X7WG+F9 Kingston, Massachusetts",(781) 585-2970
Kleer-Vu Cleaning Services,5.0,N/A,Window cleaning service,"38 Landing Rd, Kingston, MA 02364",N/A,N/A,N/A,"X7WG+F9 Kingston, Massachusetts",(781) 585-2970
MDH Construction,5.0,10,General contractor,"186 S Meadow Rd # 2, Plymouth, MA 02360",N/A,Closed ⋅ Opens 9AM FriSee more hours,mdhconstruction.com,"W78G+W2 Plymouth, Massachusetts",(774) 269-6002
Kingsley Improvements,5.0,52,Fence contractor,"215 Bedford St, Whitman, MA 02382",N/A,N/A,kingsleyimprovements.com,"3383+J2 Whitman, Massachusetts",(774) 533-0968
Kingsley Improvements,5.0,52,Fence contractor,"215 Bedford St, Whitman, MA 02382",N/A,N/A,kingsleyimprovements.com,"3383+J2 Whitman, Massachusetts",(774) 533-0968
B. A. Harris Seamless Gutter,4.3,31,Gutter cleaning service,"4 Renmar Ave Unit 3, Walpole, MA 02081",N/A,N/A,gottahgettahguttah.com,"4PPH+X6 Walpole, Massachusetts",(833) 488-8247
B. A. Harris Seamless Gutter,4.3,31,Gutter cleaning service,"4 Renmar Ave Unit 3, Walpole, MA 02081",N/A,N/A,gottahgettahguttah.com,"4PPH+X6 Walpole, Massachusetts",(833) 488-8247
International Gutters,5.0,283,Gutter cleaning service,"17 Union Pl, Lynn, MA 01902",N/A,N/A,internationalgutters.com,"F396+R9 Lynn, Massachusetts",(855) 584-8883
Looking Glass Window Washing Service,5.0,18,Window cleaning service,"15 Birch Bottom Cir, Rockland, MA 02370",N/A,N/A,lookingglasswindowwashing.com,"33VX+84 Rockland, Massachusetts",(617) 947-2249
Looking Glass Window Washing Service,5.0,18,Window cleaning service,"15 Birch Bottom Cir, Rockland, MA 02370",N/A,N/A,lookingglasswindowwashing.com,"33VX+84 Rockland, Massachusetts",(617) 947-2249
Green Monster Gutters,4.9,38,Gutter cleaning service,"30 Spring St, Medford, MA 02155",N/A,N/A,greenmonstergutters.com,"CW74+58 Medford, Massachusetts",(617) 245-0202
Anderson Insulation,4.2,31,Insulation contractor,"706 Brockton Ave, Abington, MA 02351",N/A,N/A,andersoninsul.com,"32VM+R9 Abington, Massachusetts",(781) 857-1000
Anderson Insulation,4.2,31,Insulation contractor,"706 Brockton Ave, Abington, MA 02351",N/A,N/A,andersoninsul.com,"32VM+R9 Abington, Massachusetts",(781) 857-1000
Boston Roofing And Gutters,4.4,43,Roofing contractor,"277 Newport Ave, Quincy, MA 02170",N/A,N/A,bostonroofingandgutters.com,"7X8H+QC Quincy, Massachusetts",(781) 267-3778
Boston Roofing And Gutters,4.4,43,Roofing contractor,"277 Newport Ave, Quincy, MA 02170",N/A,N/A,bostonroofingandgutters.com,"7X8H+QC Quincy, Massachusetts",(781) 267-3778
JG Cherry & Son Professional Painting And Paper Hanging,N/A,N/A,Gutter cleaning service,"202 Carver Rd, Plymouth, MA 02360",N/A,N/A,jgcherryandson.com,"W7MF+9V Plymouth, Massachusetts",(508) 746-1719
Like New Home Services LLC,5.0,24,Pressure washing service,"409 Canton St Unit 4, Stoughton, MA 02072",N/A,N/A,N/A,"4VHM+J5 Stoughton, Massachusetts",N/A
Like New Home Services LLC,5.0,24,Pressure washing service,"409 Canton St Unit 4, Stoughton, MA 02072",N/A,N/A,N/A,"4VHM+J5 Stoughton, Massachusetts",N/A
Lima Gutters,5.0,2,Gutter cleaning service,"66 Woodlawn St, Everett, MA 02149",N/A,N/A,limagutters.com,"CX64+6H Everett, Massachusetts",(857) 888-1112
Lima Gutters,5.0,2,Gutter cleaning service,"859 Willard St Suite 400, Quincy, MA 02169",N/A,N/A,gutterpro.com,"6XH9+82 Quincy, Massachusetts",(617) 245-0821
Gutter Pro Enterprises,N/A,N/A,Gutter cleaning service,"859 Willard St Suite 400, Quincy, MA 02169",N/A,N/A,gutterpro.com,"6XH9+82 Quincy, Massachusetts",(617) 245-0821
T.MORRELL GUTTERS AND ROOFING,3.9,7,Gutter cleaning service,"164 Broad St, Weymouth, MA 02188",N/A,N/A,N/A,N/A,(617) 688-3732
T.MORRELL GUTTERS AND ROOFING,3.9,7,Roofing contractor,"164 Broad St, Weymouth, MA 02188",N/A,N/A,N/A,"628R+W9 Weymouth, Massachusetts",(617) 688-3732
Irving's Home Center,4.6,110,Hardware store,"10 N Main St, Brockton, MA 02301",N/A,N/A,irvingshomecenter.com,"3XPH+7W Brockton, Massachusetts",(508) 583-4421
Irving's Home Center,4.6,110,Hardware store,"10 N Main St, Brockton, MA 02301",N/A,N/A,irvingshomecenter.com,"3XPH+7W Brockton, Massachusetts",(508) 583-4421
Torri Gutters & Painting,5.0,6,Painter,"76 Campbell Ave, Revere, MA 02151",N/A,N/A,torrigutters.com,"C233+59 Revere, Massachusetts",(781) 560-3617
Torri Gutters & Painting,5.0,6,Painter,"76 Campbell Ave, Revere, MA 02151",N/A,N/A,torrigutters.com,"C233+59 Revere, Massachusetts",(781) 560-3617
Nice Construction Company,5.0,8,Home builder,"376 N Elm St, West Bridgewater, MA 02379",N/A,N/A,N/A,"2XJG+VQ West Bridgewater, Massachusetts",(508) 232-8483
Nice Construction Company,5.0,8,Home builder,"376 N Elm St, West Bridgewater, MA 02379",N/A,N/A,N/A,"2XJG+VQ West Bridgewater, Massachusetts",(508) 232-8483
The Home Depot,4.2,626,Home improvement store,"1453 Pleasant St, Bridgewater, MA 02324",N/A,Closed ⋅ Opens 6AM FriSee more hours,homedepot.com,"XX9G+7F Bridgewater, Massachusetts",(508) 697-0327
