name,rating,reviews_count,category,address,location,hours,website,plus_code,phone
Whittemore Home Improvement,5.0,N/A,Siding contractor,"42 Bunnys Rd, Carver, MA 02330",N/A,N/A,whisiding.com,"W792+HW Carver, Massachusetts",(508) 866-5122
Whittemore Home Improvement,5.0,N/A,Siding contractor,"42 Bunnys Rd, Carver, MA 02330",N/A,N/A,whisiding.com,"W792+HW Carver, Massachusetts",(508) 866-5122
"Beantown Home Improvements, Inc.",5.0,321,Roofing contractor,"53 Plain St, Middleborough, MA 02346",N/A,N/A,beantownhi.com,"W3MV+QQ Middleborough, Massachusetts",(781) 390-9690
MKF Residential,5.0,N/A,Roofing contractor,"67 Summer St, Kingston, MA 02364",N/A,N/A,N/A,"X7X9+8W Kingston, Massachusetts",(339) 933-1554
Cape Cod Roofing and Siding,4.1,28,Roofing contractor,"111 Hathaway St, Wareham, MA 02571",N/A,N/A,capecodroof.com,"Q725+VM Wareham, Massachusetts",(508) 295-3562
Cape Cod Roofing and Siding,4.1,28,Roofing contractor,"111 Hathaway St, Wareham, MA 02571",N/A,N/A,capecodroof.com,"Q725+VM Wareham, Massachusetts",(508) 295-3562
JDM Siding & Windows,5.0,10,General contractor,"218 Tearall Rd, Raynham, MA 02767",N/A,N/A,jdmsidingandwindows.com,"WX7H+73 Raynham, Massachusetts",(339) 987-0685
JDM Siding & Windows,5.0,10,General contractor,"218 Tearall Rd, Raynham, MA 02767",N/A,N/A,jdmsidingandwindows.com,"WX7H+73 Raynham, Massachusetts",(339) 987-0685
Shiretown Glass & Home Center,4.0,24,General contractor,"186 Standish Ave, Plymouth, MA 02360",N/A,N/A,shiretownhomeimprovements.com,"X898+M3 Plymouth, Massachusetts",(508) 746-1955
Nor'East Services Incorporated,4.7,22,Roofing contractor,"37 Main St, Kingston, MA 02364",N/A,N/A,noreastservices.com,"X8M2+H9 Kingston, Massachusetts",(781) 347-3267
All Seasons Exteriors Inc,5.0,N/A,Siding contractor,"45 Pleasant St, Middleborough, MA 02346",N/A,N/A,N/A,"W2F9+PH Middleborough, Massachusetts",(508) 946-4166
All Seasons Exteriors Inc,5.0,N/A,Siding contractor,"45 Pleasant St, Middleborough, MA 02346",N/A,N/A,N/A,"W2F9+PH Middleborough, Massachusetts",(508) 946-4166
United Home Experts,5.0,25,Siding contractor,"53 Marion Rd, Wareham, MA 02571",Located in: Marion road professional building,N/A,unitedhomeexperts.com,"Q76H+75 Wareham, Massachusetts",(508) 355-3263
United Home Experts,5.0,25,Roofing contractor,"53 Marion Rd, Wareham, MA 02571",Located in: Marion road professional building,N/A,unitedhomeexperts.com,"Q76H+75 Wareham, Massachusetts",(508) 355-3263
Waterman Building & Remodeling,5.0,234,Roofing contractor,"238 Center St, Middleborough, MA 02346",N/A,N/A,watermanbuilders.com,"V3VP+8M Middleborough, Massachusetts",(508) 317-8010
Waterman Building & Remodeling,5.0,234,Roofing contractor,"238 Center St, Middleborough, MA 02346",N/A,N/A,watermanbuilders.com,"V3VP+8M Middleborough, Massachusetts",(508) 317-8010
Mid-Cape Home Centers,4.2,30,Home improvement store,"123 E Grove St, Middleborough, MA 02346",N/A,N/A,midcape.com,"V4F6+Q2 Middleborough, Massachusetts",(508) 947-2353
Mid-Cape Home Centers,4.2,30,Home improvement store,"123 E Grove St, Middleborough, MA 02346",N/A,N/A,midcape.com,"V4F6+Q2 Middleborough, Massachusetts",(508) 947-2353
Cazeault Roofing & Solar of Plymouth County,4.4,7,Siding contractor,"47 Liberty St, Plymouth, MA 02360",N/A,N/A,cazeaultroofers.com,"X886+4M Plymouth, Massachusetts",(508) 747-3800
Cazeault Roofing & Solar of Plymouth County,4.4,7,Roofing contractor,"47 Liberty St, Plymouth, MA 02360",N/A,N/A,cazeaultroofers.com,"X886+4M Plymouth, Massachusetts",(508) 747-3800
Cran Marsh Inc,5.0,19,Roofing contractor,"635 Wareham St Rear, Middleborough, MA 02346",N/A,N/A,cranmarshgc.com,"R58V+72 Middleborough, Massachusetts",(774) 419-3101
Cran Marsh Inc,5.0,19,Roofing contractor,"635 Wareham St Rear, Middleborough, MA 02346",N/A,N/A,cranmarshgc.com,"R58V+72 Middleborough, Massachusetts",(774) 419-3101
Holland Homes Roofing Co,5.0,31,Roofing contractor,"66 Cranberry Rd, Carver, MA 02330",N/A,N/A,roofwithhh.com,N/A,(781) 864-2525
Holland Homes Roofing Co,5.0,31,Roofing contractor,"66 Cranberry Rd, Carver, MA 02330",N/A,N/A,roofwithhh.com,"R7RG+GJ Carver, Massachusetts",(781) 864-2525
Pinske Construction & Contracting,5.0,55,General contractor,"7 Ray Way, East Bridgewater, MA 02333",N/A,N/A,pinskeconstruction.com,"X3WV+WH East Bridgewater, Massachusetts",(617) 699-3845
Pinske Construction & Contracting,5.0,55,General contractor,"7 Ray Way, East Bridgewater, MA 02333",N/A,N/A,pinskeconstruction.com,"X3WV+WH East Bridgewater, Massachusetts",(617) 699-3845
Precision Vinyl Siding,5.0,2,Siding contractor,"466 Sumner St, Stoughton, MA 02072",N/A,N/A,precisiondoorandwindow.com,"4W67+Q6 Stoughton, Massachusetts",(781) 344-6900
Wilcox Aluminum Inc,4.4,9,Siding contractor,"162 Industrial Blvd no 7 b, Hanson, MA 02341",N/A,N/A,wilcoxaluminum.com,"332W+4J Hanson, Massachusetts",(781) 447-0026
Wilcox Aluminum Inc,4.4,9,General contractor,"162 Industrial Blvd no 7 b, Hanson, MA 02341",N/A,N/A,wilcoxaluminum.com,"332W+4J Hanson, Massachusetts",(781) 447-0026
Wilcox Aluminum Inc,4.4,9,General contractor,"162 Industrial Blvd no 7 b, Hanson, MA 02341",N/A,N/A,wilcoxaluminum.com,"332W+4J Hanson, Massachusetts",(781) 447-0026
JRT Construction LLC,3.5,65,Home builder,"5 Commercial Dr, Lakeville, MA 02347",Located in: Kensington Court Apartments,N/A,jrthomebuilders.com,"V3HH+85 Lakeville, Massachusetts",(508) 436-0267
North Star Bailey Company Inc,5.0,23,Construction company,"768 Washington St, Hanover, MA 02339",N/A,N/A,northstarbailey.com,"45GC+M5 Hanover, Massachusetts",(781) 826-4205
North Star Bailey Company Inc,5.0,23,Construction company,"768 Washington St, Hanover, MA 02339",N/A,N/A,northstarbailey.com,"45GC+M5 Hanover, Massachusetts",(781) 826-4205
Cazeault Paul J And Sons Roofing,N/A,N/A,Siding contractor,"49 Liberty St, Plymouth, MA 02360",N/A,N/A,cazeault.com,N/A,(508) 747-3800
Mario's Roofing,5.0,2,Roofing contractor,"548 W Grove St, Middleborough, MA 02346",N/A,N/A,mariosroofing.com,"W22V+H5 Middleborough, Massachusetts",(508) 947-9472
Mario's Roofing,5.0,2,Roofing contractor,"548 W Grove St, Middleborough, MA 02346",N/A,N/A,mariosroofing.com,"W22V+H5 Middleborough, Massachusetts",(508) 947-9472
Cochrane Roofing and Siding,5.0,10,Roofing contractor,"237 Bay Rd, Sharon, MA 02067",N/A,N/A,cochraneroofingsiding.com,"4VJ2+W6 Sharon, Massachusetts",(781) 784-9358
Miller's Pro Roofing & Siding,4.9,64,Siding contractor,"105 E Falmouth Hwy, East Falmouth, MA 02536",N/A,N/A,millersproroofingandsiding.com,"HCHJ+94 East Falmouth, Falmouth, MA",(774) 245-6455
Miller's Pro Roofing & Siding,4.9,64,Siding contractor,"105 E Falmouth Hwy, East Falmouth, MA 02536",N/A,N/A,millersproroofingandsiding.com,"HCHJ+94 East Falmouth, Falmouth, MA",(774) 245-6455
MDH Construction,5.0,10,General contractor,"186 S Meadow Rd # 2, Plymouth, MA 02360",N/A,Open ⋅ Closes 5PMSee more hours,mdhconstruction.com,"W78G+W2 Plymouth, Massachusetts",(774) 269-6002
Carlos Vinyl Siding,4.2,5,Siding contractor,"15 Townsend St, New Bedford, MA 02746",N/A,N/A,N/A,"M345+5C New Bedford, Massachusetts",(508) 997-2540
Carlos Vinyl Siding,4.2,5,Siding contractor,"15 Townsend St, New Bedford, MA 02746",N/A,N/A,N/A,"M345+5C New Bedford, Massachusetts",(508) 997-2540
GT Roofing and Construction,2.0,N/A,Roofing contractor,"116 Plympton St, Middleborough, MA 02346",N/A,N/A,N/A,"W49V+GG Middleborough, Massachusetts",(508) 840-7205
GT Roofing and Construction,2.0,N/A,Roofing contractor,"116 Plympton St, Middleborough, MA 02346",N/A,N/A,N/A,"W49V+GG Middleborough, Massachusetts",(508) 840-7205
Summer Exterior Inc,5.0,8,Roofing contractor,"234 West Center St Unit #14, West Bridgewater, MA 02379",N/A,N/A,summerexteriorinc.com,"X3WR+HW West Bridgewater, Massachusetts",(774) 279-3283
Summer Exterior Inc,5.0,8,Roofing contractor,"234 West Center St Unit #14, West Bridgewater, MA 02379",N/A,N/A,summerexteriorinc.com,"X3WR+HW West Bridgewater, Massachusetts",(774) 279-3283
Mario's Roofing,4.9,283,Roofing contractor,"1520 Washington St, Stoughton, MA 02072",N/A,N/A,mariosroofing.com,"4W32+HM Stoughton, Massachusetts",(781) 344-2420
Mario's Roofing,4.9,283,Roofing contractor,"1520 Washington St, Stoughton, MA 02072",N/A,N/A,mariosroofing.com,"4W32+HM Stoughton, Massachusetts",(781) 344-2420
"M.P. & Son Construction, Inc.",5.0,13,General contractor,"581 Wareham Rd, Plymouth, MA 02360",N/A,N/A,mpandsonconstruction.com,"R969+7G Plymouth, Massachusetts",(774) 464-9952
"M.P. & Son Construction, Inc.",5.0,13,General contractor,"581 Wareham Rd, Plymouth, MA 02360",N/A,N/A,mpandsonconstruction.com,"R969+7G Plymouth, Massachusetts",(774) 464-9952
Stirling Contracting,5.0,N/A,General contractor,"21 Robins St, East Bridgewater, MA 02333",N/A,N/A,N/A,"232P+5R East Bridgewater, Massachusetts",(781) 706-8550
Stirling Contracting,5.0,N/A,General contractor,"21 Robins St, East Bridgewater, MA 02333",N/A,N/A,N/A,"232P+5R East Bridgewater, Massachusetts",(781) 706-8550
South Coast Remodelers,5.0,2,Siding contractor,"58 Nickerson St, Plymouth, MA 02360",N/A,N/A,N/A,N/A,(508) 280-6677
Cechinel Siding & Windows,4.9,65,Siding contractor,"35 Adams St, Somerville, MA 02145",N/A,N/A,cechinelrenovations.com,"9VVX+MW Somerville, Massachusetts",(617) 623-1100
JPA Construction MA (Roofing Contractor & Siding Contractor),5.0,12,Siding contractor,"298 b, 298 Sea St, Hyannis, MA 02601",N/A,N/A,jpaconstructionma.com,N/A,(774) 810-2099
Hannigan Roofing,5.0,7,Roofing contractor,"6 Town Wharf, Plymouth, MA 02360",N/A,N/A,hanniganroofing.com,"X86M+Q4 Plymouth, Massachusetts",(508) 209-1352
Ross Designed Construction,5.0,4,Construction company,"62 Winnetuxet Rd, Plympton, MA 02367",N/A,N/A,m.facebook.com,"W5VG+PQ Plympton, Massachusetts",(781) 291-9261
Ross Designed Construction,5.0,4,Construction company,"62 Winnetuxet Rd, Plympton, MA 02367",N/A,N/A,m.facebook.com,"W5VG+PQ Plympton, Massachusetts",(781) 291-9261
Vinyl Siding,5.0,N/A,Siding contractor,"15 Robbin Rd, Canton, MA 02021",N/A,N/A,N/A,"4RVQ+4W Canton, Massachusetts",(508) 505-8789
The Home Depot,4.0,654,Home improvement store,"39 Long Pond Rd, Plymouth, MA 02360",N/A,Open ⋅ Closes 10PMSee more hours,homedepot.com,N/A,(508) 830-6702
The Evergreen Homes and Builders,5.0,12,Construction company,"24 Thatcher Rd, Plymouth, MA 02360",N/A,N/A,thevergreenhomes.com,"V99V+87 Plymouth, Massachusetts",(330) 304-6805
New England Home Restoration LLC,5.0,40,General contractor,"3065 Cranberry Hwy Unit #13, East Wareham, MA 02538",N/A,N/A,nehomerestoration.com,N/A,(508) 216-3763
"Liberty Painting and Siding, LLC",5.0,8,Painting,"5 Pleasant View Ave, Braintree, MA 02184",N/A,N/A,libertypaintingandsiding.com,"62HH+WH Braintree, Massachusetts",(617) 472-4545
Cycle Carpentry Corp,5.0,81,Roofing contractor,"28 Park Ave, East Bridgewater, MA 02333",N/A,N/A,cyclecarpentry.com,"22CC+9J East Bridgewater, Massachusetts",(781) 412-3006
Kirby & Sons LLC,N/A,N/A,Roofing contractor,"5 Nancy Dr, Plymouth, MA 02360",N/A,N/A,kirbyandsons.com,N/A,(508) 562-2433
Expert Roofing & Siding Construction,5.0,4,Roofing contractor,"45 Dan Rd, Canton, MA 02021",N/A,N/A,expertroofingllc.com,"5V5P+W9 Canton, Massachusetts",(508) 328-0759
Leland Siding Roofing & Windows,5.0,16,Roofing contractor,"290 Village St, Medway, MA 02053",N/A,N/A,lelandsiding.com,"4HRH+6V Medway, Massachusetts",(508) 533-8664
Falcone Roofing Co Inc,4.5,15,Roofing contractor,"114 Long Pond Rd, Plymouth, MA 02360",N/A,N/A,falconeroofingco.com,"W8FV+MM Plymouth, Massachusetts",(508) 746-6866
Folloni Construction,5.0,2,Construction company,"218 Thompson St, Middleborough, MA 02346",N/A,N/A,N/A,"W4H9+MQ Middleborough, Massachusetts",(774) 259-6684
Gutter Pro Enterprises,4.9,77,Gutter cleaning service,"190 S Meadow Rd, Plymouth, MA 02360",N/A,N/A,gutterpro.com,"W78F+PM Plymouth, Massachusetts",(508) 746-0400
Roofing and siding specialist,N/A,N/A,Construction company,"260 Jon Dr, Brockton, MA 02302",N/A,N/A,N/A,"4X9V+PW Brockton, Massachusetts",(508) 521-7067
Lowe's Home Improvement,3.9,738,Home improvement store,"32 William C Gould Jr Way, Kingston, MA 02364",N/A,N/A,lowes.com,"X7CR+VM Kingston, Massachusetts",(781) 217-2000
Roofing and Siding of Boston,5.0,6,Roofing contractor,"530 Atlantic Ave #606, Boston, MA 02210",Located in: Atlantic Wharf,N/A,bostonroofingandsiding.com,"9W3W+FQ Boston, Massachusetts",(855) 800-9080
L. Enos Restorations - Roofing - Renovations - Siding,5.0,2,Roofing contractor,"571 Thomas B Landers Rd, East Falmouth, MA 02536",N/A,N/A,N/A,"J98V+75 East Falmouth, Falmouth, MA",(508) 566-5255
Harris Building & Renovations,N/A,N/A,General contractor,"98a Esta Rd, Plymouth, MA 02360",N/A,N/A,harrisbuildingandrenovations.com,"W7P9+FJ Plymouth, Massachusetts",(774) 343-4660
E B Window and Siding Co,4.5,55,Siding contractor,"330 Lynnway Suite 211, Lynn, MA 01901",N/A,N/A,ebwindow.com,"F342+X6 Lynn, Massachusetts",(781) 842-1056
Lee Poirier Siding & Window,5.0,N/A,Siding contractor,"22 Roy Ave, Attleboro, MA 02703",N/A,N/A,N/A,"WJCW+65 Attleboro, Massachusetts",(508) 930-7752
"Shea Custom Carpentry, Inc",5.0,17,Remodeler,"The Park Place Building, 11 Memorial Dr #2, Plymouth, MA 02360",N/A,N/A,sheacustomcarpentry.com,"X86J+4H Plymouth, Massachusetts",(508) 394-8355
"Innovative Contracting Services, Inc.",5.0,6,Siding contractor,"699 Broadway, Somerville, MA 02144",N/A,N/A,innovativecontractingservices.com,"CV2Q+26 Somerville, Massachusetts",(781) 393-4427
Laddy's Home Services,5.0,70,Gutter cleaning service,"Birch St, Duxbury, MA 02332",N/A,N/A,laddyshomeservices.com,"26QR+RP Duxbury, Massachusetts",(781) 789-3612
Walthams Roofing And Siding,N/A,N/A,Contractor,"441 Page St, Stoughton, MA 02072",N/A,N/A,N/A,"5W2G+6V Stoughton, Massachusetts",N/A
Walthams Roofing And Siding,N/A,N/A,Contractor,"441 Page St, Stoughton, MA 02072",N/A,N/A,N/A,"5W2G+6V Stoughton, Massachusetts",N/A
