name,rating,reviews_count,category,address,location,hours,website,plus_code,phone
Coastal Windows & Exteriors,4.7,602,Roofing contractor,"236 Cabot St, Beverly, MA 01915",N/A,N/A,mycoastalwindows.com,"G4XC+HJ Beverly, Massachusetts",(978) 963-8230
Coastal Windows & Exteriors,4.7,602,Roofing contractor,"236 Cabot St, Beverly, MA 01915",N/A,N/A,mycoastalwindows.com,"G4XC+HJ Beverly, Massachusetts",(978) 963-8230
First Choice Construction,5.0,32,Siding contractor,"88 Elliott St, Beverly, MA 01915",N/A,N/A,firstchoiceconstruction.com,"H438+VW Beverly, Massachusetts",(978) 922-3949
First Choice Construction,5.0,32,Siding contractor,"88 Elliott St, Beverly, MA 01915",N/A,N/A,firstchoiceconstruction.com,"H438+VW Beverly, Massachusetts",(978) 922-3949
"Budget Exteriors - Siding, Windows, Doors, Gutters",5.0,N/A,Siding contractor,"354 Merrimac Street, Entry C, suite 500, Lawrence, MA 01840",N/A,N/A,budgetexteriorsma.com,"PVF7+VV Lawrence, Massachusetts",(617) 830-1358
"Budget Exteriors - Siding, Windows, Doors, Gutters",5.0,N/A,Siding contractor,"354 Merrimac Street, Entry C, suite 500, Lawrence, MA 01840",N/A,N/A,budgetexteriorsma.com,"PVF7+VV Lawrence, Massachusetts",(617) 830-1358
A&A Services Home Improvement,4.9,411,Roofing contractor,"115 North St, Salem, MA 01970",N/A,N/A,a-aservices.com,"G3GX+V5 Salem, Massachusetts",(978) 354-7579
A&A Services Home Improvement,4.9,411,Roofing contractor,"115 North St, Salem, MA 01970",N/A,N/A,a-aservices.com,"G3GX+V5 Salem, Massachusetts",(978) 354-7579
Commonwealth Roofing and Siding,5.0,7,Roofing contractor,"7 High Plain Rd, Andover, MA 01810",N/A,N/A,cwroofandside.com,"MR6J+MQ Andover, Massachusetts",(800) 672-7497
Commonwealth Roofing and Siding,5.0,7,Roofing contractor,"7 High Plain Rd, Andover, MA 01810",N/A,N/A,cwroofandside.com,"MR6J+MQ Andover, Massachusetts",(800) 672-7497
Patriot Exteriors,5.0,5,General contractor,"1 Massachusetts Ave, North Andover, MA 01845",N/A,N/A,N/A,"MVX3+8V North Andover, Massachusetts",(978) 551-7573
Patriot Exteriors,5.0,5,General contractor,"1 Massachusetts Ave, North Andover, MA 01845",N/A,N/A,N/A,"MVX3+8V North Andover, Massachusetts",(978) 551-7573
Northshore Exterior Experts,N/A,N/A,Siding contractor,"172 Main St, North Reading, MA 01864",N/A,N/A,northshoreexteriorexperts.com,"HVMP+3P North Reading, Massachusetts",(781) 706-3921
Northshore Exterior Experts,N/A,N/A,Siding contractor,"172 Main St, North Reading, MA 01864",N/A,N/A,northshoreexteriorexperts.com,"HVMP+3P North Reading, Massachusetts",(781) 706-3921
A J Walsh & Sons,4.3,10,Roofing contractor,"55 Pleasant St, North Andover, MA 01845",N/A,N/A,N/A,"MVXG+9F North Andover, Massachusetts",(978) 688-6737
Melo's Construction,4.5,20,Roofing contractor,"8 Stevens St, Peabody, MA 01960",N/A,N/A,melosconstruction.com,"G3HC+FQ Peabody, Massachusetts",(978) 375-1958
Gw Siding Inc,N/A,N/A,Siding contractor,"54 Delwood Rd, Tewksbury, MA 01876",N/A,N/A,N/A,"HRM7+HV Tewksbury, Massachusetts",(978) 658-3065
Len Gibely Contracting,5.0,95,Roofing contractor,"23R Winter St #5941, Peabody, MA 01960",N/A,N/A,lengibelycontracting.com,"G3FC+3H Peabody, Massachusetts",(978) 531-8234
Len Gibely Contracting,5.0,95,Roofing contractor,"23R Winter St #5941, Peabody, MA 01960",N/A,N/A,lengibelycontracting.com,"G3FC+3H Peabody, Massachusetts",(978) 531-8234
Woodland HomeWorks,5.0,76,Roofing contractor,"83 Alexander Rd STE 3, Billerica, MA 01821",N/A,N/A,woodlandhomeworks.com,"HQ4Q+86 Billerica, Massachusetts",(978) 487-6921
Woodland HomeWorks,5.0,76,Roofing contractor,"83 Alexander Rd STE 3, Billerica, MA 01821",N/A,N/A,woodlandhomeworks.com,"HQ4Q+86 Billerica, Massachusetts",(978) 487-6921
"Osgood Roofing, Siding, and Guttering Company",5.0,15,Roofing contractor,"111 Elm St, Marblehead, MA 01945",N/A,N/A,osgoodroofing.co,"G44W+7P Marblehead, Massachusetts",(978) 740-1885
"Osgood Roofing, Siding, and Guttering Company",5.0,15,Roofing contractor,"111 Elm St, Marblehead, MA 01945",N/A,N/A,osgoodroofing.co,"G44W+7P Marblehead, Massachusetts",(978) 740-1885
Olympic Roofing,4.4,71,Roofing contractor,"462 Boston St, Topsfield, MA 01983",N/A,N/A,olympicroofing.com,"M37C+C2 Topsfield, Massachusetts",(800) 535-4312
Olympic Roofing,4.4,71,Roofing contractor,"462 Boston St, Topsfield, MA 01983",N/A,N/A,olympicroofing.com,"M37C+C2 Topsfield, Massachusetts",(800) 535-4312
Damphousse Roofing LLP,4.7,3,Roofing contractor,"87 Belmont St Suite B, North Andover, MA 01845",N/A,N/A,damphousseroofingllp.com,"PR8R+FC North Andover, Massachusetts",(978) 683-4588
Ideal Siding Boston,5.0,28,Siding contractor,"15 Carter Terrace, Somerville, MA 02143",N/A,N/A,idealsiding.com,"9VPW+44 Somerville, Massachusetts",(617) 977-6886
Ideal Siding Boston,5.0,28,Siding contractor,"15 Carter Terrace, Somerville, MA 02143",N/A,N/A,idealsiding.com,"9VPW+44 Somerville, Massachusetts",(617) 977-6886
E B Window and Siding Co,4.5,55,Siding contractor,"330 Lynnway Suite 211, Lynn, MA 01901",N/A,N/A,ebwindow.com,"F342+X6 Lynn, Massachusetts",(781) 842-1056
Alside,4.4,13,Building materials supplier,"844 Woburn St, Wilmington, MA 01887",N/A,N/A,alside.com,"GVH2+3J Wilmington, Massachusetts",(978) 657-4306
Alside,4.4,13,Building materials supplier,"844 Woburn St, Wilmington, MA 01887",N/A,N/A,alside.com,"GVH2+3J Wilmington, Massachusetts",(978) 657-4306
Twomey & Legare Contracting Inc,4.9,39,Siding contractor,"87 Belmont St Suite A, North Andover, MA 01845",N/A,N/A,twomeyandlegare.com,"PV36+9W North Andover, Massachusetts",(978) 685-7447
Couto Construction,5.0,9,Roofing contractor,"2500 Main St, Tewksbury, MA 01876",N/A,N/A,coutoconstruction.com,"HRF5+W4 Tewksbury, Massachusetts",(978) 756-1716
Couto Construction,5.0,9,Roofing contractor,"2500 Main St, Tewksbury, MA 01876",N/A,N/A,coutoconstruction.com,"HRF5+W4 Tewksbury, Massachusetts",(978) 756-1716
Cechinel Siding & Windows,4.9,65,Siding contractor,"35 Adams St, Somerville, MA 02145",N/A,N/A,cechinelrenovations.com,"9VVX+MW Somerville, Massachusetts",(617) 623-1100
Cechinel Siding & Windows,4.9,65,Siding contractor,"35 Adams St, Somerville, MA 02145",N/A,N/A,cechinelrenovations.com,"9VVX+MW Somerville, Massachusetts",(617) 623-1100
Brooks Siding Windows Doors,N/A,N/A,Door supplier,"Lawrence, MA 01841",N/A,N/A,brooksswd.com,N/A,(978) 686-0260
ABC Supply Co. Inc.,4.7,3,Roofing supply store,"20 Archmeadow Dr, Danvers, MA 01923",Located in: Planet Fitness,N/A,abcsupply.com,"H259+J4 Danvers, Massachusetts",(978) 539-0464
ABC Supply Co. Inc.,4.7,3,Roofing supply store,"20 Archmeadow Dr, Danvers, MA 01923",Located in: Planet Fitness,N/A,abcsupply.com,"H259+J4 Danvers, Massachusetts",(978) 539-0464
TLC General Contractors Inc,5.0,37,General contractor,"58 Pulaski St, Peabody, MA 01960",N/A,N/A,tlcconstructionpros.com,"G3RG+CG Peabody, Massachusetts",(978) 506-1210
TLC General Contractors Inc,5.0,37,General contractor,"58 Pulaski St, Peabody, MA 01960",N/A,N/A,tlcconstructionpros.com,"G3RG+CG Peabody, Massachusetts",(978) 506-1210
JM Exteriors Roofing Siding,5.0,69,Roofing contractor,"21 Wedge St, Lowell, MA 01851",N/A,N/A,jmroofingsiding.com,"JMG8+R8 Lowell, Massachusetts",(603) 966-8281
JM Exteriors Roofing Siding,5.0,69,Roofing contractor,"21 Wedge St, Lowell, MA 01851",N/A,N/A,jmroofingsiding.com,"JMG8+R8 Lowell, Massachusetts",(603) 966-8281
Aluminum Age Inc,5.0,N/A,Siding contractor,"659 Chandler St, Tewksbury, MA 01876",N/A,N/A,aluminumage.com,"HQX8+HJ Tewksbury, Massachusetts",(978) 851-2060
O'Sullivan Installs,5.0,26,Siding contractor,"25 Sullivan Rd Unit 5, North Billerica, MA 01862",N/A,N/A,osullivaninstalls.com,"HM7H+RW North Billerica, Billerica, MA",(978) 234-2297
O'Sullivan Installs,5.0,26,Siding contractor,"25 Sullivan Rd Unit 5, North Billerica, MA 01862",N/A,N/A,osullivaninstalls.com,"HM7H+RW North Billerica, Billerica, MA",(978) 234-2297
"De La Rosa Deck, Siding & Fence",5.0,10,Siding contractor,"62 Jefferson Ave, Salem, MA 01970",N/A,N/A,delarosadecksidingfence.com,N/A,(978) 723-5940
"De La Rosa Deck, Siding & Fence",5.0,10,Deck builder,"62 Jefferson Ave, Salem, MA 01970",N/A,N/A,delarosadecksidingfence.com,"G36X+QH Salem, Massachusetts",(978) 723-5940
TKD Construction LLC,5.0,11,General contractor,"55 Vine St, Reading, MA 01867",N/A,N/A,tkdconstruction.com,"GVGM+W2 Reading, Massachusetts",(781) 942-7372
Fitzgerald General Contracting,5.0,14,General contractor,"9 Summit Rd, Billerica, MA 01821",N/A,N/A,fitzgeraldgc.com,"GQHJ+G4 Billerica, Massachusetts",(978) 408-9390
Fitzgerald General Contracting,5.0,14,General contractor,"9 Summit Rd, Billerica, MA 01821",N/A,N/A,fitzgeraldgc.com,"GQHJ+G4 Billerica, Massachusetts",(978) 408-9390
Chet Dembowski Contracting,N/A,N/A,Siding contractor,"Danvers, MA 01923",Located in: Liberty Tree Mall,N/A,N/A,"G3X5+FQ Danvers, Massachusetts",(978) 777-0927
Chet Dembowski Contracting,N/A,N/A,Siding contractor,"Danvers, MA 01923",Located in: Liberty Tree Mall,N/A,N/A,"G3X5+FQ Danvers, Massachusetts",(978) 777-0927
Patriot Contractors - Commercial Flat Roofing Services,5.0,25,Roofing contractor,"301 Newbury St #152, Danvers, MA 01923",Located in: Stop & Shop,N/A,patriotflatroofcontractors.com,"H2MP+X8 Danvers, Massachusetts",(888) 787-8766
Greater Boston Roofing,4.9,719,Roofing contractor,"221 Chandler Rd, Andover, MA 01810",N/A,N/A,greaterbostonroofing.com,"MQJV+24 Andover, Massachusetts",(617) 941-3901
Greater Boston Roofing,4.9,719,Roofing contractor,"221 Chandler Rd, Andover, MA 01810",N/A,N/A,greaterbostonroofing.com,"MQJV+24 Andover, Massachusetts",(617) 941-3901
North Shore Window & Siding,5.0,3,General contractor,"46 Walker St, Somerville, MA 02144",N/A,N/A,northshorewindowandsiding.com,N/A,(617) 628-7204
North Shore Window & Siding,5.0,3,General contractor,"46 Walker St, Somerville, MA 02144",N/A,N/A,northshorewindowandsiding.com,"CV2J+H3 Somerville, Massachusetts",(617) 628-7204
"Couture's Construction, LLC",5.0,16,Construction company,"542 Merrimack St, Methuen, MA 01844",N/A,N/A,couturesconstruction.com,"QV59+C5 Methuen, Massachusetts",(978) 552-9964
All Under One Roof,4.3,6,Siding contractor,"30 Temple Dr, Methuen, MA 01844",N/A,N/A,allunderoneroof.info,"PQFF+JM Methuen, Massachusetts",(978) 794-3883
All Under One Roof,4.3,6,Heating contractor,"30 Temple Dr, Methuen, MA 01844",N/A,N/A,allunderoneroof.info,"PQFF+JM Methuen, Massachusetts",(978) 794-3883
Preserve Services,4.9,48,General contractor,"203 Washington St #256, Salem, MA 01970",N/A,N/A,preserveservices.com,"G494+M3 Salem, Massachusetts",(978) 745-8745
Malden's Roofing And Siding,5.0,N/A,Contractor,"11 Lowell Ave, Winchester, MA 01890",N/A,N/A,N/A,"FV88+HM Winchester, Massachusetts",(781) 678-8160
Duval Roofing North Reading MA,4.3,36,Roofing contractor,"184 Park St, North Reading, MA 01864",N/A,N/A,duvalroofing.com,"HWF8+8G North Reading, Massachusetts",(978) 664-2557
Duval Roofing North Reading MA,4.3,36,Roofing contractor,"184 Park St, North Reading, MA 01864",N/A,N/A,duvalroofing.com,"HWF8+8G North Reading, Massachusetts",(978) 664-2557
ABC Supply Co. Inc.,4.1,43,Roofing supply store,"3 Wheeling Ave, Woburn, MA 01801",N/A,N/A,abcsupply.com,"FVX7+R6 Woburn, Massachusetts",(781) 938-8700
ABC Supply Co. Inc.,4.1,43,Roofing supply store,"3 Wheeling Ave, Woburn, MA 01801",N/A,N/A,abcsupply.com,"FVX7+R6 Woburn, Massachusetts",(781) 938-8700
Custom Siding & Window Co,5.0,4,Window installation service,"115 Dudley Rd, Billerica, MA 01821",N/A,N/A,customsidingwindow.com,"GMCX+X8 Billerica, Massachusetts",(508) 612-1794
Custom Siding & Window Co,5.0,4,Window installation service,"115 Dudley Rd, Billerica, MA 01821",N/A,N/A,customsidingwindow.com,"GMCX+X8 Billerica, Massachusetts",(508) 612-1794
NE Home Services,4.9,15,Kitchen remodeler,"25 Marion St suite2, Wilmington, MA 01887",N/A,N/A,nehomeservice.com,"GRQ8+4Q Wilmington, Massachusetts",(978) 490-5402
NE Home Services,4.9,15,Kitchen remodeler,"25 Marion St suite2, Wilmington, MA 01887",N/A,N/A,nehomeservice.com,"GRQ8+4Q Wilmington, Massachusetts",(978) 490-5402
"US Siding & Roofing - The best choice for Siding, Roofing, Paint and Windows",4.9,60,Roofing contractor,"357 Boston Post Rd, Sudbury, MA 01776",N/A,N/A,ussiding.net,"9H6M+QQ Sudbury, Massachusetts",(508) 761-0811
"US Siding & Roofing - The best choice for Siding, Roofing, Paint and Windows",4.9,60,Roofing contractor,"357 Boston Post Rd, Sudbury, MA 01776",N/A,N/A,ussiding.net,"9H6M+QQ Sudbury, Massachusetts",(508) 761-0811
NMTI General Contractors,4.3,11,General contractor,"35 Village Rd #100, Middleton, MA 01949",N/A,N/A,nmticonstruction.com,"H2XG+MQ Middleton, Massachusetts",(781) 502-8779
NMTI General Contractors,4.3,11,General contractor,"35 Village Rd #100, Middleton, MA 01949",N/A,N/A,nmticonstruction.com,"H2XG+MQ Middleton, Massachusetts",(781) 502-8779
The Home Depot,4.1,695,Home improvement store,"235 Independence Way, Danvers, MA 01923",Located in: Liberty Tree Mall,Open ⋅ Closes 10PMSee more hours,homedepot.com,"H337+XV Danvers, Massachusetts",(978) 750-8883
Skyline Roofing & Siding,4.8,33,Roofing contractor,"291 Wood St, Lexington, MA 02421",N/A,N/A,localcontractorsolutions.com,"FP6P+HG Lexington, Massachusetts",(401) 425-3995
Skyline Roofing & Siding,4.8,33,Roofing contractor,"291 Wood St, Lexington, MA 02421",N/A,N/A,localcontractorsolutions.com,"FP6P+HG Lexington, Massachusetts",(401) 425-3995
Roofers Edge & Siding Inc,4.6,73,Siding contractor,"2 Summer St #306, Natick, MA 01760",Located in: Clarks Block,N/A,roofersedgeinc.com,"7MM2+MW Natick, Massachusetts",(774) 273-7595
Roofers Edge & Siding Inc,4.6,73,Roofing contractor,"2 Summer St #306, Natick, MA 01760",Located in: Clarks Block,N/A,roofersedgeinc.com,"7MM2+MW Natick, Massachusetts",(774) 273-7595
ABC Supply Co. Inc.,4.8,57,Roofing supply store,"25 Sycamore Ave, Medford, MA 02155",N/A,N/A,abcsupply.com,"CW76+82 Medford, Massachusetts",(781) 391-0011
ABC Supply Co. Inc.,4.8,57,Roofing supply store,"25 Sycamore Ave, Medford, MA 02155",N/A,N/A,abcsupply.com,"CW76+82 Medford, Massachusetts",(781) 391-0011
Laughlin Contracting Inc,3.0,10,Contractor,"9 Charles St, Beverly, MA 01915",N/A,N/A,laughlinhomesinc.com,"H459+GJ Beverly, Massachusetts",(978) 922-5579
Laughlin Contracting Inc,3.0,10,Contractor,"9 Charles St, Beverly, MA 01915",N/A,N/A,laughlinhomesinc.com,"H459+GJ Beverly, Massachusetts",(978) 922-5579
Laughlin Contracting Inc,3.0,10,Roofing contractor,"21 Francis St, North Reading, MA 01864",N/A,N/A,okeefe-roofing.net,"HVPR+24 North Reading, Massachusetts",(978) 276-3043
O'Keefe Roofing,5.0,10,Roofing contractor,"21 Francis St, North Reading, MA 01864",N/A,N/A,okeefe-roofing.net,"HVPR+24 North Reading, Massachusetts",(978) 276-3043
"Advanced Roofing, Siding and Windows Inc.",4.8,26,Roofing contractor,"576 Boston Post Road E Suite I-B, 576 Boston Post Rd E suite b, Marlborough, MA 01752",N/A,N/A,goadvancedsiding.com,"8FXV+G2 Marlborough, Massachusetts",(978) 440-5020
"Advanced Roofing, Siding and Windows Inc.",4.8,26,Roofing contractor,"576 Boston Post Road E Suite I-B, 576 Boston Post Rd E suite b, Marlborough, MA 01752",N/A,N/A,goadvancedsiding.com,"8FXV+G2 Marlborough, Massachusetts",(978) 440-5020
Elite Siding and Roofing,5.0,23,Roofing contractor,"21 Cochituate Rd #2L, Wayland, MA 01778",N/A,N/A,elitesidingroofing.com,"9J7Q+FH Wayland, Massachusetts",(508) 801-4544
Elite Siding and Roofing,5.0,23,Roofing contractor,"21 Cochituate Rd #2L, Wayland, MA 01778",N/A,N/A,elitesidingroofing.com,"9J7Q+FH Wayland, Massachusetts",(508) 801-4544
Elite Siding and Roofing,5.0,23,Roofing contractor,"21 Cochituate Rd #2L, Wayland, MA 01778",N/A,N/A,elitesidingroofing.com,"9J7Q+FH Wayland, Massachusetts",(508) 801-4544
FRG Contractor Corporation,4.9,28,Roofing contractor,"800 W Cummings Park Suite 2300, 2nd Floor, Woburn, MA 01801",N/A,N/A,frgcontractor.com,"FVWF+FM Woburn, Massachusetts",(781) 851-4202
BCS & Sons Construction LLC Methuen,5.0,7,Kitchen remodeler,"217 Broadway, Methuen, MA 01844",N/A,N/A,bcsandsonsconstructionmethuen.com,"PRF8+GJ Methuen, Massachusetts",(603) 819-8909
