name,rating,reviews_count,category,address,location,hours,website,plus_code,phone
ERC Inc. - Egama Roofing Corp.,5.0,93,Roofing contractor,"769 Waverly St, Framingham, MA 01702",N/A,N/A,egamaroofing.net,"7HFC+32 Framingham, Massachusetts",(508) 808-3523
"Reliable Roofing, Siding & Windows",4.7,154,Siding contractor,"194 Tosca Dr, Stoughton, MA 02072",N/A,N/A,reliablewindowandsiding.net,N/A,(781) 746-7333
"Reliable Roofing, Siding & Windows",4.7,154,Roofing contractor,"194 Tosca Dr, Stoughton, MA 02072",N/A,N/A,reliablewindowandsiding.net,"4VPG+C4 Stoughton, Massachusetts",(781) 746-7333
Mastercraft Roofing Siding Windows,4.7,64,Siding contractor,"49 Whiting St, Hingham, MA 02043",N/A,N/A,mastercraftroofingsidingwindows.com,"54G6+96 Hingham, Massachusetts",(781) 829-2222
Boston Exterior Remodeling,4.8,16,Siding contractor,"2095 Centre St, Boston, MA 02132",N/A,N/A,bostonexteriorremodeling.com,"7RHR+C2 Boston, Massachusetts",(617) 390-5434
ELEVATED ROOFING AND SIDING CORP,5.0,34,Roofing contractor,"283 Walk Hill St, Boston, MA 02131",N/A,N/A,elevatedroofingma.com,"7VQR+8R Boston, Massachusetts",(617) 777-6852
REI Roofing,4.9,171,Roofing contractor,"670 S Franklin St, Holbrook, MA 02343",N/A,N/A,reiroofing.com,"4XMR+CQ Holbrook, Massachusetts",(781) 848-1999
"MJM Vinyl Siding, Inc.",5.0,2,Siding contractor,"124 Lintric Dr, Weymouth, MA 02190",N/A,N/A,mjmvinylsidinginc.com,"5387+73 Weymouth, Massachusetts",(781) 340-3318
Cochrane Roofing and Siding,5.0,10,Roofing contractor,"237 Bay Rd, Sharon, MA 02067",N/A,N/A,cochraneroofingsiding.com,"4VJ2+W6 Sharon, Massachusetts",(781) 784-9358
GN Exteriors - Roofers in Braintree,5.0,75,Roofing contractor,"44 B.V. French St, Braintree, MA 02184",N/A,N/A,gnexteriors.com,"62C4+2J Braintree, Massachusetts",(781) 436-2234
GN Exteriors - Roofers in Braintree,5.0,75,Roofing contractor,"44 B.V. French St, Braintree, MA 02184",N/A,N/A,gnexteriors.com,"62C4+2J Braintree, Massachusetts",(781) 436-2234
"SPS - Attic Insulation & Roofing Services Co, MA",4.0,2,Siding contractor,"14 Cedarcrest Cir, Boston, MA 02132",N/A,N/A,supremesidingandwindows.com,"7V62+V6 Boston, Massachusetts",(617) 214-0237
Vinyl Siding,5.0,N/A,Siding contractor,"15 Robbin Rd, Canton, MA 02021",N/A,N/A,N/A,"4RVQ+4W Canton, Massachusetts",(508) 505-8789
Vinyl Siding,5.0,N/A,Siding contractor,"15 Robbin Rd, Canton, MA 02021",N/A,N/A,N/A,"4RVQ+4W Canton, Massachusetts",(508) 505-8789
Precision Vinyl Siding,5.0,2,Siding contractor,"466 Sumner St, Stoughton, MA 02072",N/A,N/A,precisiondoorandwindow.com,"4W67+Q6 Stoughton, Massachusetts",(781) 344-6900
Expert Roofing & Siding Construction,5.0,4,Roofing contractor,"45 Dan Rd, Canton, MA 02021",N/A,N/A,expertroofingllc.com,"5V5P+W9 Canton, Massachusetts",(508) 328-0759
Ideal Siding Boston,5.0,28,Siding contractor,"15 Carter Terrace, Somerville, MA 02143",N/A,N/A,idealsiding.com,"9VPW+44 Somerville, Massachusetts",(617) 977-6886
Ideal Siding Boston,5.0,28,Siding contractor,"15 Carter Terrace, Somerville, MA 02143",N/A,N/A,idealsiding.com,"9VPW+44 Somerville, Massachusetts",(617) 977-6886
Storm Group Roofing Inc.,5.0,73,Roofing contractor,"490 W Main St Apt 5, Avon, MA 02322",N/A,N/A,stormgrouproofinginc.com,"4XF5+9H Avon, Massachusetts",(781) 885-7001
Storm Group Roofing Inc.,5.0,73,Roofing contractor,"490 W Main St Apt 5, Avon, MA 02322",N/A,N/A,stormgrouproofinginc.com,"4XF5+9H Avon, Massachusetts",(781) 885-7001
Brown Bros. Roofing,4.9,48,Roofing contractor,"1069 East St, Dedham, MA 02026",N/A,N/A,brownbrosroofing.net,"6RGP+Q8 Dedham, Massachusetts",(781) 329-2895
Roof Tops,5.0,101,Roofing contractor,"East St, Dedham, MA 02026",N/A,N/A,rooftopsllc.com,"6RQP+H6 Dedham, Massachusetts",(508) 524-1305
Roof Tops,5.0,101,Roofing contractor,"East St, Dedham, MA 02026",N/A,N/A,rooftopsllc.com,"6RQP+H6 Dedham, Massachusetts",(508) 524-1305
"Complete Exterior Systems, Inc.",N/A,N/A,Siding contractor,"10 Rex Dr Suite 15, Braintree, MA 02184",N/A,N/A,completeexteriorsystems.com,"6X6F+8Q Braintree, Massachusetts",+234 857 247 9438
Holbrook Exterior Remodeling Inc.,N/A,N/A,Siding contractor,"52 Westdale Rd, Holbrook, MA 02343",N/A,N/A,facebook.com,"5X6H+RX Holbrook, Massachusetts",(508) 801-6582
Holbrook Exterior Remodeling Inc.,N/A,N/A,Siding contractor,"52 Westdale Rd, Holbrook, MA 02343",N/A,N/A,facebook.com,"5X6H+RX Holbrook, Massachusetts",(508) 801-6582
US Propaint And Renovation Inc.,4.8,144,Handyman/Handywoman/Handyperson,"175 Derby St STE 4, Hingham, MA 02043",N/A,N/A,uspropaint.com,"53HP+Q8 Hingham, Massachusetts",(800) 964-0717
US Propaint And Renovation Inc.,4.8,144,Handyman/Handywoman/Handyperson,"175 Derby St STE 4, Hingham, MA 02043",N/A,N/A,uspropaint.com,"53HP+Q8 Hingham, Massachusetts",(800) 964-0717
Quality Window & Door Inc,5.0,370,Window installation service,"17 Cassandra Rd, Weymouth, MA 02189",N/A,Open ⋅ Closes 5PMSee more hours,qualitywindowdoor.com,"633H+F4 Weymouth, Massachusetts",(781) 335-9595
AA Acosta Construction CORP,5.0,15,Roofing contractor,"7 Nichols Ave, Avon, MA 02322",N/A,N/A,N/A,"4X86+W5 Avon, Massachusetts",(508) 974-7392
AA Acosta Construction CORP,5.0,15,Roofing contractor,"7 Nichols Ave, Avon, MA 02322",N/A,N/A,N/A,"4X86+W5 Avon, Massachusetts",(508) 974-7392
Capital Construction Contracting,4.3,282,Construction company,"3 Norwood St, Boston, MA 02122",N/A,N/A,capitalcons.com,"7XR4+73 Boston, Massachusetts",(617) 319-1225
Capital Construction Contracting,4.3,282,Construction company,"3 Norwood St, Boston, MA 02122",N/A,N/A,capitalcons.com,"7XR4+73 Boston, Massachusetts",(617) 319-1225
Mario's Roofing,4.9,283,Roofing contractor,"1520 Washington St, Stoughton, MA 02072",N/A,N/A,mariosroofing.com,"4W32+HM Stoughton, Massachusetts",(781) 344-2420
Mario's Roofing,4.9,283,Roofing contractor,"1520 Washington St, Stoughton, MA 02072",N/A,N/A,mariosroofing.com,"4W32+HM Stoughton, Massachusetts",(781) 344-2420
Fitzpatrick Roofing & Construction,5.0,3,Roofing contractor,"320 Adams St, Dorchester, MA 02122",N/A,N/A,N/A,"7WXV+C6 Dorchester, Boston, MA",(617) 288-4058
Preserve Services,5.0,29,General contractor,"95 Washington St #280, Canton, MA 02021",Located in: The Village Shoppes,N/A,preserveservices.com,"4VQ3+RH Canton, Massachusetts",(781) 562-3414
Preserve Services,5.0,29,General contractor,"95 Washington St #280, Canton, MA 02021",Located in: The Village Shoppes,N/A,preserveservices.com,"4VQ3+RH Canton, Massachusetts",(781) 562-3414
Morales Construction and Remodeling,5.0,18,Construction company,"144 Union St Floor 1, Holbrook, MA 02343",N/A,N/A,moralesconstruction.net,"5X4M+4X Holbrook, Massachusetts",(781) 510-6324
TandL Construction,5.0,2,Construction company,"23 Vautrinot Ave, Hull, MA 02045",N/A,N/A,N/A,"832R+JF Hull, Massachusetts",(781) 630-0875
TandL Construction,5.0,2,Construction company,"23 Vautrinot Ave, Hull, MA 02045",N/A,N/A,N/A,"832R+JF Hull, Massachusetts",(781) 630-0875
Walthams Roofing And Siding,N/A,N/A,Contractor,"441 Page St, Stoughton, MA 02072",N/A,N/A,N/A,"5W2G+6V Stoughton, Massachusetts",N/A
Roofing and siding specialist,N/A,N/A,Construction company,"260 Jon Dr, Brockton, MA 02302",N/A,N/A,N/A,N/A,(508) 521-7067
Kelly Contracting & Sons,5.0,5,General contractor,"41 N Main St, Avon, MA 02322",N/A,N/A,kellycontractor.com,"4XP5+7V Avon, Massachusetts",(508) 436-6077
Roofers Edge & Siding Inc,4.6,73,Siding contractor,"2 Summer St #306, Natick, MA 01760",Located in: Clarks Block,N/A,roofersedgeinc.com,"7MM2+MW Natick, Massachusetts",(774) 273-7595
Western Isles Roofing & Siding,N/A,N/A,Roofing contractor,"121 Messina Woods Dr, Braintree, MA 02184",N/A,N/A,N/A,"52V7+JC Braintree, Massachusetts",(617) 593-8743
Western Isles Roofing & Siding,N/A,N/A,Roofing contractor,"121 Messina Woods Dr, Braintree, MA 02184",N/A,N/A,N/A,"52V7+JC Braintree, Massachusetts",(617) 593-8743
Ramos Construction,4.9,53,General contractor,"18 N Bowditch St, Braintree, MA 02184",N/A,N/A,ramosconstructionus.com,"62H9+H9 Braintree, Massachusetts",(617) 259-4841
Peabody's Roofing And Siding,N/A,N/A,Contractor,"278 Washington St, Stoughton, MA 02072",N/A,N/A,N/A,"4VQX+7X Stoughton, Massachusetts",N/A
Peabody's Roofing And Siding,N/A,N/A,Contractor,"278 Washington St, Stoughton, MA 02072",N/A,N/A,N/A,"4VQX+7X Stoughton, Massachusetts",N/A
Peabody's Roofing And Siding,N/A,N/A,Contractor,"278 Washington St, Stoughton, MA 02072",N/A,N/A,N/A,"4VQX+7X Stoughton, Massachusetts",N/A
North Shore Window & Siding,5.0,3,General contractor,"46 Walker St, Somerville, MA 02144",N/A,N/A,northshorewindowandsiding.com,"CV2J+H3 Somerville, Massachusetts",(617) 628-7204
North Shore Window & Siding,5.0,3,General contractor,"46 Walker St, Somerville, MA 02144",N/A,N/A,northshorewindowandsiding.com,"CV2J+H3 Somerville, Massachusetts",(617) 628-7204
Adam Quenneville Roofing & Siding Greater Boston,5.0,22,Roofing contractor,"396 Washington St #179, Wellesley, MA 02482",N/A,N/A,aqroofgreatboston.com,"8P5C+5F Wellesley, Massachusetts",(508) 661-9916
"PEPSI Roofing Service & Attic Insulation Norwood, MA",4.0,N/A,Roofing contractor,"88 Rock St, Norwood, MA 02062",N/A,N/A,N/A,"5RR5+55 Norwood, Massachusetts",(617) 485-1410
"PEPSI Roofing Service & Attic Insulation Norwood, MA",4.0,N/A,Roofing contractor,"88 Rock St, Norwood, MA 02062",N/A,N/A,N/A,"5RR5+55 Norwood, Massachusetts",(617) 485-1410
Roofing and Siding of Boston,5.0,6,Roofing contractor,"530 Atlantic Ave #606, Boston, MA 02210",Located in: Atlantic Wharf,N/A,bostonroofingandsiding.com,"9W3W+FQ Boston, Massachusetts",(855) 800-9080
Roofing and Siding of Boston,5.0,6,Roofing contractor,"530 Atlantic Ave #606, Boston, MA 02210",Located in: Atlantic Wharf,N/A,bostonroofingandsiding.com,"9W3W+FQ Boston, Massachusetts",(855) 800-9080
ABC Supply Co. Inc.,3.7,23,Roofing supply store,"59 Littlefield St, Avon, MA 02322",N/A,N/A,abcsupply.com,"4XFC+XH Avon, Massachusetts",(508) 588-7749
ABC Supply Co. Inc.,3.7,23,Roofing supply store,"59 Littlefield St, Avon, MA 02322",N/A,N/A,abcsupply.com,"4XFC+XH Avon, Massachusetts",(508) 588-7749
J.L. Goode Roofing and Building Contractors,4.4,7,Roofing contractor,"258 Common St, Braintree, MA 02184",N/A,N/A,joegooderoofing.com,"6XFM+P7 Braintree, Massachusetts",(781) 963-7663
J.L. Goode Roofing and Building Contractors,4.4,7,Roofing contractor,"258 Common St, Braintree, MA 02184",N/A,N/A,joegooderoofing.com,"6XFM+P7 Braintree, Massachusetts",(781) 963-7663
Trident Home Solutions,5.0,36,Roofing contractor,"11 River St, Wellesley, MA 02481",N/A,N/A,tridenthomesolutionsne.com,"8PFR+V9 Wellesley, Massachusetts",(781) 489-5392
Trident Home Solutions,5.0,36,Roofing contractor,"11 River St, Wellesley, MA 02481",N/A,N/A,tridenthomesolutionsne.com,"8PFR+V9 Wellesley, Massachusetts",(781) 489-5392
Nova Roofing and Restorations,5.0,9,Roofing contractor,"29 McDonald St, Dedham, MA 02026",N/A,N/A,novarestorations.com,"6VJ6+XC Dedham, Massachusetts",(781) 407-9112
Nova Roofing and Restorations,5.0,9,Roofing contractor,"29 McDonald St, Dedham, MA 02026",N/A,N/A,novarestorations.com,"6VJ6+XC Dedham, Massachusetts",(781) 407-9112
Trident Home Solutions,5.0,36,Roofing contractor,"11 River St, Wellesley, MA 02481",N/A,N/A,tridenthomesolutionsne.com,"8PFR+V9 Wellesley, Massachusetts",(781) 489-5392
Trident Home Solutions,5.0,36,Roofing contractor,"11 River St, Wellesley, MA 02481",N/A,N/A,tridenthomesolutionsne.com,"8PFR+V9 Wellesley, Massachusetts",(781) 489-5392
Trident Home Solutions,5.0,36,Roofing contractor,"11 River St, Wellesley, MA 02481",N/A,N/A,tridenthomesolutionsne.com,"8PFR+V9 Wellesley, Massachusetts",(781) 489-5392
E B Window and Siding Co,4.5,55,Siding contractor,"330 Lynnway Suite 211, Lynn, MA 01901",N/A,N/A,ebwindow.com,"F342+X6 Lynn, Massachusetts",(781) 842-1056
McKenna Bros,2.6,7,Home builder,"1000 Washington St, Weymouth, MA 02189",N/A,N/A,mckennabrothersremodeling.com,"53X7+QM Weymouth, Massachusetts",(781) 340-5400
McKenna Bros,2.6,7,Home builder,"1000 Washington St, Weymouth, MA 02189",N/A,N/A,mckennabrothersremodeling.com,"53X7+QM Weymouth, Massachusetts",(781) 340-5400
GN Exteriors - Roofers in Stoughton,5.0,5,Roofing contractor,"1528 Bay Rd, Stoughton, MA 02072",N/A,N/A,randolph-ma.gnexteriors.com,"4V29+HJ Stoughton, Massachusetts",(781) 436-2234
GN Exteriors - Roofers in Stoughton,5.0,5,Roofing contractor,"1528 Bay Rd, Stoughton, MA 02072",N/A,N/A,randolph-ma.gnexteriors.com,"4V29+HJ Stoughton, Massachusetts",(781) 436-2234
"MA Roofing and Siding, Chimney repairs, Gutter services",5.0,11,Siding contractor,"72 Ash St, Waltham, MA 02453",N/A,N/A,maroofingsiding.com,N/A,(781) 374-4011
Wood Contracting Services,5.0,7,General contractor,"258 Willard St, Quincy, MA 02169",N/A,N/A,woodconservices.com,"6XW8+WW Quincy, Massachusetts",(617) 719-3016
"US Siding & Roofing - The best choice for Siding, Roofing, Paint and Windows",4.9,60,Roofing contractor,"357 Boston Post Rd, Sudbury, MA 01776",N/A,N/A,ussiding.net,"9H6M+QQ Sudbury, Massachusetts",(508) 761-0811
CAT Exteriors,N/A,N/A,Construction company,"10 Marconi Dr, Randolph, MA 02368",N/A,N/A,catexteriors.com,"5XP4+J4 Randolph, Massachusetts",(781) 826-2577
CAT Exteriors,N/A,N/A,Construction company,"10 Marconi Dr, Randolph, MA 02368",N/A,N/A,catexteriors.com,"5XP4+J4 Randolph, Massachusetts",(781) 826-2577
MJY Construction Inc.,4.9,40,Roofing contractor,"116 Dartmouth St, Brockton, MA 02301",N/A,N/A,mjyconstructionma.com,"3WMP+Q9 Brockton, Massachusetts",(508) 625-9551
College Town Siding & Glass,4.7,79,Glass repair service,"680 N Bedford St, East Bridgewater, MA 02333",N/A,Open ⋅ Closes 4PMSee more hours,collegetownsidingandglass.com,"322W+QC East Bridgewater, Massachusetts",(508) 697-3242
Elite Siding and Roofing,5.0,23,Roofing contractor,"21 Cochituate Rd #2L, Wayland, MA 01778",N/A,N/A,elitesidingroofing.com,"9J7Q+FH Wayland, Massachusetts",(508) 801-4544
The Home Depot,4.1,1110,Home improvement store,"465 Centre St, Quincy, MA 02169",N/A,Open ⋅ Closes 10PMSee more hours,homedepot.com,"6XJR+F6 Quincy, Massachusetts",(617) 479-0707
The Home Depot,4.1,1110,Home improvement store,"465 Centre St, Quincy, MA 02169",N/A,Open ⋅ Closes 10PMSee more hours,homedepot.com,"6XJR+F6 Quincy, Massachusetts",(617) 479-0707
Weaver Roofing,N/A,N/A,Roofing contractor,"15 Roosevelt Rd, Holbrook, MA 02343",N/A,N/A,N/A,"4XWF+FP Holbrook, Massachusetts",(508) 326-4227
NHR Group Inc. | Deck Building,5.0,5,General contractor,"715 Washington St, Norwood, MA 02062",N/A,N/A,nhrgroupinc.com,"5QRX+V4 Norwood, Massachusetts",(617) 943-0531
The Home Depot,4.0,1148,Home improvement store,"60 Stockwell Dr, Avon, MA 02322",N/A,Open ⋅ Closes 10PMSee more hours,homedepot.com,"4WJM+FX Avon, Massachusetts",(508) 580-0600
The Home Depot,4.0,1148,Home improvement store,"60 Stockwell Dr, Avon, MA 02322",N/A,Open ⋅ Closes 10PMSee more hours,homedepot.com,"4WJM+FX Avon, Massachusetts",(508) 580-0600
ABC Supply Co. Inc.,4.6,28,Roofing supply store,"30 Panas Rd, Foxborough, MA 02035",N/A,N/A,abcsupply.com,"4Q23+PQ Foxborough, Massachusetts",(508) 543-3839
ABC Supply Co. Inc.,4.6,28,Roofing supply store,"30 Panas Rd, Foxborough, MA 02035",N/A,N/A,abcsupply.com,"4Q23+PQ Foxborough, Massachusetts",(508) 543-3839
The Home Depot,4.0,960,Home improvement store,"177 Willard St, Quincy, MA 02169",N/A,Open ⋅ Closes 10PMSee more hours,homedepot.com,"6XX7+HP Quincy, Massachusetts",(617) 376-0380
The Home Depot,4.0,960,Home improvement store,"177 Willard St, Quincy, MA 02169",N/A,Open ⋅ Closes 10PMSee more hours,homedepot.com,"6XX7+HP Quincy, Massachusetts",(617) 376-0380
The Home Depot,4.0,1157,Home improvement store,"1213 VFW Pkwy, Boston, MA 02132",N/A,Open ⋅ Closes 10PMSee more hours,homedepot.com,"7RHG+R4 Boston, Massachusetts",(617) 327-5000
The Home Depot,4.0,1157,Home improvement store,"1213 VFW Pkwy, Boston, MA 02132",N/A,Open ⋅ Closes 10PMSee more hours,homedepot.com,"7RHG+R4 Boston, Massachusetts",(617) 327-5000
The Home Depot,4.0,936,Home improvement store,"1415 Boston Providence Hwy, Norwood, MA 02062",N/A,Open ⋅ Closes 10PMSee more hours,homedepot.com,"5Q7X+88 Norwood, Massachusetts",(781) 762-9270
The Home Depot,4.0,936,Home improvement store,"1415 Boston Providence Hwy, Norwood, MA 02062",N/A,Open ⋅ Closes 10PMSee more hours,homedepot.com,"5Q7X+88 Norwood, Massachusetts",(781) 762-9270
The Home Depot,4.0,943,Home improvement store,"1149 Hingham St, Rockland, MA 02370",N/A,Open ⋅ Closes 10PMSee more hours,homedepot.com,"5473+PX Rockland, Massachusetts",(781) 871-6200
The Home Depot,4.0,943,Home improvement store,"1149 Hingham St, Rockland, MA 02370",N/A,Open ⋅ Closes 10PMSee more hours,homedepot.com,"5473+PX Rockland, Massachusetts",(781) 871-6200
