name,rating,reviews_count,category,address,location,hours,website,plus_code,phone
MTS Siding and Roofing LLC,5.0,3,Roofing contractor,"152 Paxton Rd, Spencer, MA 01562",N/A,N/A,mts-siding-roofing.com,"72GH+JP Spencer, Massachusetts",(508) 217-7737
"Ready Pros, Inc",1.0,2,Roofing contractor,"1 Mad Brook Rd, North Brookfield, MA 01535",N/A,N/A,N/A,"7WQR+5H North Brookfield, Massachusetts",(855) 544-7767
"Ready Pros, Inc",1.0,2,Roofing contractor,"1 Mad Brook Rd, North Brookfield, MA 01535",N/A,N/A,N/A,"7WQR+5H North Brookfield, Massachusetts",(855) 544-7767
St Laurent Brothers,3.0,2,Siding contractor,"77 Fisherdick Rd, Ware, MA 01082",N/A,N/A,N/A,"7PF8+WG Ware, Massachusetts",(413) 967-6674
St Laurent Brothers,3.0,2,Siding contractor,"77 Fisherdick Rd, Ware, MA 01082",N/A,N/A,N/A,"7PF8+WG Ware, Massachusetts",(413) 967-6674
"CUIL Attic Insulation & Roofing Services Spencer, Ma",4.8,5,Contractor,"137 Smithville Rd, Spencer, MA 01562",N/A,N/A,N/A,"6XQF+C4 Spencer, Massachusetts",(508) 233-7849
"Tolman Home Solutions, LLC",4.7,41,General contractor,"550 Lower Rd, Gilbertville, MA 01031",N/A,N/A,tolman.pro,"8R78+QM Gilbertville, Hardwick, MA",(508) 470-4488
"Scott's Siding & Remodeling Co., Inc.",4.8,41,Siding contractor,"70 James St #127a, Worcester, MA 01603",N/A,N/A,scottssidingandremodeling.com,"65J2+Q3 Worcester, Massachusetts",(508) 752-3388
"Scott's Siding & Remodeling Co., Inc.",4.8,41,Siding contractor,"70 James St #127a, Worcester, MA 01603",N/A,N/A,scottssidingandremodeling.com,"65J2+Q3 Worcester, Massachusetts",(508) 752-3388
Capitol Siding & Home Improvement Co. Inc.,4.7,28,Siding contractor,"30 Auburn St, Auburn, MA 01501",N/A,N/A,capitolsiding.com,"6539+X3 Auburn, Massachusetts",(508) 832-5981
Leger Siding,4.4,7,Roofing supply store,"3 Mark Newton Rd, Westminster, MA 01473",N/A,N/A,legersiding.com,"G2FR+RQ Westminster, Massachusetts",(978) 874-2210
Leger Siding,4.4,7,Roofing supply store,"3 Mark Newton Rd, Westminster, MA 01473",N/A,N/A,legersiding.com,"G2FR+RQ Westminster, Massachusetts",(978) 874-2210
Karbowski Remodeling,3.8,4,Contractor,"6 Lamb St, Brookfield, MA 01506",N/A,N/A,N/A,"6W83+FF Brookfield, Massachusetts",(508) 294-8871
Aubin Siding and Gutter,5.0,N/A,Siding contractor,"17 Adams Rd #1415, Hubbardston, MA 01452",N/A,N/A,N/A,"F3V2+69 Hubbardston, Massachusetts",(978) 928-5485
Aubin Siding and Gutter,5.0,N/A,Siding contractor,"17 Adams Rd #1415, Hubbardston, MA 01452",N/A,N/A,N/A,"F3V2+69 Hubbardston, Massachusetts",(978) 928-5485
Ideal Siding Worcester,5.0,17,Siding contractor,"10 Nebraska St unit 21, Worcester, MA 01604",N/A,N/A,idealsiding.com,"769C+57 Worcester, Massachusetts",(508) 978-6327
Ideal Siding Worcester,5.0,17,Siding contractor,"10 Nebraska St unit 21, Worcester, MA 01604",N/A,N/A,idealsiding.com,"769C+57 Worcester, Massachusetts",(508) 978-6327
"GA Siding, Windows & Roofing",3.3,12,Roofing contractor,"308 Main St, Oxford, MA 01540",N/A,N/A,gasidingandroofing.com,"448P+W6 Oxford, Massachusetts",(774) 276-0435
Better Way Home Improvement - Vinyl Siding Contractor,5.0,59,Siding contractor,"152 Sutton Ave, Oxford, MA 01540",N/A,N/A,bettervinylsiding.com,"4567+X6 Oxford, Massachusetts",(508) 987-6900
Holden Home Modernizing Inc.,3.0,N/A,Siding contractor,"57 Putnam Ln, Holden, MA 01520",N/A,N/A,holdenhomemodernizing.com,"84HW+7H Holden, Massachusetts",(508) 829-3754
Vinyl Siding and Vinyl Installation Company Worcester MA,N/A,N/A,Siding contractor,"152 Sutton Ave, Oxford, MA 01540",N/A,N/A,bettervinylsiding.com,"4567+X6 Oxford, Massachusetts",(508) 987-6900
Igor's Construction,5.0,79,Siding contractor,"419 Burncoat St, Worcester, MA 01606",N/A,N/A,igorsconstruction.com,"8686+23 Worcester, Massachusetts",(508) 889-4331
Heart Of The Common wealth Siding,N/A,N/A,Siding contractor,"650 Lincoln St #2, Worcester, MA 01605",N/A,N/A,siding-worcester.com,"76XP+99 Worcester, Massachusetts",(508) 422-5385
Crane Exterior Design,N/A,N/A,Siding contractor,"70 Bourne St, Three Rivers, MA 01080",N/A,N/A,crane-exterior-design.com,"5JJV+P7 Three Rivers, Palmer, MA",(413) 374-5917
Bill's Roofing & Siding,2.0,12,Roofing contractor,"62 Catharine St, Worcester, MA 01605",N/A,N/A,N/A,"76F6+MV Worcester, Massachusetts",(508) 753-9666
Scott Siding,5.0,2,Siding contractor,"Dresser Hill Rd, Southbridge, MA 01550",N/A,N/A,N/A,"32H3+MH Southbridge, Massachusetts",(508) 318-9166
Scott Siding,5.0,2,Siding contractor,"Dresser Hill Rd, Southbridge, MA 01550",N/A,N/A,N/A,"32H3+MH Southbridge, Massachusetts",(508) 318-9166
AG Home Improvement Inc,4.9,28,Siding contractor,"93 Boylston Cir, Shrewsbury, MA 01545",N/A,N/A,agsidingandroofing.com,"874J+Q7 Shrewsbury, Massachusetts",(508) 922-9615
AG Home Improvement Inc,4.9,28,Siding contractor,"93 Boylston Cir, Shrewsbury, MA 01545",N/A,N/A,agsidingandroofing.com,"874J+Q7 Shrewsbury, Massachusetts",(508) 922-9615
Wolfs Siding Inc.,5.0,17,Construction company,"156 Washburn St, Northborough, MA 01532",N/A,N/A,lp.wolfs-siding.com,"86M4+QX Northborough, Massachusetts",(774) 484-1895
Wolfs Siding Inc.,5.0,17,Construction company,"156 Washburn St, Northborough, MA 01532",N/A,N/A,lp.wolfs-siding.com,"86M4+QX Northborough, Massachusetts",(774) 484-1895
Decking Solutions,5.0,N/A,Deck builder,"40 Burncoat St, Leicester, MA 01524",N/A,Open ⋅ Closes 6PMSee more hours,N/A,"63R9+M6 Leicester, Massachusetts",(774) 804-1976
Window World of Western Massachusetts,4.8,571,Window installation service,"20 Daniel Shays Hwy, Belchertown, MA 01007",N/A,N/A,windowworldofwesternma.com,"7HRV+HC Belchertown, Massachusetts",(413) 485-7335
Window World of Western Massachusetts,4.8,571,Window installation service,"20 Daniel Shays Hwy, Belchertown, MA 01007",N/A,N/A,windowworldofwesternma.com,"7HRV+HC Belchertown, Massachusetts",(413) 485-7335
W.R. Robinson Lumber Co. Inc.,4.5,8,Lumber store,"145 Cleveland Rd, Wheelwright, MA 01094",N/A,N/A,wrrobinsonlumber.com,"9V98+4J Wheelwright, Hardwick, MA",(413) 477-6050
Leger Siding,3.0,2,Siding contractor,"89 Allen St, Leominster, MA 01473",N/A,N/A,legersiding.com,"G6QX+3H Leominster, Massachusetts",(978) 874-2210
Leger Siding,3.0,2,Siding contractor,"89 Allen St, Leominster, MA 01473",N/A,N/A,legersiding.com,"G6QX+3H Leominster, Massachusetts",(978) 874-2210
"PHIL BEAULIEU & SONS HOME IMPROVEMENT, INC",4.8,142,Roofing contractor,"217 Grattan St, Chicopee, MA 01020",N/A,N/A,beaulieuhomeimprovement.com,"5C76+G9 Chicopee, Massachusetts",(413) 592-1498
Mastercraft Exteriors,N/A,N/A,Roofing contractor,"2 Elm St, Auburn, MA 01501",N/A,N/A,mastercraftexteriors.com,"55QC+PV Auburn, Massachusetts",(508) 721-7663
East Coast Siding,4.8,35,Siding contractor,"10 Brousseau Dr, Upton, MA 01568",N/A,N/A,ecexteriors.com,"49PX+HC Upton, Massachusetts",(508) 529-4500
East Coast Siding,4.8,35,Siding contractor,"10 Brousseau Dr, Upton, MA 01568",N/A,N/A,ecexteriors.com,"49PX+HC Upton, Massachusetts",(508) 529-4500
Custom Siding Trim and Windows,5.0,2,Window treatment store,"107 Harrington Ave, Shrewsbury, MA 01545",N/A,N/A,N/A,"77J5+P4 Shrewsbury, Massachusetts",(774) 329-7176
Custom Siding Trim and Windows,5.0,2,Window treatment store,"107 Harrington Ave, Shrewsbury, MA 01545",N/A,N/A,N/A,"77J5+P4 Shrewsbury, Massachusetts",(774) 329-7176
AG Home Improvement Inc,5.0,N/A,Roofing contractor,"3 Humes Ave, Worcester, MA 01605",N/A,N/A,agsidingandroofing.com,"862M+P8 Worcester, Massachusetts",(508) 922-9615
AG Home Improvement Inc,5.0,N/A,Roofing contractor,"3 Humes Ave, Worcester, MA 01605",N/A,N/A,agsidingandroofing.com,"862M+P8 Worcester, Massachusetts",(508) 922-9615
"Adam Quenneville Roofing & Siding, Inc.",5.0,952,Roofing contractor,"160 Old Lyman Rd, South Hadley, MA 01075",N/A,N/A,1800newroof.net,"6C9P+GJ South Hadley, Massachusetts",(413) 536-5955
"Adam Quenneville Roofing & Siding, Inc.",5.0,952,Roofing contractor,"160 Old Lyman Rd, South Hadley, MA 01075",N/A,N/A,1800newroof.net,"6C9P+GJ South Hadley, Massachusetts",(413) 536-5955
Sneade Brothers Windows-Siding,4.3,3,Window installation service,"85 Adams Rd, North Grafton, MA 01536",N/A,N/A,sneadebrotherswindowandsiding.com,"68HW+WX North Grafton, Grafton, MA",(508) 839-1164
Sneade Brothers Windows-Siding,4.3,3,Window installation service,"85 Adams Rd, North Grafton, MA 01536",N/A,N/A,sneadebrotherswindowandsiding.com,"68HW+WX North Grafton, Grafton, MA",(508) 839-1164
CARRIER ROOFING SIDING & WINDOWS,4.9,47,Roofing contractor,"1189 School St, Webster, MA 01570",N/A,N/A,carrierroofing.com,"24GC+HW Webster, Massachusetts",(508) 287-0288
CARRIER ROOFING SIDING & WINDOWS,4.9,47,Roofing contractor,"1189 School St, Webster, MA 01570",N/A,N/A,carrierroofing.com,"24GC+HW Webster, Massachusetts",(508) 287-0288
"Experts of siding, inc.",5.0,N/A,Contractor,"56 Lake St, Shrewsbury, MA 01545",N/A,N/A,instagram.com,"77MM+7Q Shrewsbury, Massachusetts",(774) 641-8856
Heritage Exteriors LLC,4.9,56,Roofing contractor,"52 Main St, Upton, MA 01568",N/A,N/A,heritagesidingwindows.com,"59CR+48 Upton, Massachusetts",(508) 529-6887
D & S Roofing & Siding,3.2,9,Roofing contractor,"29 Hastings St, Chicopee, MA 01020",N/A,N/A,N/A,"5C48+2P Chicopee, Massachusetts",(413) 592-9490
D & S Roofing & Siding,3.2,9,Roofing contractor,"29 Hastings St, Chicopee, MA 01020",N/A,N/A,N/A,"5C48+2P Chicopee, Massachusetts",(413) 592-9490
"A-Z Exterior Repairs, INC",5.0,84,Roofing contractor,"53 S Ramah Cir, Agawam, MA 01001",N/A,N/A,azexteriorrepairs.com,"39P9+2R Agawam, Massachusetts",(413) 378-2006
Western Mass Vinyl Siding,5.0,6,Siding contractor,"120 Hampton Ave, Westfield, MA 01085",N/A,N/A,westernmassvinylsiding.com,"57MX+CC Westfield, Massachusetts",(413) 301-3341
Western Mass Vinyl Siding,5.0,6,Siding contractor,"120 Hampton Ave, Westfield, MA 01085",N/A,N/A,westernmassvinylsiding.com,"57MX+CC Westfield, Massachusetts",(413) 301-3341
Worcester's Pro Roofing,5.0,6,Roofing contractor,"6 Lund St, Worcester, MA 01607",N/A,N/A,N/A,"66R4+H7 Worcester, Massachusetts",(508) 242-1597
Howe Lumber,4.5,76,Lumber store,"225 W Main St, East Brookfield, MA 01515",N/A,N/A,howelumber.com,"6WFQ+7V East Brookfield, Massachusetts",(508) 885-5396
ABC Supply Co. Inc.,4.6,9,Roofing supply store,"18 Sherman St, Worcester, MA 01610",N/A,N/A,abcsupply.com,"65VV+HW Worcester, Massachusetts",(508) 754-1792
ABC Supply Co. Inc.,4.6,9,Roofing supply store,"18 Sherman St, Worcester, MA 01610",N/A,N/A,abcsupply.com,"65VV+HW Worcester, Massachusetts",(508) 754-1792
Tri-State Construction Co,4.9,231,Roofing contractor,"5 Brussels St BLDG B, Worcester, MA 01610",N/A,N/A,tristateconstruction.org,"65RM+GR Worcester, Massachusetts",(508) 751-8585
Tri-State Construction Co,4.9,231,Roofing contractor,"5 Brussels St BLDG B, Worcester, MA 01610",N/A,N/A,tristateconstruction.org,"65RM+GR Worcester, Massachusetts",(508) 751-8585
ZM Painting,N/A,N/A,Painter,"86 Old Belchertown Rd, Ware, MA 01082",N/A,N/A,facebook.com,"6PR2+F2 Ware, Massachusetts",(413) 297-1403
The Home Depot,4.1,1517,Home improvement store,"779 Washington St, Auburn, MA 01501",N/A,Open ⋅ Closes 10PMSee more hours,homedepot.com,"54JV+6R Auburn, Massachusetts",(508) 721-2247
The Home Depot,4.1,1517,Home improvement store,"779 Washington St, Auburn, MA 01501",N/A,Open ⋅ Closes 10PMSee more hours,homedepot.com,"54JV+6R Auburn, Massachusetts",(508) 721-2247
LeBlanc And McCaie Siding And Window Company,5.0,8,Siding contractor,"92 Allen St, Gardner, MA 01440",N/A,N/A,leblancandmccaiesidingandwindows.com,"HXMX+FJ Gardner, Massachusetts",(978) 632-1132
Building Ideas General Construction,N/A,N/A,Custom home builder,"3 Henry Terrace, Worcester, MA 01607",N/A,N/A,N/A,"66J2+M3 Worcester, Massachusetts",(508) 239-6078
Bridgers Construction,5.0,7,General contractor,"9 Boynton Pkwy, Paxton, MA 01612",N/A,N/A,N/A,"74P9+52 Paxton, Massachusetts",(774) 262-3904
Bridgers Construction,5.0,7,General contractor,"9 Boynton Pkwy, Paxton, MA 01612",N/A,N/A,N/A,"74P9+52 Paxton, Massachusetts",(774) 262-3904
Markopoulos Roofing,5.0,10,Roofing contractor,"347 Chandler St Ste A, Worcester, MA 01602",N/A,N/A,markopoulosroofing.com,"757C+4X Worcester, Massachusetts",(774) 437-2313
"America's Building Company, LLC",N/A,N/A,Contractor,"13 Maple St, Brookfield, MA 01506",N/A,N/A,americasbuilding.com,"6W82+W6 Brookfield, Massachusetts",(978) 870-5919
Everlast Composite Siding,2.3,3,Siding contractor,"60 Pleasant St #1, Ashland, MA 01721",Located in: MetroWest Design Center,N/A,everlastsidingnewengland.com,"7G6J+C3 Ashland, Massachusetts",(877) 262-8807
Tom Quinlin Roofing Siding,5.0,N/A,Roofing contractor,"12 Bayberry Ln, Hadley, MA 01035",N/A,N/A,N/A,"CCCR+GR Hadley, Massachusetts",(413) 549-5474
Tom Quinlin Roofing Siding,5.0,N/A,Roofing contractor,"12 Bayberry Ln, Hadley, MA 01035",N/A,N/A,N/A,"CCCR+GR Hadley, Massachusetts",(413) 549-5474
Pristine Roofing Siding,N/A,N/A,Roofing contractor,"128 Commonwealth Ave, Springfield, MA 01108",N/A,N/A,N/A,"3CMW+4M Springfield, Massachusetts",(413) 782-3456
Pristine Roofing Siding,N/A,N/A,Roofing contractor,"128 Commonwealth Ave, Springfield, MA 01108",N/A,N/A,N/A,"3CMW+4M Springfield, Massachusetts",(413) 782-3456
Sexton Roofing & Siding,4.8,58,Roofing contractor,"6 Church Ave, West Hatfield, MA 01038",N/A,N/A,sextonroofing.com,"99C8+87 West Hatfield, Massachusetts",(413) 534-1234
Sexton Roofing & Siding,4.8,58,Roofing contractor,"6 Church Ave, West Hatfield, MA 01038",N/A,N/A,sextonroofing.com,"99C8+87 West Hatfield, Massachusetts",(413) 534-1234
"US Siding & Roofing - The best choice for Siding, Roofing, Paint and Windows",4.9,60,Roofing contractor,"357 Boston Post Rd, Sudbury, MA 01776",N/A,N/A,ussiding.net,"9H6M+QQ Sudbury, Massachusetts",(508) 761-0811
Finyl Vinyl - Siding - Windows - Roofing,3.0,12,Siding contractor,"33 Grattan St, Chicopee, MA 01020",N/A,N/A,finyl-vinyl.com,"5C68+8Q Chicopee, Massachusetts",(413) 592-2376
Warren Roofers Inc,4.4,8,Roofing contractor,"69 Ware Rd, West Warren, MA 01092",N/A,N/A,warrenroofers.com,"6Q64+Q8 West Warren, Warren, MA",(413) 436-5279
Warren Roofers Inc,4.4,8,Roofing contractor,"69 Ware Rd, West Warren, MA 01092",N/A,N/A,warrenroofers.com,"6Q64+Q8 West Warren, Warren, MA",(413) 436-5279
"Golden Gutters, Roofing & Siding",4.9,176,Gutter service,"23 Harback Rd, Sutton, MA 01590",N/A,N/A,goldengutterconstruction.com,"5794+6Q Sutton, Massachusetts",(774) 703-4153
Shrewsbury Siding & Roofing Co,4.0,N/A,Roofing contractor,"600 Lake St, Shrewsbury, MA 01545",N/A,N/A,N/A,"67XC+WC Shrewsbury, Massachusetts",(508) 798-0633
Turcios General Contracting Inc.,5.0,10,General contractor,"202 N Brookfield Rd, East Brookfield, MA 01515",N/A,N/A,tgcontractinginc.com,"6WHP+75 East Brookfield, Massachusetts",(508) 816-5339
Turcios General Contracting Inc.,5.0,10,General contractor,"202 N Brookfield Rd, East Brookfield, MA 01515",N/A,N/A,tgcontractinginc.com,"6WHP+75 East Brookfield, Massachusetts",(508) 816-5339
Spencer Home Improvements,N/A,N/A,Contractor,"123 Main St, Spencer, MA 01562",N/A,N/A,spencerhandyman.com,"62V4+J7 Spencer, Massachusetts",(774) 633-1421
CPR ROOFING,5.0,82,Roofing contractor,"202 N Quinsigamond Ave, Shrewsbury, MA 01545",N/A,N/A,cprroofingma.com,"76QW+7F Shrewsbury, Massachusetts",(774) 214-6744
ABC Supply Co. Inc.,4.3,38,Roofing supply store,"2 Sherman St, Worcester, MA 01610",N/A,N/A,abcsupply.com,"65VV+G4 Worcester, Massachusetts",(508) 792-1200
ABC Supply Co. Inc.,4.3,38,Roofing supply store,"2 Sherman St, Worcester, MA 01610",N/A,N/A,abcsupply.com,"65VV+G4 Worcester, Massachusetts",(508) 792-1200
The Home Depot,4.2,1128,Home improvement store,"2001 Boston Rd, Wilbraham, MA 01095",Located in: Stony Hill Plaza Shopping Center,Open ⋅ Closes 10PMSee more hours,homedepot.com,"4GXG+5H Wilbraham, Massachusetts",(413) 543-8100
The Home Depot,4.2,1128,Home improvement store,"2001 Boston Rd, Wilbraham, MA 01095",Located in: Stony Hill Plaza Shopping Center,Open ⋅ Closes 10PMSee more hours,homedepot.com,"4GXG+5H Wilbraham, Massachusetts",(413) 543-8100
"Shine Construction, Inc.",5.0,150,Roofing contractor,"301 N Main St, Uxbridge, MA 01569",N/A,N/A,shineconstructioninc.com,"39Q5+R4 Uxbridge, Massachusetts",(508) 278-3300
Ultra Siding & Windows Co,1.0,N/A,Siding contractor,"25 Brigham St, Westborough, MA 01581",N/A,N/A,ultrasidingwindows.com,"799Q+GV Westborough, Massachusetts",(508) 898-2220
Ultra Siding & Windows Co,1.0,N/A,Siding contractor,"25 Brigham St, Westborough, MA 01581",N/A,N/A,ultrasidingwindows.com,"799Q+GV Westborough, Massachusetts",(508) 898-2220
The Home Depot,4.2,928,Home improvement store,"99 Sutton Ave, Oxford, MA 01540",N/A,Open ⋅ Closes 10PMSee more hours,homedepot.com,"446X+PP Oxford, Massachusetts",(508) 987-2151
The Home Depot,4.2,928,Home improvement store,"99 Sutton Ave, Oxford, MA 01540",N/A,Open ⋅ Closes 10PMSee more hours,homedepot.com,"446X+PP Oxford, Massachusetts",(508) 987-2151
