name,rating,reviews_count,category,address,location,hours,website,plus_code,phone
"Brothers Remodeling & Design, Inc.",4.9,66,Remodeler,"213 School St, Gardner, MA 01440",N/A,N/A,brothersremodeling.net,"H2F7+FH Gardner, Massachusetts",(978) 602-4506
"Brothers Remodeling & Design, Inc.",4.9,66,Remodeler,"213 School St, Gardner, MA 01440",N/A,N/A,kitchensplusflooring.net,"H2G3+7W Gardner, Massachusetts",(978) 218-8039
Kitchens Plus Flooring,4.4,7,Kitchen remodeler,"50 Main St, Gardner, MA 01440",N/A,N/A,kitchensplusflooring.net,"H2G3+7W Gardner, Massachusetts",(978) 218-8039
S&S Custom Kitchens,4.7,19,Kitchen remodeler,"3 West St, Leominster, MA 01453",N/A,N/A,sscustomkitchens.com,N/A,(978) 795-4922
RJ Allain Construction Services,5.0,N/A,Construction company,"869 Clark St, Gardner, MA 01440",N/A,N/A,N/A,N/A,N/A
Luxury Makeover,5.0,21,Kitchen remodeler,"22 N Main St, Leominster, MA 01453",N/A,N/A,luxurymakeover.com,"G6MV+2G Leominster, Massachusetts",(888) 897-8558
Kitchen Associates,4.6,25,Kitchen remodeler,"76 Leominster Rd, Sterling, MA 01564",Located in: Sterling Surfaces,N/A,kitchenassociates.com,"C6XX+28 Sterling, Massachusetts",(978) 422-3322
SRB Signature Kitchen & Bath,4.8,24,Kitchen remodeler,"555 Chase Rd, Lunenburg, MA 01462",N/A,N/A,srbsignaturekandb.com,"J784+MC Lunenburg, Massachusetts",(978) 582-7500
"CORE Remodeling Services, Inc.",4.9,59,Kitchen remodeler,"41 Boylston St, Worcester, MA 01605",N/A,N/A,coreremodelingservices.com,N/A,(888) 959-2673
Ridgemark Home Remodeling,5.0,29,Kitchen remodeler,"516 Boston Turnpike, Shrewsbury, MA 01545",N/A,N/A,ridgemark-homes.com,N/A,(508) 202-0097
"Gallant Construction, LLC",2.5,6,Construction company,"80 W Chestnut St, Athol, MA 01331",N/A,N/A,N/A,"HQM6+VH Athol, Massachusetts",(978) 830-4469
"Interstate Custom Kitchen and Bath, Inc.",4.9,75,Kitchen remodeler,"558 Chicopee St, Chicopee, MA 01013",N/A,N/A,interstatekitchens.com,"59JM+QX Chicopee, Massachusetts",(413) 532-2727
"KBR Design, Inc Kitchen & Bath",4.8,11,Kitchen remodeler,"108 Northfield Rd, Bernardston, MA 01337",N/A,N/A,kbrdesign.net,"MFC7+3H Bernardston, Massachusetts",(413) 648-3023
"Dream Kitchens & Baths by Nelson, Inc.",4.0,25,Kitchen remodeler,"44 Mead St Suite A, Leominster, MA 01453",N/A,N/A,dreamkitchens.net,"G7P5+WM Leominster, Massachusetts",(978) 466-9600
Kitchen Views,N/A,N/A,Cabinet store,"95 Pearson Blvd, Gardner, MA 01440",N/A,N/A,kitchenviews.com,"H269+X9 Gardner, Massachusetts",(978) 630-5200
Proficient Home Renovations,5.0,N/A,Remodeler,"53 Victoria Ln, Fitchburg, MA 01420",N/A,N/A,N/A,"H48Q+4F Fitchburg, Massachusetts",(978) 423-1233
Proficient Home Renovations,5.0,N/A,Remodeler,"53 Victoria Ln, Fitchburg, MA 01420",N/A,N/A,N/A,"H48Q+4F Fitchburg, Massachusetts",(978) 423-1233
Athol Home Improvement,1.0,N/A,Contractor,"31 Kelton St, Athol, MA 01331",N/A,N/A,N/A,"HQMM+XC Athol, Massachusetts",(978) 350-4396
Ideal Kitchens,4.7,15,Kitchen remodeler,"16 Lancaster St, West Boylston, MA 01583",N/A,N/A,ideal-kitchens.com,N/A,(508) 835-6767
American Dream Design,4.8,44,Kitchen remodeler,"20 Main St 2nd Floor - B, Leominster, MA 01453",N/A,N/A,americandreamdesign.net,N/A,(978) 537-3786
P23 Home Improvement inc,5.0,37,Contractor,"42 Old Mill Rd, Leominster, MA 01453",N/A,N/A,p23homeimprovements.com,"F7V6+HM Leominster, Massachusetts",(508) 816-4079
P23 Home Improvement inc,5.0,37,Contractor,"42 Old Mill Rd, Leominster, MA 01453",N/A,N/A,p23homeimprovements.com,"F7V6+HM Leominster, Massachusetts",(508) 816-4079
Custom Bath and Kitchens,4.7,115,Bathroom remodeler,"14 Brent Dr, Marlborough, MA 01752",N/A,N/A,custombathremodeling.com,N/A,(508) 202-0017
Mr. Gomes Remodeling,4.5,11,Kitchen remodeler,"329 W Main St, Northborough, MA 01532",N/A,N/A,mrgomes.com,"884Q+CQ Northborough, Massachusetts",(508) 304-3447
Valley Home Improvement,4.6,31,Contractor,"340 Riverside Dr, Northampton, MA 01062",N/A,N/A,valleyhomeimprovement.com,"88CM+8Q Northampton, Massachusetts",(413) 584-7522
BB&R Design-Build,5.0,10,General contractor,"99 Prescott St Suite 101, Worcester, MA 01605",N/A,N/A,barnesbuilding.net,"76H2+22 Worcester, Massachusetts",(508) 829-1900
Kitchen Concepts,4.1,13,Kitchen remodeler,"117 Russell St, Hadley, MA 01035",N/A,N/A,kitchen-concepts.net,"8CR4+PH Hadley, Massachusetts",(413) 586-3506
Kitchen Concepts,4.1,13,Kitchen remodeler,"117 Russell St, Hadley, MA 01035",N/A,N/A,kitchen-concepts.net,"8CR4+PH Hadley, Massachusetts",(413) 586-3506
QUICK Bath & kitchen,5.0,14,Bathroom remodeler,"59 Apsley St #5, Hudson, MA 01749",N/A,N/A,quickbath.net,"9CWF+26 Hudson, Massachusetts",(978) 333-0684
RT2CARPENTRYLLC,5.0,N/A,Construction company,"78 Blanchard St, Gardner, MA 01440",N/A,Open 24 hoursSee more hours,N/A,"H2J9+QV Gardner, Massachusetts",N/A
Harvey Remodeling LLC,4.3,19,Construction company,"697 Hartford Turnpike, Shrewsbury, MA 01545",N/A,N/A,harveyremodeling.com,"7885+RX Shrewsbury, Massachusetts",(508) 842-0404
Kitchens & Baths By Curio,4.8,24,Kitchen remodeler,"1045 Boston Rd, Springfield, MA 01119",N/A,N/A,kitchensbycurio.com,"4FQR+96 Springfield, Massachusetts",(413) 783-0913
Kitchens & Baths By Curio,4.8,24,Kitchen remodeler,"1045 Boston Rd, Springfield, MA 01119",N/A,N/A,kitchensbycurio.com,"4FQR+96 Springfield, Massachusetts",(413) 783-0913
"Kitchens By Design, Inc.",4.2,5,Kitchen remodeler,"57 Old Princeton Rd W, Sterling, MA 01564",N/A,N/A,N/A,"C6Q9+7P Sterling, Massachusetts",(978) 422-6008
Inaugural Home Improvement,4.9,103,Bathroom remodeler,"151 East St, Chicopee, MA 01020",N/A,N/A,inauguralhomeimprovement.com,"5C4F+3M Chicopee, Massachusetts",(413) 345-6905
Classic Kitchens & Baths,5.0,10,Cabinet store,"20 Colrain St, Greenfield, MA 01301",N/A,N/A,classic-kitchens.com,"H9PQ+MV Greenfield, Massachusetts",(413) 774-4714
"Taylor Made Cabinets, LLC",5.0,12,Kitchen remodeler,"139 Central St, Leominster, MA 01453",N/A,N/A,taylormadecabinets.net,"G6CR+H6 Leominster, Massachusetts",(978) 840-0100
Brian's Home Repair and Remodeling,4.2,5,Construction company,"305 Great Rd, Shirley, MA 01464",N/A,N/A,N/A,"H8RP+85 Shirley, Massachusetts",(978) 425-4548
Brian's Home Repair and Remodeling,4.2,5,Construction company,"305 Great Rd, Shirley, MA 01464",N/A,N/A,N/A,"H8RP+85 Shirley, Massachusetts",(978) 425-4548
Boudreau Custom Kitchens & Remodeling,5.0,5,Kitchen remodeler,"217 School St, Franklin, MA 02038",N/A,N/A,boudreaucustomkitchens.com,"3HPV+2R Franklin, Massachusetts",(508) 520-9806
RemodelWerks,4.6,10,General contractor,"621 Main St, Shrewsbury, MA 01545",N/A,N/A,remodelwerksllc.com,"77WQ+R8 Shrewsbury, Massachusetts",(508) 925-8895
RemodelWerks,4.6,10,General contractor,"621 Main St, Shrewsbury, MA 01545",N/A,N/A,remodelwerksllc.com,"77WQ+R8 Shrewsbury, Massachusetts",(508) 925-8895
Kitchen Design and Beyond,5.0,N/A,Kitchen remodeler,"120 W Boylston St, Worcester, MA 01606",N/A,N/A,kitchendesignandbeyond.com,"75VW+88 Worcester, Massachusetts",(508) 925-0167
"Chagnon Building & Remodeling, LLC",4.3,24,Contractor,"91 Stockbridge St, Hadley, MA 01035",N/A,N/A,chagnon-br.com,"9CQX+HG Hadley, Massachusetts",(413) 259-6785
Gamache Remodeling,1.0,N/A,Contractor,"33 Harugari St, Fitchburg, MA 01420",N/A,N/A,N/A,"H5GQ+6J Fitchburg, Massachusetts",(978) 815-7886
Kitchen Encounters,4.3,20,Kitchen remodeler,"15 Railroad Ave #1, Wilbraham, MA 01095",N/A,N/A,kitchen-encounters.com,"5H39+6H Wilbraham, Massachusetts",(413) 596-6535
Home Improvement Options,4.5,8,Kitchen remodeler,"193 Sutton Ave, Oxford, MA 01540",N/A,N/A,myhomeimprovementoptions.com,"455C+PQ Oxford, Massachusetts",(508) 987-3384
Wayside Kitchens,4.8,26,Kitchen remodeler,"448 King St, Littleton, MA 01460",N/A,N/A,waysidekitchens.com,"GGWF+7X Littleton, Massachusetts",(978) 800-1711
Build Simple,5.0,9,General contractor,"181 Clinton Rd, Sterling, MA 01564",N/A,N/A,buildsimplenow.com,"C7VH+HP Sterling, Massachusetts",(978) 239-1630
Re-Bath,4.8,79,Bathroom remodeler,"6 French King Hwy, Greenfield, MA 01301",N/A,N/A,rebath.com,"JC3C+W2 Greenfield, Massachusetts",(413) 376-5238
CRC Renovation Kitchen and Bathroom,4.9,8,Construction and maintenance office,"113 Brigham St, Hudson, MA 01749",N/A,N/A,crctile.com,"9CF8+QW Hudson, Massachusetts",(352) 613-0293
Allegiance General Contracting,5.0,4,Bathroom remodeler,"227 Mason Rd, West Townsend, MA 01474",N/A,N/A,allegiance-gc.com,"P62X+VH West Townsend, Townsend, MA",(508) 816-1977
Quality Home Solutions LLC,3.7,3,Kitchen remodeler,"765 N Main St, Leominster, MA 01453",N/A,N/A,qualityhomesolutions.net,"H64H+MV Leominster, Massachusetts",(978) 840-6400
Quality Home Solutions LLC,3.7,3,Kitchen remodeler,"765 N Main St, Leominster, MA 01453",N/A,N/A,qualityhomesolutions.net,"H64H+MV Leominster, Massachusetts",(978) 840-6400
Aparicio Kitchen Designs Inc,4.7,12,Kitchen remodeler,"509 Washington St, Auburn, MA 01501",N/A,N/A,akitchendesign.com,"55P7+FM Auburn, Massachusetts",(508) 459-2148
"Feinmann, Inc.",4.9,21,Kitchen remodeler,"27 Muzzey St 1st floor, Lexington, MA 02421",N/A,N/A,feinmann.com,"CQW9+JV Lexington, Massachusetts",(781) 860-9800
"Feinmann, Inc.",4.9,21,Kitchen remodeler,"27 Muzzey St 1st floor, Lexington, MA 02421",N/A,N/A,feinmann.com,"CQW9+JV Lexington, Massachusetts",(413) 230-9160
Bath Busters,4.8,109,Bathroom remodeler,"30 N Main St, Leominster, MA 01453",N/A,N/A,bathbusters.com,"G6MV+4C Leominster, Massachusetts",(508) 925-4300
Goguen Kitchen and Baths,N/A,N/A,Kitchen remodeler,"55 Mead St, Leominster, MA 01453",N/A,N/A,N/A,"G7P5+R2 Leominster, Massachusetts",(978) 534-5294
BRJ Builders,5.0,27,General contractor,"30 Olive St, Greenfield, MA 01301",N/A,N/A,brjbuilders.com,"HCP2+95 Greenfield, Massachusetts",(413) 800-4253
Carole Kitchen & Bath Design Studio Showroom,4.7,102,Kitchen remodeler,"215 Salem St, Woburn, MA 01801",N/A,Open ⋅ Closes 5PMConfirmed by this business 10 weeks agoSee more hours,kitchenpeople.com,"FVP8+V7 Woburn, Massachusetts",(781) 933-3339
Carole Kitchen & Bath Design Studio Showroom,4.7,102,Kitchen remodeler,"215 Salem St, Woburn, MA 01801",N/A,Open ⋅ Closes 5PMConfirmed by this business 10 weeks agoSee more hours,kitchenpeople.com,"FVP8+V7 Woburn, Massachusetts",(781) 933-3339
Spotlight Kitchen and Bath Design Center,5.0,71,Cabinet store,"86 Shrewsbury St, Worcester, MA 01604",N/A,N/A,spotlightkitchens.com,"7675+CQ Worcester, Massachusetts",(508) 762-9095
Spotlight Kitchen and Bath Design Center,5.0,71,Cabinet store,"86 Shrewsbury St, Worcester, MA 01604",N/A,N/A,spotlightkitchens.com,"7675+CQ Worcester, Massachusetts",(508) 762-9095
"Fine Line Kitchen Designs, LLC",3.7,3,Kitchen remodeler,"544 Merrimack Ave, Dracut, MA 01826",N/A,N/A,finelinekitchendesign.com,"MP5M+G8 Dracut, Massachusetts",(978) 453-3553
JM Remodeling,4.2,5,General contractor,"24 Scenic Dr, Worcester, MA 01602",N/A,N/A,jm-remodeling.com,"74J9+JW Worcester, Massachusetts",(508) 987-3817
JM Remodeling,4.2,5,General contractor,"24 Scenic Dr, Worcester, MA 01602",N/A,N/A,jm-remodeling.com,"74J9+JW Worcester, Massachusetts",(508) 987-3817
"Scott's Siding & Remodeling Co., Inc.",4.8,41,Siding contractor,"70 James St #127a, Worcester, MA 01603",N/A,N/A,scottssidingandremodeling.com,"65J2+Q3 Worcester, Massachusetts",(508) 752-3388
"Scott's Siding & Remodeling Co., Inc.",4.8,41,Siding contractor,"70 James St #127a, Worcester, MA 01603",N/A,N/A,scottssidingandremodeling.com,"65J2+Q3 Worcester, Massachusetts",(508) 752-3388
Valley Kitchens,5.0,8,Cabinet store,"51 A1 Holyoke St, Easthampton, MA 01027",N/A,N/A,vkitchens.com,"785Q+VV Easthampton, Massachusetts",(413) 527-1500
Valley Kitchens,5.0,8,Cabinet store,"51 A1 Holyoke St, Easthampton, MA 01027",N/A,N/A,vkitchens.com,"785Q+VV Easthampton, Massachusetts",(413) 527-1500
StG Services,5.0,N/A,Kitchen remodeler,"111 Pleasantdale Rd, Rutland, MA 01543",N/A,N/A,stgservices.com,"924H+63 Rutland, Massachusetts",(774) 364-0779
StG Services,5.0,N/A,Kitchen remodeler,"111 Pleasantdale Rd, Rutland, MA 01543",N/A,N/A,stgservices.com,"924H+63 Rutland, Massachusetts",(774) 364-0779
